Workbook

Sheet HƯỚNG_DẪN
A1: GOMA – DỮ LIỆU GAME THẺ BÀI (v5, bản thô demo: 8 tướng × 3 phẩm chất)
A2: CẢNH BÁO | B2: Mọi số chỉ số, skill, ngân sách trong file là SỐ NHÁP để HỖ TRỢ, chưa cân. Nhiều buff nhỏ gộp lại rất mạnh (ví dụ tank có khiên, hồi, nội tại hồi và khiêu khích gần như bất tử), nên cân bằng thật phải dựa vào chơi thử và chỉnh số.
A3: Trạng thái | B3: Claude đã sinh nháp chỉ số, skill, nội tại cho 8 vai theo khung vai trò. Anh đổi tên, viết gia vị, sửa số rồi gửi lại để làm bản chơi được.
A5: ANH CẦN LÀM
A6: 1. NHÂN_VẬT | B6: Đặt tên thật cho 8 tướng (đang là tên tạm). Vai trò đã gán sẵn: 2 Tank, 2 Vật lý, 1 Phép, 2 Hỗ trợ, 1 Sát thủ. Đổi nếu muốn.
A7: 2. SKILL_MÔ_TẢ | B7: Đặt lại tên skill, viết cột 'Gia vị'. Đổi số ở đây thì phải sửa SKILL_THÀNH_PHẦN cho khớp (game đọc số từ SKILL_THÀNH_PHẦN).
A8: 3. Rà số | B8: Xem CHỈ_SỐ_TRẮNG (cột Kiểm khung), SKILL_THÀNH_PHẦN, KIỂM_NGÂN_SÁCH. Sửa số ở ô vàng.
A9: 4. ẢNH_NHÂN_VẬT | B9: Ghi tên file ảnh khi có.
A10: 5. LUẬT_VÀ_QUYẾT_ĐỊNH | B10: Đọc để biết cái gì đã chốt, tạm, chưa chốt, đang treo. Lọc theo cột Trạng thái.
A12: MÀU Ô
A13: Vàng nhạt, chữ xanh | B13: Ô anh có thể sửa.
A14: Xanh lá nhạt | B14: Công thức tự tính. Gõ đè được nếu muốn chỉnh tay.
A15: Xám đậm | B15: Ô không áp dụng.
A17: CÁC SHEET
A18: LUẬT_VÀ_QUYẾT_ĐỊNH | B18: Toàn bộ luật trận, phạm vi demo, quyết định, vấn đề đang treo. Cùng nội dung với file md thiết kế.
A19: KHUNG_VAI_TRÒ | B19: Chuẩn Trắng, khoảng chỉ số và ngân sách skill của 5 vai trò.
A20: CHỈ_SỐ_TRẮNG / HỆ_SỐ_PHẨM_CHẤT / CHỈ_SỐ_TÍNH | B20: Chỉ số bản Trắng → tự tính Xanh lá, Xanh dương (Tím, Đỏ để sau). Hệ số là SỐ GIẢ.
A21: SKILL_MÔ_TẢ | B21: Tên và mô tả skill, nội tại (phần gia vị).
A22: SKILL_THÀNH_PHẦN | B22: Cơ chế thật: mỗi skill gồm nhiều thành phần (sát thương, khiên, hồi, trạng thái...), có số mục tiêu, độ lớn, xác suất theo phẩm chất.
A23: KIỂM_NGÂN_SÁCH | B23: So điểm sức mạnh skill với khung vai trò.
A24: HIỆU_ỨNG | B24: Trạng thái dùng chung. Khiêu khích và Làm chậm là đề xuất của Claude.
A26: LUẬT ĐÃ CHỐT (tóm tắt)
A27: Nộ | B27: Bắt đầu 50. Đánh trúng +30 cho người đánh. Bị đánh +10 (kể cả bị né, bị skill). Né thì người đánh không +30. Đủ 100 xả skill rồi về 0. Skill không chí mạng, có thể bị né.
A28: Đội hình | B28: 2 hàng × 3 ô, tối đa 5 tướng. Đòn thường: hàng trước trước, random trong hàng. Tối đa 15 lượt.
A29: Phẩm chất demo | B29: Trắng: skill gốc. Xanh lá: tăng chỉ số và độ lớn skill. Xanh dương: thêm nội tại, hiệu ứng phụ xuất hiện. Tím, Đỏ để bản sau.
A31: SỐ GIẢ / GIẢ ĐỊNH CẦN BIẾT
A32: Ngân sách | B32: 1 điểm = 1% máu chuẩn, sát thương, hồi, khiên quy đổi ngang giá. Chưa kiểm bằng mô phỏng.
A33: Số khác ví dụ của anh | B33: Khiên Tank 12% (anh nêu 5%), hồi Hỗ trợ 18-22% (anh nêu 5%): vì ngân sách khung. Muốn dùng số của anh thì sửa ở SKILL_THÀNH_PHẦN.
A34: Xác suất hiệu ứng | B34: 10% / 15% (bước nhảy lớn hơn 5% / 7%) để người chơi cảm nhận được. Sửa nếu anh muốn giữ 5%.

Sheet LUẬT_VÀ_QUYẾT_ĐỊNH
A1: LUẬT VÀ QUYẾT ĐỊNH – cái gì đã chốt, tạm, chưa chốt, đang treo
A2: Đã chốt = anh quyết. Tạm = Claude đề xuất hoặc số tạm. Chưa chốt = chưa bàn xong. Treo = đã nêu phương án, anh chưa chọn.
A4: Nhóm | B4: Mục | C4: Nội dung | D4: Trạng thái | E4: Ghi chú
A5: 1. Dự án và time-box | B5: Mục đích | C5: Game thẻ bài gacha đánh theo lượt, tướng là đồng nghiệp công ty, làm cho vui, khoảng 20 người chơi. Anh coi đây là thử thách và case study. | D5: Đã chốt
A6: 1. Dự án và time-box | B6: Hạn | C6: Bản thô chơi được đến tối 07/10/2026, chỉ khoảng 3-4 giờ làm thật. Anh tự tạo áp lực để xem mình làm được gì. | D6: Đã chốt
A7: 1. Dự án và time-box | B7: Mở rộng | C7: Thêm tối đa 24 giờ nếu bản thô đạt kỳ vọng người chơi. | D7: Đã chốt
A8: 1. Dự án và time-box | B8: Tiêu chí đạt | C8: Trong 24 giờ có ít nhất 8/20 người thử, ít nhất 50% chơi xong trận đầu, ít nhất 3 người chơi lại lần 2. Đạt thì mở thêm 24 giờ, không đạt thì đóng băng và ghi bài học. | D8: Tạm | E8: Mặc định của Claude, anh chưa xác nhận số. Người chơi lại lần 2 là thước thật vì lần đầu bị ảo do tò mò khi thấy mặt mình, sếp trong game.
A9: 1. Dự án và time-box | B9: Thứ tự cắt nếu trễ | C9: Mini-game thứ hai, rồi trùm, rồi giảm số tướng từ 8 xuống 6. Không kéo dài hạn, không cắt giờ ngủ để bù. | D9: Tạm | E9: Đề xuất của Claude.
A10: 1. Dự án và time-box | B10: Dòng 'game vui' | C10: Màn vào game có một dòng nói đây chỉ là game vui, để tránh mích lòng. | D10: Đã chốt
A11: 1. Dự án và time-box | B11: Báo người trong game | C11: Cho những người xuất hiện (nhất là nhân vật sếp) xem trước khi phát cho cả nhóm. | D11: Tạm | E11: Đề xuất của Claude.
A12: 1. Dự án và time-box | B12: Không xếp theo chức vụ | C12: Sếp hay nhân viên đều có đủ 5 phẩm chất, độ mạnh không theo chức vụ. | D12: Đã chốt
A13: 1. Dự án và time-box | B13: Xác suất quay như nhau | C13: Mọi người có cùng xác suất ra, độ hiếm nằm ở phẩm chất. | D13: Tạm | E13: Đề xuất của Claude.
A14: 2. Phạm vi bản demo | B14: Tướng và phẩm chất | C14: 8 tướng × 3 phẩm chất (Trắng, Xanh lá, Xanh dương). Tím và Đỏ để bản sau, vì vào game đã thấy Đỏ thì mất vui. | D14: Đã chốt
A15: 2. Phạm vi bản demo | B15: Vai trò 8 tướng | C15: 2 Tank, 2 Vật lý, 1 Phép, 2 Hỗ trợ, 1 Sát thủ. Tank A là Thủ kho Hiếu. | D15: Tạm | E15: Claude gán, anh đổi được.
A16: 2. Phạm vi bản demo | B16: Nội dung chặng | C16: 1 chặng vài trận, 3 loại quái và 1 trùm. | D16: Tạm | E16: Quái và trùm là ai chưa chốt (gợi ý: chuột, mèo hoang, thảm mốc, trùm Khách khó tính).
A17: 2. Phạm vi bản demo | B17: Mini-game | C17: 2 mini-game đơn giản, 1 mini-game nếu thiếu giờ. Mini-game đầu ở lượt 1. | D17: Tạm
A18: 2. Phạm vi bản demo | B18: Gacha demo | C18: Ra thẳng phẩm chất: Trắng 65%, Xanh lá 27%, Xanh dương 8%. Tặng khoảng 10 lượt quay và 3 tướng Trắng khởi đầu. Quay trùng đổi thành 1 lượt quay. Không có mảnh, bảo hiểm. | D18: Tạm | E18: Số tạm để chạy được.
A19: 2. Phạm vi bản demo | B19: Kỹ thuật | C19: HTML 1 file, lưu tiến trình bằng localStorage. | D19: Tạm
A20: 2. Phạm vi bản demo | B20: Nền tảng | C20: Chơi trên điện thoại (màn dọc) hay máy tính. | D20: Chưa chốt | E20: Quyết định tỷ lệ nền và cách xếp 2 hàng tướng.
A21: 2. Phạm vi bản demo | B21: Không làm ở demo | C21: Cơ chế mảnh nâng cấp, nâng cấp auto, PvP, phẩm chất Tím và Đỏ. | D21: Tạm
A22: 3. Luật trận (PvE) | B22: Số lượt | C22: Tối đa 15 lượt. | D22: Đã chốt
A23: 3. Luật trận (PvE) | B23: Thắng thua | C23: Toàn đội tướng chết thì thua. Hết 15 lượt chưa diệt hết quái cũng thua. | D23: Đã chốt
A24: 3. Luật trận (PvE) | B24: PvP | C24: Để trống. Dự kiến hết lượt thì so tổng máu, hòa thì đội có tướng ra đòn đầu ở lượt 1 thắng. | D24: Chưa chốt | E24: Anh bảo còn xa.
A25: 3. Luật trận (PvE) | B25: Đội hình | C25: 2 hàng × 3 ô = 6 vị trí, tối đa 5 tướng. | D25: Đã chốt
A26: 3. Luật trận (PvE) | B26: Thứ tự ra đòn | C26: Tốc độ cao ra trước, tính lại mỗi lượt (đã cộng buff/debuff), so số lẻ không làm tròn. | D26: Đã chốt
A27: 3. Luật trận (PvE) | B27: Gacha ẩn | C27: Chỉ khi hai đơn vị bằng nhau chính xác mới quay ngẫu nhiên. Mỗi lượt quay lại, người chơi không thấy. | D27: Đã chốt | E27: Nên ghi log kết quả quay để phát lại khi test (đề xuất của Claude).
A28: 3. Luật trận (PvE) | B28: Chọn mục tiêu đòn thường | C28: Hàng trước trước, random trong hàng, hết hàng trước mới tới hàng sau. | D28: Đã chốt
A29: 3. Luật trận (PvE) | B29: Skill nhắm hàng đã hết người | C29: Random 1 đối tượng còn sống khác của đội địch. | D29: Đã chốt
A30: 3. Luật trận (PvE) | B30: Nộ khởi đầu | C30: 50 nộ mỗi trận, cả tướng lẫn quái. | D30: Đã chốt
A31: 3. Luật trận (PvE) | B31: Cộng và dùng nộ | C31: Đánh trúng +30 cho người đánh. Bị đánh +10 (kể cả bị né, bị skill). Đủ 100 thì xả skill, xả xong về 0 (phần dư mất). | D31: Đã chốt
A32: 3. Luật trận (PvE) | B32: Né | C32: Né thành công: người né +10 nộ, người đánh không được +30, không mất máu. | D32: Đã chốt
A33: 3. Luật trận (PvE) | B33: Skill | C33: Không chí mạng, có thể bị né. Skill nhiều mục tiêu: mỗi mục tiêu tự xét né và +10 nộ riêng, người xả về 0 một lần. | D33: Đã chốt
A34: 3. Luật trận (PvE) | B34: Hồi máu | C34: Hồi/lượt là số cố định, hồi ngay sau khi chính đơn vị đó ra đòn xong, đơn vị chết không hồi. Hồi theo %: tính trên máu tối đa của người được hồi. | D34: Đã chốt
A35: 3. Luật trận (PvE) | B35: Khiên | C35: Mỗi lần xả skill tạo 1 khiên (% máu tối đa của người xả). Sát thương trừ khiên trước. Vỡ khi bị đánh vượt giá trị khiên hoặc sau 2 lượt. | D35: Đã chốt | E35: Xả lại khi khiên cũ còn: làm mới, không cộng dồn (mặc định tạm, anh chưa xác nhận).
A36: 3. Luật trận (PvE) | B36: 'Chậm 1 lượt' | C36: Nếu lượt đó chưa ra đòn thì mất đòn. Đã ra đòn rồi thì chỉ chịu hiệu ứng phụ (trừ nộ, giảm tốc). | D36: Đã chốt
A37: 3. Luật trận (PvE) | B37: Cách đếm thời lượng | C37: Hiệu ứng N lượt: lượt hiện tại tính là lượt thứ nhất. Nếu người nhận đã ra đòn rồi thì coi như mất 1 lượt, chưa ra đòn thì được lượt này cộng lượt kế (với hiệu ứng 2 lượt). | D37: Đã chốt | E37: Anh nêu cho Điên tiết. Claude áp dụng chung cho mọi hiệu ứng N lượt (khớp với khiên hết sau 2 lượt), anh sửa nếu khác.
A38: 3. Luật trận (PvE) | B38: 10 chỉ số | C38: Máu, Công, Thủ, Tốc độ, Hồi máu/lượt, Né, Chính xác, Tỷ lệ chí mạng, Sát thương chí mạng, Kháng chí mạng. Né và tỷ lệ chí mạng giữ dưới 10%. | D38: Đã chốt
A39: 3. Luật trận (PvE) | B39: Công thức né, chí mạng | C39: Né hiệu dụng = Né − Chính xác (sàn 0%, trần 60%). Chí mạng hiệu dụng = Tỷ lệ chí mạng − Kháng chí mạng (sàn 0%, trần 75%). Sát thương chí mạng mặc định 150%. | D39: Tạm | E39: Anh đồng ý tạm, sẽ chỉnh khi mất cân bằng.
A40: 3. Luật trận (PvE) | B40: Công thức sát thương | C40: Công × 100 / (100 + Thủ). Skill Trắng gây 200% công lên 1 mục tiêu. | D40: Tạm
A41: 3. Luật trận (PvE) | B41: Khiêu khích | C41: Địch buộc đánh người khiêu khích (đòn thường và skill 1 mục tiêu), 1 lượt. Skill nhiều mục tiêu không bị ảnh hưởng. Nhiều người khiêu khích: địch random giữa họ. Choáng hoặc đóng băng người khiêu khích thì mất tác dụng. | D41: Tạm | E41: Anh đã chốt là có hiệu ứng này; quy tắc chi tiết là đề xuất của Claude.
A42: 4. Main và mini-game | B42: Vai trò main | C42: Main không tham chiến, đứng góc, chỉ cổ vũ và buff. | D42: Đã chốt
A43: 4. Main và mini-game | B43: Nhịp mini-game | C43: Ở lượt 1, 4, 7, 10, 13. Loại mini-game do gacha quyết định, người chơi không chọn. Mỗi game gắn một loại buff/debuff riêng. Kết quả hoàn toàn do tay người chơi. | D43: Đã chốt | E43: Ví dụ: căn lực, trả lời câu hỏi, ghép chữ.
A44: 4. Main và mini-game | B44: 4 mức kết quả | C44: Trượt (không buff, còn bị debuff), đạt, hay, tuyệt vời. Game khó thì buff tuyệt vời mạnh hơn. Buff tồn tại 1-3 lượt. | D44: Đã chốt | E44: Tỷ lệ anh tính lại khi chạy thật.
A45: 4. Main và mini-game | B45: Chuỗi trượt | C45: Trượt liên tiếp thì debuff tăng tầng (ví dụ giảm tốc độ toàn đội 5% rồi 7,5%). Trần 3 tầng, lần trượt thứ 4, 5 giữ tầng 3. Đạt thì về 0. Auto tính chung chuỗi với chơi tay. | D45: Đã chốt
A46: 4. Main và mini-game | B46: Đổi game | C46: Mỗi mini-game được đổi 1 lần. | D46: Đã chốt | E46: Chưa chốt: đổi có tốn gì không, auto có được tự đổi không.
A47: 4. Main và mini-game | B47: Auto | C47: Tỷ lệ luôn thấp hơn chơi tay (trượt nhiều hơn đạt), nâng cấp được để tăng tỷ lệ. | D47: Đã chốt
A48: 4. Main và mini-game | B48: Còn mở | C48: Tỷ lệ 4 mức, bảng mini-game × buff/debuff, debuff tồn tại mấy lượt, chuỗi trượt có giữ qua trận mới không. | D48: Chưa chốt
A49: 5. Phẩm chất và skill | B49: 5 phẩm chất | C49: Trắng, Xanh lá, Xanh dương, Tím, Đỏ. Mỗi người đều có đủ 5, vai trò đi theo người. | D49: Đã chốt
A50: 5. Phẩm chất và skill | B50: Tăng theo bậc | C50: Xanh lá: tăng chỉ số và độ lớn skill. Xanh dương: thêm nội tại. Tím: tăng chỉ số, skill, nội tại. Đỏ: tăng tất cả và đổi skill gốc thành skill hoành tráng, nội tại giữ loại hiệu ứng chỉ tăng độ lớn. | D50: Đã chốt
A51: 5. Phẩm chất và skill | B51: Biểu diễn skill | C51: Mỗi skill gồm nhiều thành phần (sát thương, khiên, hồi, trạng thái...), phẩm chất cao tăng dame và thêm hiệu ứng. Skill là phần gia vị anh đầu tư. | D51: Đã chốt | E51: Sheet SKILL_THÀNH_PHẦN.
A52: 5. Phẩm chất và skill | B52: Phép và Vật lý | C52: Vật lý: 1 mục tiêu, dame lớn. Phép: nhiều mục tiêu, dame nhỏ kèm hiệu ứng nhẹ. Phép từ 2 mục tiêu đến toàn bộ (toàn bộ ở Đỏ). | D52: Đã chốt | E52: Không thêm chỉ số riêng, đây là phong cách skill.
A53: 5. Phẩm chất và skill | B53: Bậc thang mục tiêu của Phép | C53: Demo: Trắng 2, Xanh lá 2, Xanh dương 3 mục tiêu; sát thương mỗi mục tiêu ×1,10 / ×1,2 / ×1,3 (số của anh). | D53: Tạm | E53: Xanh dương tổng 3,9 công (3 × 1,3), cao hơn khoảng 35% so với bậc thang đề xuất (khoảng 2,9). Phép toàn bộ đẩy nhanh nộ hàng sau của địch.
A54: 5. Phẩm chất và skill | B54: Hệ số theo phẩm chất | C54: Máu, Công, Thủ, Hồi máu nhân 1,00 / 1,15 / 1,30 / 1,50 / 1,75. Tốc độ cộng 0 đến 4, các tỷ lệ cộng 0 đến 2 điểm. | D54: Tạm | E54: SỐ GIẢ. Anh từng nghĩ Đỏ có thể gấp rất nhiều lần; sửa ở HỆ_SỐ_PHẨM_CHẤT.
A55: 5. Phẩm chất và skill | B55: Số skill theo anh | C55: Anh tự chỉnh số trong SKILL_MÔ_TẢ: khiên Tank A 10/12/15%, Tank B 7/9/11%, hồi Hỗ trợ A 18/22/22%, Vật lý ×2,0 đến ×2,4, Sát thủ ×1,70/1,8/1,85, Phép ×1,10/1,2/1,3. Game đọc số từ SKILL_THÀNH_PHẦN, phải khớp với SKILL_MÔ_TẢ. | D55: Đã chốt | E55: Thay cho số ngân sách của Claude (khiên 12%, hồi 18-22%) và ví dụ 5%.
A56: 5. Phẩm chất và skill | B56: Xác suất hiệu ứng phụ | C56: Anh dùng 10% cho choáng, đóng băng, làm chậm, Điên tiết (Hít Sâu 20%, trừ nộ của Sát thủ 50%). Hiệu ứng phụ thường mở từ Xanh dương. | D56: Đã chốt | E56: Anh dùng 10% thay vì 5% ví dụ, Claude coi như đã chốt.
A57: 5. Phẩm chất và skill | B57: Chi tiết skill đã xác nhận | C57: Hít Sâu (Phép A): tung xác suất 20% ở cuối lượt, sau khi ra đòn. Chốt Hạ (Sát thủ): hồi 50 nộ chỉ khi SKILL NỘ (Mũi Dao Sau Lưng, 1 mục tiêu) hạ gục địch, đòn thường thì không. Vật lý A (Nhát Cắt Dứt Điểm): ×2,0 / 2,2 / 2,4. | D57: Đã chốt | E57: Anh xác nhận. Vật lý A trước đó gõ nhầm ×2,2 ở Xanh dương.
A58: 5. Phẩm chất và skill | B58: Điểm còn hiểu theo mô tả | C58: Chốt Hạ: +20% sát thương lên mục tiêu máu dưới 30% áp dụng cho cả đòn thường lẫn skill. Phép Xanh dương: đóng băng thay cho làm chậm (làm chậm chỉ ở Xanh lá). | D58: Tạm | E58: Claude hiểu theo mô tả của anh, chưa hỏi lại. Sửa trong SKILL_THÀNH_PHẦN nếu khác.
A59: 6. Khung vai trò | B59: Chuẩn Trắng | C59: Máu 1000, Công 100, Thủ 40, Tốc độ 100, Hồi máu 15. | D59: Đã chốt
A60: 6. Khung vai trò | B60: 5 vai và khoảng chỉ số | C60: Tank, Vật lý, Phép, Hỗ trợ, Sát thủ. Khoảng hệ số từng vai xem sheet KHUNG_VAI_TRÒ. | D60: Đã chốt
A61: 6. Khung vai trò | B61: Cách làm | C61: Cách lai: anh chốt khung vai trò, Claude điền số trong khung, anh sửa. | D61: Đã chốt
A62: 6. Khung vai trò | B62: Ngân sách skill | C62: 100 điểm = ×2,0 công lên 1 mục tiêu = 20% máu chuẩn. Tank 60, Vật lý 100, Phép 110 (tối đa 120 ở 3 mục tiêu), Hỗ trợ 100, Sát thủ 90. | D62: Tạm | E62: Giả định sát thương = hồi = khiên ngang giá, chưa kiểm. Hiệu ứng trạng thái và buff chưa quy được ra điểm.
A63: 7. Hiệu ứng trạng thái | B63: Ví dụ của anh | C63: Choáng (mất đòn, −20 nộ), Đóng băng (mất đòn, −10% tốc độ lượt sau), Điên tiết (+2% mọi chỉ số, thay cho 'nộ'). | D63: Chưa chốt | E63: Anh bảo bàn kỹ sau khi xong mô tả nhân vật.
A64: 7. Hiệu ứng trạng thái | B64: Do Claude thêm | C64: Khiêu khích, Làm chậm (−10% tốc độ, 1 lượt), Ngủ (mất đòn, tỉnh khi bị đánh). | D64: Tạm | E64: Ngủ chưa dùng ở demo.
A65: 7. Hiệu ứng trạng thái | B65: Thước đo quy đổi | C65: Quy theo % máu. Hướng đang nghiêng: quy ra % máu của một đơn vị chuẩn cùng phẩm chất, rồi kiểm lại bằng mô phỏng. | D65: Tạm
A66: 7. Hiệu ứng trạng thái | B66: Còn mở | C66: Điên tiết (kéo dài 2 lượt, xác suất 10% ở skill Tính Tiền Hồi Phục Xanh dương): có cộng dồn không, máu hiện tại có tăng theo máu tối đa không. Thời lượng các hiệu ứng khác. | D66: Chưa chốt
A67: 8. Hình ảnh và chuyển động | B67: Người làm | C67: Anh tự làm hình song song với việc dựng game. Hình và hiệu ứng skill chỉnh sau được. | D67: Đã chốt
A68: 8. Hình ảnh và chuyển động | B68: Pose cần | C68: Chỉ chính diện, 1 bộ pose dùng chung cho cả 3 phẩm chất: đứng, ra skill, bị đánh, gục, cộng 1 ảnh thẻ. Không cần góc nghiêng, góc lưng. | D68: Tạm
A69: 8. Hình ảnh và chuyển động | B69: Quy cách | C69: PNG nền trong suốt 512×512, nhân vật khoảng 80% khung, chân chạm cùng một đường đáy ở mọi pose, không vẽ dính bóng, chữ, sao. Tạo cả dải pose trong một lần. | D69: Tạm | E69: Nếu không có nền trong suốt thì dùng nền phẳng một màu, tách nền bằng code chưa chắc đẹp.
A70: 8. Hình ảnh và chuyển động | B70: Mức khối lượng ảnh | C70: Mức 1 tối thiểu (khoảng 21 ảnh), mức 2 (khoảng 55), mức 3 (khoảng 90). | D70: Chưa chốt | E70: Mặc định mức 1.
A71: 8. Hình ảnh và chuyển động | B71: Chuyển động | C71: Chuyển động bằng code kèm hiệu ứng che chỗ đổi ảnh (lùi lấy đà, lao tới, đổi ảnh lúc va chạm, rung khi bị đánh). Không phải hoạt hình thật. | D71: Tạm | E71: Cắt cứng giữa hai ảnh sẽ trông như robot.
A72: 8. Hình ảnh và chuyển động | B72: Hiệu ứng | C72: Ánh sáng, tia va chạm, số sát thương, sao choáng, Zzz, khiên dựng bằng code. Anh chỉ cần làm khối băng và biểu tượng khiêu khích nếu muốn đẹp hơn. | D72: Tạm
A73: 8. Hình ảnh và chuyển động | B73: Lưu ý chữ trên áo | C73: Nhân vật nữ đã tạo bị ra chữ GAMA thay vì GOMA ở cả 3 pose. | D73: Tạm | E73: Sửa tay hoặc tạo áo trơn rồi ghép logo bằng code.
A74: 9. Vấn đề đang treo | B74: Chồng buff nhỏ thành rất mạnh | C74: Đo thử: Thủ kho Xanh dương bị 5 địch công 100 tập trung đánh (có khiêu khích), có khiên + nội tại hồi 1% mỗi đòn + Hỗ trợ hồi 22% thì sống hết 15 lượt, còn 78% máu. Địch công 140 thì chết ở lượt 15, nhưng thêm buff +20% mọi chỉ số thì còn 74%. | D74: Treo | E74: Nguyên nhân: vòng phản hồi (bị đánh nhiều thì hồi nhiều, nộ nhiều), khiêu khích dồn hết đòn về một người. Mô hình đơn giản (đòn nào cũng trúng, không chí mạng, địch không có choáng hay xuyên giáp).
A75: 9. Vấn đề đang treo | B75: Hướng sửa chồng buff | C75: A: nội tại hồi theo đòn tối đa 2 lần mỗi lượt (còn 51%). B: trần hồi tổng mọi nguồn mỗi lượt (10% thì còn 52%, nhưng kẹp cả hồi skill). C: phản đòn từ địch (debuff giảm hồi, xuyên giáp, trùm). Kèm: buff % chỉ số chỉ áp lên công, tốc độ hoặc tối đa 5%. | D75: Treo | E75: Anh chưa chọn. Claude nghiêng A cộng giới hạn buff, C cho trùm.
A76: 9. Vấn đề đang treo | B76: Cách cân bằng | C76: Các con số trong file chỉ là HỖ TRỢ, chưa cân. Cách 1: script kiểm chồng buff. Cách 2: nâng mô phỏng đọc skill, chạy 5v5. Cách 3: cho người chơi thử, kèm vài núm chỉnh toàn cục (hệ số hồi, sát thương địch, trần hồi, trần buff). | D76: Treo | E76: Anh chưa chọn. Claude nghiêng cách 3 kèm cách 1, cách 2 để dành cho đợt 24 giờ.
A77: 9. Vấn đề đang treo | B77: Gacha đầy đủ | C77: Tỷ lệ từng phẩm chất, mảnh nâng cấp, bảo hiểm, cùng một người ở nhiều phẩm chất có vào chung đội không. | D77: Chưa chốt | E77: Để ngồi tính riêng sau demo.
A78: 2. Phạm vi bản demo | B78: Thêm 2 nhân vật | C78: Anh thêm HCM-PHỤ KHO ANH LÂM (NV09, Tank-Vật lý, hàng trước) và HCM- BÍCH THÍCH CHAN (NV11, Phép-Buff, hàng sau). Tổng 10 tướng. Mã NV10 đã bị xóa. | D78: Đã chốt | E78: Nhiều hơn 8 tướng demo ban đầu: thêm ảnh và nội dung, cần tính lại giờ.
A79: 6. Khung vai trò | B79: Hai vai kết hợp | C79: Tank-Vật lý: máu 1,1-1,3, công 0,8-1,0, thủ 1,1-1,4, tốc độ 0,8-0,95, ngân sách 120. Phép-Buff: máu 0,8-1,0, công 0,75-1,0, thủ 0,8-1,1, tốc độ 1,1-1,2, ngân sách 110. | D79: Đã chốt | E79: Anh xác nhận (khung do Claude đề xuất, sửa ở KHUNG_VAI_TRÒ nếu cần).
A80: 7. Hiệu ứng trạng thái | B80: Ru ngủ | C80: Mất 1 lượt đánh, giảm 5% tốc độ và giảm 5% tấn công của đối thủ (hiệu ứng bất lợi). | D80: Đã chốt | E80: Anh xác nhận: phần giảm 5% kéo dài 1 lượt. Hiệu ứng 'Ngủ' đề xuất cũ giữ lại, chưa dùng ở demo.
A81: 5. Phẩm chất và skill | B81: Skill Anh Lâm (NV09) | C81: Gây ×2,0 / 2,2 / 2,4 công lên 1 địch hàng trước bất kỳ và 1 địch ngay sau (nếu có), Xanh dương thêm 10% choáng. Nội tại: 30% có Điên tiết (2 lượt) sau khi xả skill. | D81: Đã chốt | E81: Anh xác nhận ×2,0 / 2,2 / 2,4 áp cho MỖI mục tiêu (tổng 200 điểm ngân sách, cao hơn khung 120).
A82: 5. Phẩm chất và skill | B82: Skill Bích Thích Chan (NV11) | C82: Gây ×1,0 / 1,2 / 1,5 công lên 2 địch ngẫu nhiên, có 20% / 22% / 25% Ru ngủ mục tiêu trúng. Nội tại (Xanh dương): 20% hồi sinh 1 đồng đội đã gục (còn 20% máu tối đa), chỉ 1 lần mỗi trận. | D82: Đã chốt | E82: Anh xác nhận: 'kill 2 kẻ địch' là gây sát thương; hồi sinh tung ở cuối lượt sau khi ra đòn.
A83: 4. Main và mini-game | B83: Mini-game để đợt sau | C83: Đợt này không có mini-game. Main đứng góc cổ vũ (chỉ là hình), có thể thêm khoảng 10 pose cho main nam và nữ (cổ vũ, khóc, hô hào...). | D83: Đã chốt | E83: Mini-game và buff của main chuyển sang đợt sau.
A84: 2. Phạm vi bản demo | B84: Cốt truyện mở đầu | C84: Người chơi là nhân viên mới, bắt đầu với Thủ kho Hiếu (Trắng) đón tiếp và hướng dẫn. Lần rút đầu 100% ra tướng Trắng khác Hiếu, nên vào game có 2 tướng Trắng. Cần thiết kế intro dẫn truyện. | D84: Đã chốt
A85: 2. Phạm vi bản demo | B85: Bối cảnh | C85: Gacha: cảnh họp và đề xuất nhân viên. Đi cảnh, đánh quái: kho thảm trải sàn (map 1). | D85: Đã chốt
A86: 2. Phạm vi bản demo | B86: Cấu trúc màn | C86: 3 map × 10 màn. Map 1 (1.1-1.10): xử lý kho thảm với chuột, mèo. Map 2 (2.1-2.10): phòng khách bàn hợp tác, gặp khách hàng (khách khó tính, trợ lý nam ác và nữ ác, chó dữ...). Map 3 (3.1-3.10): bàn dự án tại công ty khách (siêu giám đốc khó tính, trợ lý, bảo vệ...). | D86: Đã chốt | E86: Phạm vi làm tối nay chưa chốt (map 1 trước hay cả 3).
A87: 2. Phạm vi bản demo | B87: Trận đầu và thưởng | C87: Trận đầu 2 chuột (Hiếu + 1 tướng, mô phỏng thắng 100% với cả 9 tướng rút ra). Thắng trận thưởng 3 lượt quay (số tạm). | D87: Tạm | E87: Claude đề xuất.
A88: 2. Phạm vi bản demo | B88: Quái và boss (bản nháp) | C88: 12 quái ở sheet QUÁI_BOSS và QUÁI_THÀNH_PHẦN: Q01 Chuột, Q02 Mèo hoang, Q03 Thảm mốc, Q04 Đại ca mèo (boss 1.10), Q05 Khách khó tính (2.5), Q06 Trợ lý nam ác, Q07 Trợ lý nữ ác, Q08 Chó dữ, Q09 Đối tác dự án lớn (boss 2.10), Q10 Bảo vệ, Q11 Siêu đối tác dự án (3.5), Q12 Siêu giám đốc khó tính (boss 3.10). | D88: Tạm | E88: Claude đề xuất, anh xem và sửa. Chưa rõ 'siêu đối tác dự án' và 'siêu giám đốc khó tính' là một hay hai quái.

Sheet KHUNG_VAI_TRÒ
A1: KHUNG VAI TRÒ (đã chốt với anh, số là điểm xuất phát)
A2: Hệ số tính trên 'chuẩn Trắng'. Sửa ô vàng thì CHỈ_SỐ_TRẮNG tự kiểm lại 'Ngoài khung / OK'.
B4: Máu | C4: Công | D4: Thủ | E4: Tốc độ | F4: Hồi máu
A5: Chuẩn Trắng | B5: 1000 | C5: 100 | D5: 40 | E5: 100 | F5: 15
A6: Sức mạnh thô = Máu × (100 + Thủ)/100 × Công, chuẩn = 1,00.
A8: Vai trò | B8: Máu min (×) | C8: Máu max (×) | D8: Công min (×) | E8: Công max (×) | F8: Thủ min (×) | G8: Thủ max (×) | H8: Tốc độ min (×) | I8: Tốc độ max (×) | J8: Kiểu skill | K8: Ngân sách mỗi lần xả (điểm) | L8: Ghi chú
A9: Tank | B9: 1.3 | C9: 1.5 | D9: 0.6 | E9: 0.8 | F9: 1.3 | G9: 1.7 | H9: 0.85 | I9: 0.95 | J9: khiên, hồi, giảm sát thương, khiêu khích | K9: 60 | L9: Xả nhiều hơn hàng sau, mỗi lần nhẹ hơn.
A10: Vật lý | B10: 0.75 | C10: 0.9 | D10: 1.3 | E10: 1.5 | F10: 0.8 | G10: 1 | H10: 0.95 | I10: 1.05 | J10: 1 mục tiêu, dame lớn | K10: 100 | L10: 100 điểm = ×2,0 công lên 1 mục tiêu.
A11: Phép | B11: 0.8 | C11: 0.95 | D11: 1 | E11: 1.15 | F11: 0.8 | G11: 1 | H11: 1 | I11: 1.1 | J11: 2 đến toàn bộ mục tiêu, dame nhỏ + hiệu ứng nhẹ | K11: 110 | L11: Tổng tối đa = 100 + 10 điểm mỗi mục tiêu thêm.
A12: Hỗ trợ | B12: 0.9 | C12: 1.1 | D12: 0.6 | E12: 0.8 | F12: 0.9 | G12: 1.1 | H12: 1.05 | I12: 1.15 | J12: hồi, buff, hồi nộ | K12: 100 | L12: Sức mạnh thô thấp có chủ ý, bù bằng giá trị skill.
A13: Sát thủ | B13: 0.7 | C13: 0.85 | D13: 1.2 | E13: 1.4 | F13: 0.6 | G13: 0.8 | H13: 1.15 | I13: 1.3 | J13: 1 mục tiêu hàng sau hoặc máu thấp | K13: 90 | L13: Tốc độ cao, mong manh.
A14: Tank-Vật lý | B14: 1.1 | C14: 1.3 | D14: 0.8 | E14: 1 | F14: 1.1 | G14: 1.4 | H14: 0.8 | I14: 0.95 | J14: 2 mục tiêu liền nhau (hàng trước + ngay sau), dame vừa + choáng, tự buff Điên tiết | K14: 120 | L14: Lai Tank và Vật lý. Anh đã xác nhận.
A15: Phép-Buff | B15: 0.8 | C15: 1 | D15: 0.75 | E15: 1 | F15: 0.8 | G15: 1.1 | H15: 1.1 | I15: 1.2 | J15: 2 mục tiêu, dame nhỏ + khống chế (Ru ngủ), nội tại hồi sinh | K15: 110 | L15: Lai Phép và khống chế/hỗ trợ. Anh đã xác nhận.
A17: Ngân sách: 1 điểm = 1% máu chuẩn (100 điểm = 20% máu chuẩn = 200 sát thương). Quy đổi sát thương, hồi, khiên ngang giá là GIẢ ĐỊNH, chưa kiểm bằng mô phỏng.
A18: Hiệu ứng trạng thái, buff, hồi nộ chưa quy đổi được ra điểm, KIỂM_NGÂN_SÁCH chỉ đếm số thành phần chưa tính.

Sheet NHÂN_VẬT
A1: NHÂN VẬT – danh sách tướng
A2: 8 dòng đầu đã đặt sẵn vai trò theo khung, tên là TẠM (anh đổi). Tên chỉ gõ ở đây, các sheet khác tự lấy.
A4: Mã NV | B4: Tên nhân vật | C4: Tên hiển thị trong game | D4: Vai trò chiến đấu | E4: Hàng đứng ưu tiên | F4: Tiểu sử ngắn | G4: Câu thoại khi xả skill | H4: Ghi chú
A6: NV01 | B6: HCM-THỦ KHO HIẾU | D6: Tank | E6: Hàng trước | F6: THỦ KHO VÀO LÀM ĐỦ 2 NĂM , GÌ CŨNG BIẾT CHỈ LÀ BIẾT KHÔNG SÂU , LẦM LẦM LÌ LÌ MÀ LẠI HAY QUÊN | G6: HUYNH ĐỆ À - CỨ BÌNH TỈNH ĐI ĐÓ MÀ
A7: NV02 | B7: HN-PHỤ KHO HƯNG | D7: Tank | E7: Hàng trước | F7: THANH NIÊN LÀM LÂU NĂM , SỨC DÀI VAI RỘNG ,19 TUỔI VỚI KHUÔN MẶT CỦA KẺ 30 TUỔI , QUY TẮC VÀNG LÀM 5 LẦN ẮT SẼ SAI ÍT NHẤT 1 LẦN ,SAI LẦN NÀO THÌ CHƯA BIẾT THÔI | G7: CÓ GÌ CỨ ĐÁNH TUI , MÀ NHỚ CHỪA MẶT TUI RA NHA
A8: NV03 | B8: HCM-PHỤ KHO VŨ | D8: Vật lý | E8: Hàng sau | F8: MỚI VÀO LÀM ĐƯỢC VÀI THÁNG ,GÌ CŨNG CHƯA BIẾT , NHIỆT TÌNH NHƯNG HAY NHIỆT TÌNH NHẦM CHỖ ,SAI NHIỀU MÀ ĐÚNG CŨNG NHIỀU | G8: TẤT CẢ TRÁNH RA - ĐỂ TA LO TẤT
A9: NV04 | B9: HCM-SALE THẢO | D9: Vật lý | E9: Hàng sau | F9: SALE LÀM CŨNG HƠN 1 NĂM , CHỐT ĐƠN CŨNG NHIỀU MÀ TẠCH CŨNG QUÁ TRỜI , LÀ SALE ANH CẢ TRONG CHI NHÁNH HCM , HAY CƯỜI HÌ HÌ , LÀM VIỆC RẤT NGUYÊN TẮC . | G9: CHO XIN TÍ HUYẾT VỀ XÀO VỚI GIÁ NHÉ BẠN HIỀN
A10: NV05 | B10: HCM-SALE DƯƠNG | D10: Phép | E10: Hàng sau | F10: SALE LÀM HƠN 1 NĂM , NHIỆT TÌNH ,TƯ VẤN KHÁCH BẤT CHẤP NGÀY GIỜ HAY NẮNG MƯA , CHẬM NHƯNG HAY ĂN CHẮC ,CHỐT TOÀN ĐƠN NGON | G10: CHẾT MÀY NÈ !!!! Ý Ý XIN LỖI
A11: NV06 | B11: HCM-SALE DUYÊN | D11: Hỗ trợ | E11: Hàng sau | F11: LÀ 1 NGƯỜI NĂNG ĐỘNG ,CA HÁT NHÃY MÚA ĐỀU THÔNG THẠO , SỐ HƠI XUI ,ĐƠN CHỐT CHƯA NHIỀU "TOÀN GẶP ÂM BINH " | G11: CỨ ĐÁNH TẸT GA ,TRÀ CHIỀU ĐỂ CHỊ LO TẤT .
A12: NV07 | B12: HCM-KẾ TOÁN THU | D12: Hỗ trợ | E12: Hàng sau | F12: LÀ NHÂN VẬT KHÁ LÂU NĂM TRONG CÔNG TY ,LÀM KẾ TOÁN CHI NHÁNH HCM , AI CŨNG PHẢI QUA TAY CÔ NÀNG , BIẾT ĐIỀU THÌ MỚI XUÔNG ĐƯỢC , À ĐANG GIẢM CÂN ,BỚT DỤ ĐỒ ĂN NHÉ . | G12: ANH EM CỨ CHIẾN , CHỌC ĐIÊN THÌ ĐỂ CHỊ LO.
A13: NV08 | B13: HCM-SALE NHÂN | D13: Sát thủ | E13: Hàng sau | F13: BEST SALE HCM , CHIỀU KHÁCH VÔ ĐỐI NHƯNG CHỐT ĐƠN CŨNG HOÀNH TRÁNG ,ĐƠN TO LÀ ANH CÓ MẶT | G13: ANH BẠN À , HỞ SƯỜN RỒI KÌA HẸ HẸ !
A14: NV09 | B14: HCM-PHỤ KHO ANH LÂM | D14: TANK-VẬT LÝ | E14: Hàng trước | F14: TỔ TRƯỞNG KHO , LÀ 1 NHÂN VẬT LÂU NĂM TẠI KHO HCM , BIẾT NHIỀU THỨ MÀ KHÔNG PHẢI AI CŨNG BIẾT , CHỈ LÀ LỚN TUỔI MẮT YẾU VÀ HAY QUÊN . | G14: TẤT CẢ TRÁNH RA XE NÂNG ĐẾN RỒI ĐÂY
A15: NV11 | B15: HCM- BÍCH THÍCH CHAN | D15: Phép-BUFF | E15: Hàng sau | F15: THANH NIÊN VÀO LÀM VỚI CHỨC VỤ THIẾT KẾ NHƯNG LẠI RẤT THÍCH CỰ VÀ GÂY THÙ CHUỐC OÁNH ( HAY CÒN GỌI LÀ CHAN ) , ĐỪNG CÓ XÍCH MÍT VỚI Ả NHÉ , SỐNG KHÔNG THỌ ĐÂU | G15: TẤT CẢ CHỈ LÀ HIỂU LẦM THÔI , NGỦ ĐI BÉ BÌ À. | H15: THÊM 1 TRẠNG THÁI MỚI LÀ RU NGỦ ( BUFF CHO ĐỐI THỦ DẠNG BẤT LỢI , MẤT 1 LƯỢT ĐÁNH, GIẢM 5% TỐC ĐỘ VÀ GIẢM 5% TẤN CÔNG CỦA ĐỐI THỦ )
A16: NV12
A17: NV13
A18: NV14
A19: NV15
A20: NV16
A21: NV17
A22: NV18
A23: NV19
A24: NV20
A25: NV21
A26: NV22
A27: NV23
... A34: NV30

Sheet CHỈ_SỐ_TRẮNG
A1: CHỈ SỐ GỐC – phẩm chất TRẮNG (Claude sinh nháp theo khung vai trò, anh sửa)
A2: Cột N, O tự tính: sức mạnh thô và kiểm có nằm trong khung vai trò không. Tỷ lệ gõ dạng % (ví dụ 3%).
A4: Mã NV | B4: Tên nhân vật | C4: Vai trò | D4: Máu | E4: Công | F4: Thủ | G4: Tốc độ | H4: Hồi máu / lượt | I4: Né (%) | J4: Chính xác (%) | K4: Tỷ lệ chí mạng (%) | L4: Sát thương chí mạng (%) | M4: Kháng chí mạng (%) | N4: Sức mạnh thô (×chuẩn) | O4: Kiểm khung vai trò
A6: =NHÂN_VẬT!$A$6 -> NV01 | B6: =IF(NHÂN_VẬT!$B$6="","",NHÂN_VẬT!$B$6) -> HCM-THỦ KHO HIẾU | C6: =IF(NHÂN_VẬT!$D$6="","",NHÂN_VẬT!$D$6) -> Tank | D6: 1500 | E6: 65 | F6: 64 | G6: 88 | H6: 24 | I6: 0.02 | J6: 0.02 | K6: 0.03 | L6: 1.5 | M6: 0.06 | N6: =IF(OR(D6="",E6="",F6=""),"",D6*(100+F6)/100*E6/(KHUNG_VAI_TRÒ!$B$5*(100+KHUNG_VAI_TRÒ!$D$5)/100*KHUNG_VAI_TRÒ!$C$5)) -> 1.1421429 | O6: =IF(OR(D6="",E6="",F6="",G6="",C6=""),"",IFERROR(IF(AND(D6/KHUNG_VAI_TRÒ!$B$5>=INDEX(KHUNG_VAI_TRÒ!$B$9:$B$15,MATCH($C6,KHUNG_VAI_TRÒ!$A$9:$A$15,0))-0.0001,D6/KHUNG_VAI_TRÒ!$B$5<=INDEX(KHUNG_VAI_TRÒ!$C$9:$C$15,MATCH($C6,KHUNG_VAI_TRÒ!$A$9:$A$15,0))+0.0001,E6/KHUNG_VAI_TRÒ!$C$5>=INDEX(KHUNG_VAI_TRÒ!$D$9:$D$15,MATCH($C6,KHUNG_VAI_TRÒ!$A$9:$A$15,0))-0.0001,E6/KHUNG_VAI_TRÒ!$C$5<=INDEX(KHUNG_VAI_TRÒ!$E$9:$E$15,MATCH($C6,KHUNG_VAI_TRÒ!$A$9:$A$15,0))+0.0001,F6/KHUNG_VAI_TRÒ!$D$5>=INDEX(KHUNG_VAI_TRÒ!$F$9:$F$15,MATCH($C6,KHUNG_VAI_TRÒ!$A$9:$A$15,0))-0.0001,F6/KHUNG_VAI_TRÒ!$D$5<=INDEX(KHUNG_VAI_TRÒ!$G$9:$G$15,MATCH($C6,KHUNG_VAI_TRÒ!$A$9:$A$15,0))+0.0001,G6/KHUNG_VAI_TRÒ!$E$5>=INDEX(KHUNG_VAI_TRÒ!$H$9:$H$15,MATCH($C6,KHUNG_VAI_TRÒ!$A$9:$A$15,0))-0.0001,G6/KHUNG_VAI_TRÒ!$E$5<=INDEX(KHUNG_VAI_TRÒ!$I$9:$I$15,MATCH($C6,KHUNG_VAI_TRÒ!$A$9:$A$15,0))+0.0001),"OK","Ngoài khung"),"Vai trò?")) -> OK
A7: =NHÂN_VẬT!$A$7 -> NV02 | B7: =IF(NHÂN_VẬT!$B$7="","",NHÂN_VẬT!$B$7) -> HN-PHỤ KHO HƯNG | C7: =IF(NHÂN_VẬT!$D$7="","",NHÂN_VẬT!$D$7) -> Tank | D7: 1350 | E7: 75 | F7: 56 | G7: 92 | H7: 20 | I7: 0.03 | J7: 0.02 | K7: 0.03 | L7: 1.5 | M7: 0.05 | N7: =IF(OR(D7="",E7="",F7=""),"",D7*(100+F7)/100*E7/(KHUNG_VAI_TRÒ!$B$5*(100+KHUNG_VAI_TRÒ!$D$5)/100*KHUNG_VAI_TRÒ!$C$5)) -> 1.1282143 | O7: =IF(OR(D7="",E7="",F7="",G7="",C7=""),"",IFERROR(IF(AND(D7/KHUNG_VAI_TRÒ!$B$5>=INDEX(KHUNG_VAI_TRÒ!$B$9:$B$15,MATCH($C7,KHUNG_VAI_TRÒ!$A$9:$A$15,0))-0.0001,D7/KHUNG_VAI_TRÒ!$B$5<=INDEX(KHUNG_VAI_TRÒ!$C$9:$C$15,MATCH($C7,KHUNG_VAI_TRÒ!$A$9:$A$15,0))+0.0001,E7/KHUNG_VAI_TRÒ!$C$5>=INDEX(KHUNG_VAI_TRÒ!$D$9:$D$15,MATCH($C7,KHUNG_VAI_TRÒ!$A$9:$A$15,0))-0.0001,E7/KHUNG_VAI_TRÒ!$C$5<=INDEX(KHUNG_VAI_TRÒ!$E$9:$E$15,MATCH($C7,KHUNG_VAI_TRÒ!$A$9:$A$15,0))+0.0001,F7/KHUNG_VAI_TRÒ!$D$5>=INDEX(KHUNG_VAI_TRÒ!$F$9:$F$15,MATCH($C7,KHUNG_VAI_TRÒ!$A$9:$A$15,0))-0.0001,F7/KHUNG_VAI_TRÒ!$D$5<=INDEX(KHUNG_VAI_TRÒ!$G$9:$G$15,MATCH($C7,KHUNG_VAI_TRÒ!$A$9:$A$15,0))+0.0001,G7/KHUNG_VAI_TRÒ!$E$5>=INDEX(KHUNG_VAI_TRÒ!$H$9:$H$15,MATCH($C7,KHUNG_VAI_TRÒ!$A$9:$A$15,0))-0.0001,G7/KHUNG_VAI_TRÒ!$E$5<=INDEX(KHUNG_VAI_TRÒ!$I$9:$I$15,MATCH($C7,KHUNG_VAI_TRÒ!$A$9:$A$15,0))+0.0001),"OK","Ngoài khung"),"Vai trò?")) -> OK
A8: =NHÂN_VẬT!$A$8 -> NV03 | B8: =IF(NHÂN_VẬT!$B$8="","",NHÂN_VẬT!$B$8) -> HCM-PHỤ KHO VŨ | C8: =IF(NHÂN_VẬT!$D$8="","",NHÂN_VẬT!$D$8) -> Vật lý | D8: 820 | E8: 140 | F8: 36 | G8: 97 | H8: 10 | I8: 0.03 | J8: 0.04 | K8: 0.06 | L8: 1.6 | M8: 0.01 | N8: =IF(OR(D8="",E8="",F8=""),"",D8*(100+F8)/100*E8/(KHUNG_VAI_TRÒ!$B$5*(100+KHUNG_VAI_TRÒ!$D$5)/100*KHUNG_VAI_TRÒ!$C$5)) -> 1.1152 | O8: =IF(OR(D8="",E8="",F8="",G8="",C8=""),"",IFERROR(IF(AND(D8/KHUNG_VAI_TRÒ!$B$5>=INDEX(KHUNG_VAI_TRÒ!$B$9:$B$15,MATCH($C8,KHUNG_VAI_TRÒ!$A$9:$A$15,0))-0.0001,D8/KHUNG_VAI_TRÒ!$B$5<=INDEX(KHUNG_VAI_TRÒ!$C$9:$C$15,MATCH($C8,KHUNG_VAI_TRÒ!$A$9:$A$15,0))+0.0001,E8/KHUNG_VAI_TRÒ!$C$5>=INDEX(KHUNG_VAI_TRÒ!$D$9:$D$15,MATCH($C8,KHUNG_VAI_TRÒ!$A$9:$A$15,0))-0.0001,E8/KHUNG_VAI_TRÒ!$C$5<=INDEX(KHUNG_VAI_TRÒ!$E$9:$E$15,MATCH($C8,KHUNG_VAI_TRÒ!$A$9:$A$15,0))+0.0001,F8/KHUNG_VAI_TRÒ!$D$5>=INDEX(KHUNG_VAI_TRÒ!$F$9:$F$15,MATCH($C8,KHUNG_VAI_TRÒ!$A$9:$A$15,0))-0.0001,F8/KHUNG_VAI_TRÒ!$D$5<=INDEX(KHUNG_VAI_TRÒ!$G$9:$G$15,MATCH($C8,KHUNG_VAI_TRÒ!$A$9:$A$15,0))+0.0001,G8/KHUNG_VAI_TRÒ!$E$5>=INDEX(KHUNG_VAI_TRÒ!$H$9:$H$15,MATCH($C8,KHUNG_VAI_TRÒ!$A$9:$A$15,0))-0.0001,G8/KHUNG_VAI_TRÒ!$E$5<=INDEX(KHUNG_VAI_TRÒ!$I$9:$I$15,MATCH($C8,KHUNG_VAI_TRÒ!$A$9:$A$15,0))+0.0001),"OK","Ngoài khung"),"Vai trò?")) -> OK
A9: =NHÂN_VẬT!$A$9 -> NV04 | B9: =IF(NHÂN_VẬT!$B$9="","",NHÂN_VẬT!$B$9) -> HCM-SALE THẢO | C9: =IF(NHÂN_VẬT!$D$9="","",NHÂN_VẬT!$D$9) -> Vật lý | D9: 880 | E9: 130 | F9: 34 | G9: 101 | H9: 10 | I9: 0.03 | J9: 0.05 | K9: 0.05 | L9: 1.55 | M9: 0.01 | N9: =IF(OR(D9="",E9="",F9=""),"",D9*(100+F9)/100*E9/(KHUNG_VAI_TRÒ!$B$5*(100+KHUNG_VAI_TRÒ!$D$5)/100*KHUNG_VAI_TRÒ!$C$5)) -> 1.0949714 | O9: =IF(OR(D9="",E9="",F9="",G9="",C9=""),"",IFERROR(IF(AND(D9/KHUNG_VAI_TRÒ!$B$5>=INDEX(KHUNG_VAI_TRÒ!$B$9:$B$15,MATCH($C9,KHUNG_VAI_TRÒ!$A$9:$A$15,0))-0.0001,D9/KHUNG_VAI_TRÒ!$B$5<=INDEX(KHUNG_VAI_TRÒ!$C$9:$C$15,MATCH($C9,KHUNG_VAI_TRÒ!$A$9:$A$15,0))+0.0001,E9/KHUNG_VAI_TRÒ!$C$5>=INDEX(KHUNG_VAI_TRÒ!$D$9:$D$15,MATCH($C9,KHUNG_VAI_TRÒ!$A$9:$A$15,0))-0.0001,E9/KHUNG_VAI_TRÒ!$C$5<=INDEX(KHUNG_VAI_TRÒ!$E$9:$E$15,MATCH($C9,KHUNG_VAI_TRÒ!$A$9:$A$15,0))+0.0001,F9/KHUNG_VAI_TRÒ!$D$5>=INDEX(KHUNG_VAI_TRÒ!$F$9:$F$15,MATCH($C9,KHUNG_VAI_TRÒ!$A$9:$A$15,0))-0.0001,F9/KHUNG_VAI_TRÒ!$D$5<=INDEX(KHUNG_VAI_TRÒ!$G$9:$G$15,MATCH($C9,KHUNG_VAI_TRÒ!$A$9:$A$15,0))+0.0001,G9/KHUNG_VAI_TRÒ!$E$5>=INDEX(KHUNG_VAI_TRÒ!$H$9:$H$15,MATCH($C9,KHUNG_VAI_TRÒ!$A$9:$A$15,0))-0.0001,G9/KHUNG_VAI_TRÒ!$E$5<=INDEX(KHUNG_VAI_TRÒ!$I$9:$I$15,MATCH($C9,KHUNG_VAI_TRÒ!$A$9:$A$15,0))+0.0001),"OK","Ngoài khung"),"Vai trò?")) -> OK
A10: =NHÂN_VẬT!$A$10 -> NV05 | B10: =IF(NHÂN_VẬT!$B$10="","",NHÂN_VẬT!$B$10) -> HCM-SALE DƯƠNG | C10: =IF(NHÂN_VẬT!$D$10="","",NHÂN_VẬT!$D$10) -> Phép | D10: 880 | E10: 108 | F10: 36 | G10: 105 | H10: 12 | I10: 0.04 | J10: 0.04 | K10: 0.04 | L10: 1.5 | M10: 0.02 | N10: =IF(OR(D10="",E10="",F10=""),"",D10*(100+F10)/100*E10/(KHUNG_VAI_TRÒ!$B$5*(100+KHUNG_VAI_TRÒ!$D$5)/100*KHUNG_VAI_TRÒ!$C$5)) -> 0.92324571 | O10: =IF(OR(D10="",E10="",F10="",G10="",C10=""),"",IFERROR(IF(AND(D10/KHUNG_VAI_TRÒ!$B$5>=INDEX(KHUNG_VAI_TRÒ!$B$9:$B$15,MATCH($C10,KHUNG_VAI_TRÒ!$A$9:$A$15,0))-0.0001,D10/KHUNG_VAI_TRÒ!$B$5<=INDEX(KHUNG_VAI_TRÒ!$C$9:$C$15,MATCH($C10,KHUNG_VAI_TRÒ!$A$9:$A$15,0))+0.0001,E10/KHUNG_VAI_TRÒ!$C$5>=INDEX(KHUNG_VAI_TRÒ!$D$9:$D$15,MATCH($C10,KHUNG_VAI_TRÒ!$A$9:$A$15,0))-0.0001,E10/KHUNG_VAI_TRÒ!$C$5<=INDEX(KHUNG_VAI_TRÒ!$E$9:$E$15,MATCH($C10,KHUNG_VAI_TRÒ!$A$9:$A$15,0))+0.0001,F10/KHUNG_VAI_TRÒ!$D$5>=INDEX(KHUNG_VAI_TRÒ!$F$9:$F$15,MATCH($C10,KHUNG_VAI_TRÒ!$A$9:$A$15,0))-0.0001,F10/KHUNG_VAI_TRÒ!$D$5<=INDEX(KHUNG_VAI_TRÒ!$G$9:$G$15,MATCH($C10,KHUNG_VAI_TRÒ!$A$9:$A$15,0))+0.0001,G10/KHUNG_VAI_TRÒ!$E$5>=INDEX(KHUNG_VAI_TRÒ!$H$9:$H$15,MATCH($C10,KHUNG_VAI_TRÒ!$A$9:$A$15,0))-0.0001,G10/KHUNG_VAI_TRÒ!$E$5<=INDEX(KHUNG_VAI_TRÒ!$I$9:$I$15,MATCH($C10,KHUNG_VAI_TRÒ!$A$9:$A$15,0))+0.0001),"OK","Ngoài khung"),"Vai trò?")) -> OK
A11: =NHÂN_VẬT!$A$11 -> NV06 | B11: =IF(NHÂN_VẬT!$B$11="","",NHÂN_VẬT!$B$11) -> HCM-SALE DUYÊN | C11: =IF(NHÂN_VẬT!$D$11="","",NHÂN_VẬT!$D$11) -> Hỗ trợ | D11: 1000 | E11: 70 | F11: 40 | G11: 109 | H11: 18 | I11: 0.04 | J11: 0.03 | K11: 0.03 | L11: 1.5 | M11: 0.03 | N11: =IF(OR(D11="",E11="",F11=""),"",D11*(100+F11)/100*E11/(KHUNG_VAI_TRÒ!$B$5*(100+KHUNG_VAI_TRÒ!$D$5)/100*KHUNG_VAI_TRÒ!$C$5)) -> 0.7 | O11: =IF(OR(D11="",E11="",F11="",G11="",C11=""),"",IFERROR(IF(AND(D11/KHUNG_VAI_TRÒ!$B$5>=INDEX(KHUNG_VAI_TRÒ!$B$9:$B$15,MATCH($C11,KHUNG_VAI_TRÒ!$A$9:$A$15,0))-0.0001,D11/KHUNG_VAI_TRÒ!$B$5<=INDEX(KHUNG_VAI_TRÒ!$C$9:$C$15,MATCH($C11,KHUNG_VAI_TRÒ!$A$9:$A$15,0))+0.0001,E11/KHUNG_VAI_TRÒ!$C$5>=INDEX(KHUNG_VAI_TRÒ!$D$9:$D$15,MATCH($C11,KHUNG_VAI_TRÒ!$A$9:$A$15,0))-0.0001,E11/KHUNG_VAI_TRÒ!$C$5<=INDEX(KHUNG_VAI_TRÒ!$E$9:$E$15,MATCH($C11,KHUNG_VAI_TRÒ!$A$9:$A$15,0))+0.0001,F11/KHUNG_VAI_TRÒ!$D$5>=INDEX(KHUNG_VAI_TRÒ!$F$9:$F$15,MATCH($C11,KHUNG_VAI_TRÒ!$A$9:$A$15,0))-0.0001,F11/KHUNG_VAI_TRÒ!$D$5<=INDEX(KHUNG_VAI_TRÒ!$G$9:$G$15,MATCH($C11,KHUNG_VAI_TRÒ!$A$9:$A$15,0))+0.0001,G11/KHUNG_VAI_TRÒ!$E$5>=INDEX(KHUNG_VAI_TRÒ!$H$9:$H$15,MATCH($C11,KHUNG_VAI_TRÒ!$A$9:$A$15,0))-0.0001,G11/KHUNG_VAI_TRÒ!$E$5<=INDEX(KHUNG_VAI_TRÒ!$I$9:$I$15,MATCH($C11,KHUNG_VAI_TRÒ!$A$9:$A$15,0))+0.0001),"OK","Ngoài khung"),"Vai trò?")) -> OK
A12: =NHÂN_VẬT!$A$12 -> NV07 | B12: =IF(NHÂN_VẬT!$B$12="","",NHÂN_VẬT!$B$12) -> HCM-KẾ TOÁN THU | C12: =IF(NHÂN_VẬT!$D$12="","",NHÂN_VẬT!$D$12) -> Hỗ trợ | D12: 950 | E12: 75 | F12: 44 | G12: 113 | H12: 16 | I12: 0.04 | J12: 0.03 | K12: 0.03 | L12: 1.5 | M12: 0.03 | N12: =IF(OR(D12="",E12="",F12=""),"",D12*(100+F12)/100*E12/(KHUNG_VAI_TRÒ!$B$5*(100+KHUNG_VAI_TRÒ!$D$5)/100*KHUNG_VAI_TRÒ!$C$5)) -> 0.73285714 | O12: =IF(OR(D12="",E12="",F12="",G12="",C12=""),"",IFERROR(IF(AND(D12/KHUNG_VAI_TRÒ!$B$5>=INDEX(KHUNG_VAI_TRÒ!$B$9:$B$15,MATCH($C12,KHUNG_VAI_TRÒ!$A$9:$A$15,0))-0.0001,D12/KHUNG_VAI_TRÒ!$B$5<=INDEX(KHUNG_VAI_TRÒ!$C$9:$C$15,MATCH($C12,KHUNG_VAI_TRÒ!$A$9:$A$15,0))+0.0001,E12/KHUNG_VAI_TRÒ!$C$5>=INDEX(KHUNG_VAI_TRÒ!$D$9:$D$15,MATCH($C12,KHUNG_VAI_TRÒ!$A$9:$A$15,0))-0.0001,E12/KHUNG_VAI_TRÒ!$C$5<=INDEX(KHUNG_VAI_TRÒ!$E$9:$E$15,MATCH($C12,KHUNG_VAI_TRÒ!$A$9:$A$15,0))+0.0001,F12/KHUNG_VAI_TRÒ!$D$5>=INDEX(KHUNG_VAI_TRÒ!$F$9:$F$15,MATCH($C12,KHUNG_VAI_TRÒ!$A$9:$A$15,0))-0.0001,F12/KHUNG_VAI_TRÒ!$D$5<=INDEX(KHUNG_VAI_TRÒ!$G$9:$G$15,MATCH($C12,KHUNG_VAI_TRÒ!$A$9:$A$15,0))+0.0001,G12/KHUNG_VAI_TRÒ!$E$5>=INDEX(KHUNG_VAI_TRÒ!$H$9:$H$15,MATCH($C12,KHUNG_VAI_TRÒ!$A$9:$A$15,0))-0.0001,G12/KHUNG_VAI_TRÒ!$E$5<=INDEX(KHUNG_VAI_TRÒ!$I$9:$I$15,MATCH($C12,KHUNG_VAI_TRÒ!$A$9:$A$15,0))+0.0001),"OK","Ngoài khung"),"Vai trò?")) -> OK
A13: =NHÂN_VẬT!$A$13 -> NV08 | B13: =IF(NHÂN_VẬT!$B$13="","",NHÂN_VẬT!$B$13) -> HCM-SALE NHÂN | C13: =IF(NHÂN_VẬT!$D$13="","",NHÂN_VẬT!$D$13) -> Sát thủ | D13: 760 | E13: 130 | F13: 28 | G13: 121 | H13: 8 | I13: 0.06 | J13: 0.06 | K13: 0.08 | L13: 1.65 | M13: 0 | N13: =IF(OR(D13="",E13="",F13=""),"",D13*(100+F13)/100*E13/(KHUNG_VAI_TRÒ!$B$5*(100+KHUNG_VAI_TRÒ!$D$5)/100*KHUNG_VAI_TRÒ!$C$5)) -> 0.90331429 | O13: =IF(OR(D13="",E13="",F13="",G13="",C13=""),"",IFERROR(IF(AND(D13/KHUNG_VAI_TRÒ!$B$5>=INDEX(KHUNG_VAI_TRÒ!$B$9:$B$15,MATCH($C13,KHUNG_VAI_TRÒ!$A$9:$A$15,0))-0.0001,D13/KHUNG_VAI_TRÒ!$B$5<=INDEX(KHUNG_VAI_TRÒ!$C$9:$C$15,MATCH($C13,KHUNG_VAI_TRÒ!$A$9:$A$15,0))+0.0001,E13/KHUNG_VAI_TRÒ!$C$5>=INDEX(KHUNG_VAI_TRÒ!$D$9:$D$15,MATCH($C13,KHUNG_VAI_TRÒ!$A$9:$A$15,0))-0.0001,E13/KHUNG_VAI_TRÒ!$C$5<=INDEX(KHUNG_VAI_TRÒ!$E$9:$E$15,MATCH($C13,KHUNG_VAI_TRÒ!$A$9:$A$15,0))+0.0001,F13/KHUNG_VAI_TRÒ!$D$5>=INDEX(KHUNG_VAI_TRÒ!$F$9:$F$15,MATCH($C13,KHUNG_VAI_TRÒ!$A$9:$A$15,0))-0.0001,F13/KHUNG_VAI_TRÒ!$D$5<=INDEX(KHUNG_VAI_TRÒ!$G$9:$G$15,MATCH($C13,KHUNG_VAI_TRÒ!$A$9:$A$15,0))+0.0001,G13/KHUNG_VAI_TRÒ!$E$5>=INDEX(KHUNG_VAI_TRÒ!$H$9:$H$15,MATCH($C13,KHUNG_VAI_TRÒ!$A$9:$A$15,0))-0.0001,G13/KHUNG_VAI_TRÒ!$E$5<=INDEX(KHUNG_VAI_TRÒ!$I$9:$I$15,MATCH($C13,KHUNG_VAI_TRÒ!$A$9:$A$15,0))+0.0001),"OK","Ngoài khung"),"Vai trò?")) -> OK
A14: =NHÂN_VẬT!$A$14 -> NV09 | B14: =IF(NHÂN_VẬT!$B$14="","",NHÂN_VẬT!$B$14) -> HCM-PHỤ KHO ANH LÂM | C14: =IF(NHÂN_VẬT!$D$14="","",NHÂN_VẬT!$D$14) -> TANK-VẬT LÝ | D14: 1200 | E14: 90 | F14: 50 | G14: 85 | H14: 20 | I14: 0.03 | J14: 0.03 | K14: 0.04 | L14: 1.5 | M14: 0.04 | N14: =IF(OR(D14="",E14="",F14=""),"",D14*(100+F14)/100*E14/(KHUNG_VAI_TRÒ!$B$5*(100+KHUNG_VAI_TRÒ!$D$5)/100*KHUNG_VAI_TRÒ!$C$5)) -> 1.1571429 | O14: =IF(OR(D14="",E14="",F14="",G14="",C14=""),"",IFERROR(IF(AND(D14/KHUNG_VAI_TRÒ!$B$5>=INDEX(KHUNG_VAI_TRÒ!$B$9:$B$15,MATCH($C14,KHUNG_VAI_TRÒ!$A$9:$A$15,0))-0.0001,D14/KHUNG_VAI_TRÒ!$B$5<=INDEX(KHUNG_VAI_TRÒ!$C$9:$C$15,MATCH($C14,KHUNG_VAI_TRÒ!$A$9:$A$15,0))+0.0001,E14/KHUNG_VAI_TRÒ!$C$5>=INDEX(KHUNG_VAI_TRÒ!$D$9:$D$15,MATCH($C14,KHUNG_VAI_TRÒ!$A$9:$A$15,0))-0.0001,E14/KHUNG_VAI_TRÒ!$C$5<=INDEX(KHUNG_VAI_TRÒ!$E$9:$E$15,MATCH($C14,KHUNG_VAI_TRÒ!$A$9:$A$15,0))+0.0001,F14/KHUNG_VAI_TRÒ!$D$5>=INDEX(KHUNG_VAI_TRÒ!$F$9:$F$15,MATCH($C14,KHUNG_VAI_TRÒ!$A$9:$A$15,0))-0.0001,F14/KHUNG_VAI_TRÒ!$D$5<=INDEX(KHUNG_VAI_TRÒ!$G$9:$G$15,MATCH($C14,KHUNG_VAI_TRÒ!$A$9:$A$15,0))+0.0001,G14/KHUNG_VAI_TRÒ!$E$5>=INDEX(KHUNG_VAI_TRÒ!$H$9:$H$15,MATCH($C14,KHUNG_VAI_TRÒ!$A$9:$A$15,0))-0.0001,G14/KHUNG_VAI_TRÒ!$E$5<=INDEX(KHUNG_VAI_TRÒ!$I$9:$I$15,MATCH($C14,KHUNG_VAI_TRÒ!$A$9:$A$15,0))+0.0001),"OK","Ngoài khung"),"Vai trò?")) -> OK
A15: =NHÂN_VẬT!$A$15 -> NV11 | B15: =IF(NHÂN_VẬT!$B$15="","",NHÂN_VẬT!$B$15) -> HCM- BÍCH THÍCH CHAN | C15: =IF(NHÂN_VẬT!$D$15="","",NHÂN_VẬT!$D$15) -> Phép-BUFF | D15: 900 | E15: 85 | F15: 38 | G15: 117 | H15: 14 | I15: 0.04 | J15: 0.04 | K15: 0.04 | L15: 1.5 | M15: 0.02 | N15: =IF(OR(D15="",E15="",F15=""),"",D15*(100+F15)/100*E15/(KHUNG_VAI_TRÒ!$B$5*(100+KHUNG_VAI_TRÒ!$D$5)/100*KHUNG_VAI_TRÒ!$C$5)) -> 0.75407143 | O15: =IF(OR(D15="",E15="",F15="",G15="",C15=""),"",IFERROR(IF(AND(D15/KHUNG_VAI_TRÒ!$B$5>=INDEX(KHUNG_VAI_TRÒ!$B$9:$B$15,MATCH($C15,KHUNG_VAI_TRÒ!$A$9:$A$15,0))-0.0001,D15/KHUNG_VAI_TRÒ!$B$5<=INDEX(KHUNG_VAI_TRÒ!$C$9:$C$15,MATCH($C15,KHUNG_VAI_TRÒ!$A$9:$A$15,0))+0.0001,E15/KHUNG_VAI_TRÒ!$C$5>=INDEX(KHUNG_VAI_TRÒ!$D$9:$D$15,MATCH($C15,KHUNG_VAI_TRÒ!$A$9:$A$15,0))-0.0001,E15/KHUNG_VAI_TRÒ!$C$5<=INDEX(KHUNG_VAI_TRÒ!$E$9:$E$15,MATCH($C15,KHUNG_VAI_TRÒ!$A$9:$A$15,0))+0.0001,F15/KHUNG_VAI_TRÒ!$D$5>=INDEX(KHUNG_VAI_TRÒ!$F$9:$F$15,MATCH($C15,KHUNG_VAI_TRÒ!$A$9:$A$15,0))-0.0001,F15/KHUNG_VAI_TRÒ!$D$5<=INDEX(KHUNG_VAI_TRÒ!$G$9:$G$15,MATCH($C15,KHUNG_VAI_TRÒ!$A$9:$A$15,0))+0.0001,G15/KHUNG_VAI_TRÒ!$E$5>=INDEX(KHUNG_VAI_TRÒ!$H$9:$H$15,MATCH($C15,KHUNG_VAI_TRÒ!$A$9:$A$15,0))-0.0001,G15/KHUNG_VAI_TRÒ!$E$5<=INDEX(KHUNG_VAI_TRÒ!$I$9:$I$15,MATCH($C15,KHUNG_VAI_TRÒ!$A$9:$A$15,0))+0.0001),"OK","Ngoài khung"),"Vai trò?")) -> OK
A16: =NHÂN_VẬT!$A$16 -> NV12 | B16: =IF(NHÂN_VẬT!$B$16="","",NHÂN_VẬT!$B$16) | C16: =IF(NHÂN_VẬT!$D$16="","",NHÂN_VẬT!$D$16) | N16: =IF(OR(D16="",E16="",F16=""),"",D16*(100+F16)/100*E16/(KHUNG_VAI_TRÒ!$B$5*(100+KHUNG_VAI_TRÒ!$D$5)/100*KHUNG_VAI_TRÒ!$C$5)) | O16: =IF(OR(D16="",E16="",F16="",G16="",C16=""),"",IFERROR(IF(AND(D16/KHUNG_VAI_TRÒ!$B$5>=INDEX(KHUNG_VAI_TRÒ!$B$9:$B$15,MATCH($C16,KHUNG_VAI_TRÒ!$A$9:$A$15,0))-0.0001,D16/KHUNG_VAI_TRÒ!$B$5<=INDEX(KHUNG_VAI_TRÒ!$C$9:$C$15,MATCH($C16,KHUNG_VAI_TRÒ!$A$9:$A$15,0))+0.0001,E16/KHUNG_VAI_TRÒ!$C$5>=INDEX(KHUNG_VAI_TRÒ!$D$9:$D$15,MATCH($C16,KHUNG_VAI_TRÒ!$A$9:$A$15,0))-0.0001,E16/KHUNG_VAI_TRÒ!$C$5<=INDEX(KHUNG_VAI_TRÒ!$E$9:$E$15,MATCH($C16,KHUNG_VAI_TRÒ!$A$9:$A$15,0))+0.0001,F16/KHUNG_VAI_TRÒ!$D$5>=INDEX(KHUNG_VAI_TRÒ!$F$9:$F$15,MATCH($C16,KHUNG_VAI_TRÒ!$A$9:$A$15,0))-0.0001,F16/KHUNG_VAI_TRÒ!$D$5<=INDEX(KHUNG_VAI_TRÒ!$G$9:$G$15,MATCH($C16,KHUNG_VAI_TRÒ!$A$9:$A$15,0))+0.0001,G16/KHUNG_VAI_TRÒ!$E$5>=INDEX(KHUNG_VAI_TRÒ!$H$9:$H$15,MATCH($C16,KHUNG_VAI_TRÒ!$A$9:$A$15,0))-0.0001,G16/KHUNG_VAI_TRÒ!$E$5<=INDEX(KHUNG_VAI_TRÒ!$I$9:$I$15,MATCH($C16,KHUNG_VAI_TRÒ!$A$9:$A$15,0))+0.0001),"OK","Ngoài khung"),"Vai trò?"))
A17: =NHÂN_VẬT!$A$17 -> NV13 | B17: =IF(NHÂN_VẬT!$B$17="","",NHÂN_VẬT!$B$17) | C17: =IF(NHÂN_VẬT!$D$17="","",NHÂN_VẬT!$D$17) | N17: =IF(OR(D17="",E17="",F17=""),"",D17*(100+F17)/100*E17/(KHUNG_VAI_TRÒ!$B$5*(100+KHUNG_VAI_TRÒ!$D$5)/100*KHUNG_VAI_TRÒ!$C$5)) | O17: =IF(OR(D17="",E17="",F17="",G17="",C17=""),"",IFERROR(IF(AND(D17/KHUNG_VAI_TRÒ!$B$5>=INDEX(KHUNG_VAI_TRÒ!$B$9:$B$15,MATCH($C17,KHUNG_VAI_TRÒ!$A$9:$A$15,0))-0.0001,D17/KHUNG_VAI_TRÒ!$B$5<=INDEX(KHUNG_VAI_TRÒ!$C$9:$C$15,MATCH($C17,KHUNG_VAI_TRÒ!$A$9:$A$15,0))+0.0001,E17/KHUNG_VAI_TRÒ!$C$5>=INDEX(KHUNG_VAI_TRÒ!$D$9:$D$15,MATCH($C17,KHUNG_VAI_TRÒ!$A$9:$A$15,0))-0.0001,E17/KHUNG_VAI_TRÒ!$C$5<=INDEX(KHUNG_VAI_TRÒ!$E$9:$E$15,MATCH($C17,KHUNG_VAI_TRÒ!$A$9:$A$15,0))+0.0001,F17/KHUNG_VAI_TRÒ!$D$5>=INDEX(KHUNG_VAI_TRÒ!$F$9:$F$15,MATCH($C17,KHUNG_VAI_TRÒ!$A$9:$A$15,0))-0.0001,F17/KHUNG_VAI_TRÒ!$D$5<=INDEX(KHUNG_VAI_TRÒ!$G$9:$G$15,MATCH($C17,KHUNG_VAI_TRÒ!$A$9:$A$15,0))+0.0001,G17/KHUNG_VAI_TRÒ!$E$5>=INDEX(KHUNG_VAI_TRÒ!$H$9:$H$15,MATCH($C17,KHUNG_VAI_TRÒ!$A$9:$A$15,0))-0.0001,G17/KHUNG_VAI_TRÒ!$E$5<=INDEX(KHUNG_VAI_TRÒ!$I$9:$I$15,MATCH($C17,KHUNG_VAI_TRÒ!$A$9:$A$15,0))+0.0001),"OK","Ngoài khung"),"Vai trò?"))
A18: =NHÂN_VẬT!$A$18 -> NV14 | B18: =IF(NHÂN_VẬT!$B$18="","",NHÂN_VẬT!$B$18) | C18: =IF(NHÂN_VẬT!$D$18="","",NHÂN_VẬT!$D$18) | N18: =IF(OR(D18="",E18="",F18=""),"",D18*(100+F18)/100*E18/(KHUNG_VAI_TRÒ!$B$5*(100+KHUNG_VAI_TRÒ!$D$5)/100*KHUNG_VAI_TRÒ!$C$5)) | O18: =IF(OR(D18="",E18="",F18="",G18="",C18=""),"",IFERROR(IF(AND(D18/KHUNG_VAI_TRÒ!$B$5>=INDEX(KHUNG_VAI_TRÒ!$B$9:$B$15,MATCH($C18,KHUNG_VAI_TRÒ!$A$9:$A$15,0))-0.0001,D18/KHUNG_VAI_TRÒ!$B$5<=INDEX(KHUNG_VAI_TRÒ!$C$9:$C$15,MATCH($C18,KHUNG_VAI_TRÒ!$A$9:$A$15,0))+0.0001,E18/KHUNG_VAI_TRÒ!$C$5>=INDEX(KHUNG_VAI_TRÒ!$D$9:$D$15,MATCH($C18,KHUNG_VAI_TRÒ!$A$9:$A$15,0))-0.0001,E18/KHUNG_VAI_TRÒ!$C$5<=INDEX(KHUNG_VAI_TRÒ!$E$9:$E$15,MATCH($C18,KHUNG_VAI_TRÒ!$A$9:$A$15,0))+0.0001,F18/KHUNG_VAI_TRÒ!$D$5>=INDEX(KHUNG_VAI_TRÒ!$F$9:$F$15,MATCH($C18,KHUNG_VAI_TRÒ!$A$9:$A$15,0))-0.0001,F18/KHUNG_VAI_TRÒ!$D$5<=INDEX(KHUNG_VAI_TRÒ!$G$9:$G$15,MATCH($C18,KHUNG_VAI_TRÒ!$A$9:$A$15,0))+0.0001,G18/KHUNG_VAI_TRÒ!$E$5>=INDEX(KHUNG_VAI_TRÒ!$H$9:$H$15,MATCH($C18,KHUNG_VAI_TRÒ!$A$9:$A$15,0))-0.0001,G18/KHUNG_VAI_TRÒ!$E$5<=INDEX(KHUNG_VAI_TRÒ!$I$9:$I$15,MATCH($C18,KHUNG_VAI_TRÒ!$A$9:$A$15,0))+0.0001),"OK","Ngoài khung"),"Vai trò?"))
A19: =NHÂN_VẬT!$A$19 -> NV15 | B19: =IF(NHÂN_VẬT!$B$19="","",NHÂN_VẬT!$B$19) | C19: =IF(NHÂN_VẬT!$D$19="","",NHÂN_VẬT!$D$19) | N19: =IF(OR(D19="",E19="",F19=""),"",D19*(100+F19)/100*E19/(KHUNG_VAI_TRÒ!$B$5*(100+KHUNG_VAI_TRÒ!$D$5)/100*KHUNG_VAI_TRÒ!$C$5)) | O19: =IF(OR(D19="",E19="",F19="",G19="",C19=""),"",IFERROR(IF(AND(D19/KHUNG_VAI_TRÒ!$B$5>=INDEX(KHUNG_VAI_TRÒ!$B$9:$B$15,MATCH($C19,KHUNG_VAI_TRÒ!$A$9:$A$15,0))-0.0001,D19/KHUNG_VAI_TRÒ!$B$5<=INDEX(KHUNG_VAI_TRÒ!$C$9:$C$15,MATCH($C19,KHUNG_VAI_TRÒ!$A$9:$A$15,0))+0.0001,E19/KHUNG_VAI_TRÒ!$C$5>=INDEX(KHUNG_VAI_TRÒ!$D$9:$D$15,MATCH($C19,KHUNG_VAI_TRÒ!$A$9:$A$15,0))-0.0001,E19/KHUNG_VAI_TRÒ!$C$5<=INDEX(KHUNG_VAI_TRÒ!$E$9:$E$15,MATCH($C19,KHUNG_VAI_TRÒ!$A$9:$A$15,0))+0.0001,F19/KHUNG_VAI_TRÒ!$D$5>=INDEX(KHUNG_VAI_TRÒ!$F$9:$F$15,MATCH($C19,KHUNG_VAI_TRÒ!$A$9:$A$15,0))-0.0001,F19/KHUNG_VAI_TRÒ!$D$5<=INDEX(KHUNG_VAI_TRÒ!$G$9:$G$15,MATCH($C19,KHUNG_VAI_TRÒ!$A$9:$A$15,0))+0.0001,G19/KHUNG_VAI_TRÒ!$E$5>=INDEX(KHUNG_VAI_TRÒ!$H$9:$H$15,MATCH($C19,KHUNG_VAI_TRÒ!$A$9:$A$15,0))-0.0001,G19/KHUNG_VAI_TRÒ!$E$5<=INDEX(KHUNG_VAI_TRÒ!$I$9:$I$15,MATCH($C19,KHUNG_VAI_TRÒ!$A$9:$A$15,0))+0.0001),"OK","Ngoài khung"),"Vai trò?"))
A20: =NHÂN_VẬT!$A$20 -> NV16 | B20: =IF(NHÂN_VẬT!$B$20="","",NHÂN_VẬT!$B$20) | C20: =IF(NHÂN_VẬT!$D$20="","",NHÂN_VẬT!$D$20) | N20: =IF(OR(D20="",E20="",F20=""),"",D20*(100+F20)/100*E20/(KHUNG_VAI_TRÒ!$B$5*(100+KHUNG_VAI_TRÒ!$D$5)/100*KHUNG_VAI_TRÒ!$C$5)) | O20: =IF(OR(D20="",E20="",F20="",G20="",C20=""),"",IFERROR(IF(AND(D20/KHUNG_VAI_TRÒ!$B$5>=INDEX(KHUNG_VAI_TRÒ!$B$9:$B$15,MATCH($C20,KHUNG_VAI_TRÒ!$A$9:$A$15,0))-0.0001,D20/KHUNG_VAI_TRÒ!$B$5<=INDEX(KHUNG_VAI_TRÒ!$C$9:$C$15,MATCH($C20,KHUNG_VAI_TRÒ!$A$9:$A$15,0))+0.0001,E20/KHUNG_VAI_TRÒ!$C$5>=INDEX(KHUNG_VAI_TRÒ!$D$9:$D$15,MATCH($C20,KHUNG_VAI_TRÒ!$A$9:$A$15,0))-0.0001,E20/KHUNG_VAI_TRÒ!$C$5<=INDEX(KHUNG_VAI_TRÒ!$E$9:$E$15,MATCH($C20,KHUNG_VAI_TRÒ!$A$9:$A$15,0))+0.0001,F20/KHUNG_VAI_TRÒ!$D$5>=INDEX(KHUNG_VAI_TRÒ!$F$9:$F$15,MATCH($C20,KHUNG_VAI_TRÒ!$A$9:$A$15,0))-0.0001,F20/KHUNG_VAI_TRÒ!$D$5<=INDEX(KHUNG_VAI_TRÒ!$G$9:$G$15,MATCH($C20,KHUNG_VAI_TRÒ!$A$9:$A$15,0))+0.0001,G20/KHUNG_VAI_TRÒ!$E$5>=INDEX(KHUNG_VAI_TRÒ!$H$9:$H$15,MATCH($C20,KHUNG_VAI_TRÒ!$A$9:$A$15,0))-0.0001,G20/KHUNG_VAI_TRÒ!$E$5<=INDEX(KHUNG_VAI_TRÒ!$I$9:$I$15,MATCH($C20,KHUNG_VAI_TRÒ!$A$9:$A$15,0))+0.0001),"OK","Ngoài khung"),"Vai trò?"))
A21: =NHÂN_VẬT!$A$21 -> NV17 | B21: =IF(NHÂN_VẬT!$B$21="","",NHÂN_VẬT!$B$21) | C21: =IF(NHÂN_VẬT!$D$21="","",NHÂN_VẬT!$D$21) | N21: =IF(OR(D21="",E21="",F21=""),"",D21*(100+F21)/100*E21/(KHUNG_VAI_TRÒ!$B$5*(100+KHUNG_VAI_TRÒ!$D$5)/100*KHUNG_VAI_TRÒ!$C$5)) | O21: =IF(OR(D21="",E21="",F21="",G21="",C21=""),"",IFERROR(IF(AND(D21/KHUNG_VAI_TRÒ!$B$5>=INDEX(KHUNG_VAI_TRÒ!$B$9:$B$15,MATCH($C21,KHUNG_VAI_TRÒ!$A$9:$A$15,0))-0.0001,D21/KHUNG_VAI_TRÒ!$B$5<=INDEX(KHUNG_VAI_TRÒ!$C$9:$C$15,MATCH($C21,KHUNG_VAI_TRÒ!$A$9:$A$15,0))+0.0001,E21/KHUNG_VAI_TRÒ!$C$5>=INDEX(KHUNG_VAI_TRÒ!$D$9:$D$15,MATCH($C21,KHUNG_VAI_TRÒ!$A$9:$A$15,0))-0.0001,E21/KHUNG_VAI_TRÒ!$C$5<=INDEX(KHUNG_VAI_TRÒ!$E$9:$E$15,MATCH($C21,KHUNG_VAI_TRÒ!$A$9:$A$15,0))+0.0001,F21/KHUNG_VAI_TRÒ!$D$5>=INDEX(KHUNG_VAI_TRÒ!$F$9:$F$15,MATCH($C21,KHUNG_VAI_TRÒ!$A$9:$A$15,0))-0.0001,F21/KHUNG_VAI_TRÒ!$D$5<=INDEX(KHUNG_VAI_TRÒ!$G$9:$G$15,MATCH($C21,KHUNG_VAI_TRÒ!$A$9:$A$15,0))+0.0001,G21/KHUNG_VAI_TRÒ!$E$5>=INDEX(KHUNG_VAI_TRÒ!$H$9:$H$15,MATCH($C21,KHUNG_VAI_TRÒ!$A$9:$A$15,0))-0.0001,G21/KHUNG_VAI_TRÒ!$E$5<=INDEX(KHUNG_VAI_TRÒ!$I$9:$I$15,MATCH($C21,KHUNG_VAI_TRÒ!$A$9:$A$15,0))+0.0001),"OK","Ngoài khung"),"Vai trò?"))
A22: =NHÂN_VẬT!$A$22 -> NV18 | B22: =IF(NHÂN_VẬT!$B$22="","",NHÂN_VẬT!$B$22) | C22: =IF(NHÂN_VẬT!$D$22="","",NHÂN_VẬT!$D$22) | N22: =IF(OR(D22="",E22="",F22=""),"",D22*(100+F22)/100*E22/(KHUNG_VAI_TRÒ!$B$5*(100+KHUNG_VAI_TRÒ!$D$5)/100*KHUNG_VAI_TRÒ!$C$5)) | O22: =IF(OR(D22="",E22="",F22="",G22="",C22=""),"",IFERROR(IF(AND(D22/KHUNG_VAI_TRÒ!$B$5>=INDEX(KHUNG_VAI_TRÒ!$B$9:$B$15,MATCH($C22,KHUNG_VAI_TRÒ!$A$9:$A$15,0))-0.0001,D22/KHUNG_VAI_TRÒ!$B$5<=INDEX(KHUNG_VAI_TRÒ!$C$9:$C$15,MATCH($C22,KHUNG_VAI_TRÒ!$A$9:$A$15,0))+0.0001,E22/KHUNG_VAI_TRÒ!$C$5>=INDEX(KHUNG_VAI_TRÒ!$D$9:$D$15,MATCH($C22,KHUNG_VAI_TRÒ!$A$9:$A$15,0))-0.0001,E22/KHUNG_VAI_TRÒ!$C$5<=INDEX(KHUNG_VAI_TRÒ!$E$9:$E$15,MATCH($C22,KHUNG_VAI_TRÒ!$A$9:$A$15,0))+0.0001,F22/KHUNG_VAI_TRÒ!$D$5>=INDEX(KHUNG_VAI_TRÒ!$F$9:$F$15,MATCH($C22,KHUNG_VAI_TRÒ!$A$9:$A$15,0))-0.0001,F22/KHUNG_VAI_TRÒ!$D$5<=INDEX(KHUNG_VAI_TRÒ!$G$9:$G$15,MATCH($C22,KHUNG_VAI_TRÒ!$A$9:$A$15,0))+0.0001,G22/KHUNG_VAI_TRÒ!$E$5>=INDEX(KHUNG_VAI_TRÒ!$H$9:$H$15,MATCH($C22,KHUNG_VAI_TRÒ!$A$9:$A$15,0))-0.0001,G22/KHUNG_VAI_TRÒ!$E$5<=INDEX(KHUNG_VAI_TRÒ!$I$9:$I$15,MATCH($C22,KHUNG_VAI_TRÒ!$A$9:$A$15,0))+0.0001),"OK","Ngoài khung"),"Vai trò?"))
A23: =NHÂN_VẬT!$A$23 -> NV19 | B23: =IF(NHÂN_VẬT!$B$23="","",NHÂN_VẬT!$B$23) | C23: =IF(NHÂN_VẬT!$D$23="","",NHÂN_VẬT!$D$23) | N23: =IF(OR(D23="",E23="",F23=""),"",D23*(100+F23)/100*E23/(KHUNG_VAI_TRÒ!$B$5*(100+KHUNG_VAI_TRÒ!$D$5)/100*KHUNG_VAI_TRÒ!$C$5)) | O23: =IF(OR(D23="",E23="",F23="",G23="",C23=""),"",IFERROR(IF(AND(D23/KHUNG_VAI_TRÒ!$B$5>=INDEX(KHUNG_VAI_TRÒ!$B$9:$B$15,MATCH($C23,KHUNG_VAI_TRÒ!$A$9:$A$15,0))-0.0001,D23/KHUNG_VAI_TRÒ!$B$5<=INDEX(KHUNG_VAI_TRÒ!$C$9:$C$15,MATCH($C23,KHUNG_VAI_TRÒ!$A$9:$A$15,0))+0.0001,E23/KHUNG_VAI_TRÒ!$C$5>=INDEX(KHUNG_VAI_TRÒ!$D$9:$D$15,MATCH($C23,KHUNG_VAI_TRÒ!$A$9:$A$15,0))-0.0001,E23/KHUNG_VAI_TRÒ!$C$5<=INDEX(KHUNG_VAI_TRÒ!$E$9:$E$15,MATCH($C23,KHUNG_VAI_TRÒ!$A$9:$A$15,0))+0.0001,F23/KHUNG_VAI_TRÒ!$D$5>=INDEX(KHUNG_VAI_TRÒ!$F$9:$F$15,MATCH($C23,KHUNG_VAI_TRÒ!$A$9:$A$15,0))-0.0001,F23/KHUNG_VAI_TRÒ!$D$5<=INDEX(KHUNG_VAI_TRÒ!$G$9:$G$15,MATCH($C23,KHUNG_VAI_TRÒ!$A$9:$A$15,0))+0.0001,G23/KHUNG_VAI_TRÒ!$E$5>=INDEX(KHUNG_VAI_TRÒ!$H$9:$H$15,MATCH($C23,KHUNG_VAI_TRÒ!$A$9:$A$15,0))-0.0001,G23/KHUNG_VAI_TRÒ!$E$5<=INDEX(KHUNG_VAI_TRÒ!$I$9:$I$15,MATCH($C23,KHUNG_VAI_TRÒ!$A$9:$A$15,0))+0.0001),"OK","Ngoài khung"),"Vai trò?"))
A24: =NHÂN_VẬT!$A$24 -> NV20 | B24: =IF(NHÂN_VẬT!$B$24="","",NHÂN_VẬT!$B$24) | C24: =IF(NHÂN_VẬT!$D$24="","",NHÂN_VẬT!$D$24) | N24: =IF(OR(D24="",E24="",F24=""),"",D24*(100+F24)/100*E24/(KHUNG_VAI_TRÒ!$B$5*(100+KHUNG_VAI_TRÒ!$D$5)/100*KHUNG_VAI_TRÒ!$C$5)) | O24: =IF(OR(D24="",E24="",F24="",G24="",C24=""),"",IFERROR(IF(AND(D24/KHUNG_VAI_TRÒ!$B$5>=INDEX(KHUNG_VAI_TRÒ!$B$9:$B$15,MATCH($C24,KHUNG_VAI_TRÒ!$A$9:$A$15,0))-0.0001,D24/KHUNG_VAI_TRÒ!$B$5<=INDEX(KHUNG_VAI_TRÒ!$C$9:$C$15,MATCH($C24,KHUNG_VAI_TRÒ!$A$9:$A$15,0))+0.0001,E24/KHUNG_VAI_TRÒ!$C$5>=INDEX(KHUNG_VAI_TRÒ!$D$9:$D$15,MATCH($C24,KHUNG_VAI_TRÒ!$A$9:$A$15,0))-0.0001,E24/KHUNG_VAI_TRÒ!$C$5<=INDEX(KHUNG_VAI_TRÒ!$E$9:$E$15,MATCH($C24,KHUNG_VAI_TRÒ!$A$9:$A$15,0))+0.0001,F24/KHUNG_VAI_TRÒ!$D$5>=INDEX(KHUNG_VAI_TRÒ!$F$9:$F$15,MATCH($C24,KHUNG_VAI_TRÒ!$A$9:$A$15,0))-0.0001,F24/KHUNG_VAI_TRÒ!$D$5<=INDEX(KHUNG_VAI_TRÒ!$G$9:$G$15,MATCH($C24,KHUNG_VAI_TRÒ!$A$9:$A$15,0))+0.0001,G24/KHUNG_VAI_TRÒ!$E$5>=INDEX(KHUNG_VAI_TRÒ!$H$9:$H$15,MATCH($C24,KHUNG_VAI_TRÒ!$A$9:$A$15,0))-0.0001,G24/KHUNG_VAI_TRÒ!$E$5<=INDEX(KHUNG_VAI_TRÒ!$I$9:$I$15,MATCH($C24,KHUNG_VAI_TRÒ!$A$9:$A$15,0))+0.0001),"OK","Ngoài khung"),"Vai trò?"))
A25: =NHÂN_VẬT!$A$25 -> NV21 | B25: =IF(NHÂN_VẬT!$B$25="","",NHÂN_VẬT!$B$25) | C25: =IF(NHÂN_VẬT!$D$25="","",NHÂN_VẬT!$D$25) | N25: =IF(OR(D25="",E25="",F25=""),"",D25*(100+F25)/100*E25/(KHUNG_VAI_TRÒ!$B$5*(100+KHUNG_VAI_TRÒ!$D$5)/100*KHUNG_VAI_TRÒ!$C$5)) | O25: =IF(OR(D25="",E25="",F25="",G25="",C25=""),"",IFERROR(IF(AND(D25/KHUNG_VAI_TRÒ!$B$5>=INDEX(KHUNG_VAI_TRÒ!$B$9:$B$15,MATCH($C25,KHUNG_VAI_TRÒ!$A$9:$A$15,0))-0.0001,D25/KHUNG_VAI_TRÒ!$B$5<=INDEX(KHUNG_VAI_TRÒ!$C$9:$C$15,MATCH($C25,KHUNG_VAI_TRÒ!$A$9:$A$15,0))+0.0001,E25/KHUNG_VAI_TRÒ!$C$5>=INDEX(KHUNG_VAI_TRÒ!$D$9:$D$15,MATCH($C25,KHUNG_VAI_TRÒ!$A$9:$A$15,0))-0.0001,E25/KHUNG_VAI_TRÒ!$C$5<=INDEX(KHUNG_VAI_TRÒ!$E$9:$E$15,MATCH($C25,KHUNG_VAI_TRÒ!$A$9:$A$15,0))+0.0001,F25/KHUNG_VAI_TRÒ!$D$5>=INDEX(KHUNG_VAI_TRÒ!$F$9:$F$15,MATCH($C25,KHUNG_VAI_TRÒ!$A$9:$A$15,0))-0.0001,F25/KHUNG_VAI_TRÒ!$D$5<=INDEX(KHUNG_VAI_TRÒ!$G$9:$G$15,MATCH($C25,KHUNG_VAI_TRÒ!$A$9:$A$15,0))+0.0001,G25/KHUNG_VAI_TRÒ!$E$5>=INDEX(KHUNG_VAI_TRÒ!$H$9:$H$15,MATCH($C25,KHUNG_VAI_TRÒ!$A$9:$A$15,0))-0.0001,G25/KHUNG_VAI_TRÒ!$E$5<=INDEX(KHUNG_VAI_TRÒ!$I$9:$I$15,MATCH($C25,KHUNG_VAI_TRÒ!$A$9:$A$15,0))+0.0001),"OK","Ngoài khung"),"Vai trò?"))
A26: =NHÂN_VẬT!$A$26 -> NV22 | B26: =IF(NHÂN_VẬT!$B$26="","",NHÂN_VẬT!$B$26) | C26: =IF(NHÂN_VẬT!$D$26="","",NHÂN_VẬT!$D$26) | N26: =IF(OR(D26="",E26="",F26=""),"",D26*(100+F26)/100*E26/(KHUNG_VAI_TRÒ!$B$5*(100+KHUNG_VAI_TRÒ!$D$5)/100*KHUNG_VAI_TRÒ!$C$5)) | O26: =IF(OR(D26="",E26="",F26="",G26="",C26=""),"",IFERROR(IF(AND(D26/KHUNG_VAI_TRÒ!$B$5>=INDEX(KHUNG_VAI_TRÒ!$B$9:$B$15,MATCH($C26,KHUNG_VAI_TRÒ!$A$9:$A$15,0))-0.0001,D26/KHUNG_VAI_TRÒ!$B$5<=INDEX(KHUNG_VAI_TRÒ!$C$9:$C$15,MATCH($C26,KHUNG_VAI_TRÒ!$A$9:$A$15,0))+0.0001,E26/KHUNG_VAI_TRÒ!$C$5>=INDEX(KHUNG_VAI_TRÒ!$D$9:$D$15,MATCH($C26,KHUNG_VAI_TRÒ!$A$9:$A$15,0))-0.0001,E26/KHUNG_VAI_TRÒ!$C$5<=INDEX(KHUNG_VAI_TRÒ!$E$9:$E$15,MATCH($C26,KHUNG_VAI_TRÒ!$A$9:$A$15,0))+0.0001,F26/KHUNG_VAI_TRÒ!$D$5>=INDEX(KHUNG_VAI_TRÒ!$F$9:$F$15,MATCH($C26,KHUNG_VAI_TRÒ!$A$9:$A$15,0))-0.0001,F26/KHUNG_VAI_TRÒ!$D$5<=INDEX(KHUNG_VAI_TRÒ!$G$9:$G$15,MATCH($C26,KHUNG_VAI_TRÒ!$A$9:$A$15,0))+0.0001,G26/KHUNG_VAI_TRÒ!$E$5>=INDEX(KHUNG_VAI_TRÒ!$H$9:$H$15,MATCH($C26,KHUNG_VAI_TRÒ!$A$9:$A$15,0))-0.0001,G26/KHUNG_VAI_TRÒ!$E$5<=INDEX(KHUNG_VAI_TRÒ!$I$9:$I$15,MATCH($C26,KHUNG_VAI_TRÒ!$A$9:$A$15,0))+0.0001),"OK","Ngoài khung"),"Vai trò?"))
A27: =NHÂN_VẬT!$A$27 -> NV23 | B27: =IF(NHÂN_VẬT!$B$27="","",NHÂN_VẬT!$B$27) | C27: =IF(NHÂN_VẬT!$D$27="","",NHÂN_VẬT!$D$27) | N27: =IF(OR(D27="",E27="",F27=""),"",D27*(100+F27)/100*E27/(KHUNG_VAI_TRÒ!$B$5*(100+KHUNG_VAI_TRÒ!$D$5)/100*KHUNG_VAI_TRÒ!$C$5)) | O27: =IF(OR(D27="",E27="",F27="",G27="",C27=""),"",IFERROR(IF(AND(D27/KHUNG_VAI_TRÒ!$B$5>=INDEX(KHUNG_VAI_TRÒ!$B$9:$B$15,MATCH($C27,KHUNG_VAI_TRÒ!$A$9:$A$15,0))-0.0001,D27/KHUNG_VAI_TRÒ!$B$5<=INDEX(KHUNG_VAI_TRÒ!$C$9:$C$15,MATCH($C27,KHUNG_VAI_TRÒ!$A$9:$A$15,0))+0.0001,E27/KHUNG_VAI_TRÒ!$C$5>=INDEX(KHUNG_VAI_TRÒ!$D$9:$D$15,MATCH($C27,KHUNG_VAI_TRÒ!$A$9:$A$15,0))-0.0001,E27/KHUNG_VAI_TRÒ!$C$5<=INDEX(KHUNG_VAI_TRÒ!$E$9:$E$15,MATCH($C27,KHUNG_VAI_TRÒ!$A$9:$A$15,0))+0.0001,F27/KHUNG_VAI_TRÒ!$D$5>=INDEX(KHUNG_VAI_TRÒ!$F$9:$F$15,MATCH($C27,KHUNG_VAI_TRÒ!$A$9:$A$15,0))-0.0001,F27/KHUNG_VAI_TRÒ!$D$5<=INDEX(KHUNG_VAI_TRÒ!$G$9:$G$15,MATCH($C27,KHUNG_VAI_TRÒ!$A$9:$A$15,0))+0.0001,G27/KHUNG_VAI_TRÒ!$E$5>=INDEX(KHUNG_VAI_TRÒ!$H$9:$H$15,MATCH($C27,KHUNG_VAI_TRÒ!$A$9:$A$15,0))-0.0001,G27/KHUNG_VAI_TRÒ!$E$5<=INDEX(KHUNG_VAI_TRÒ!$I$9:$I$15,MATCH($C27,KHUNG_VAI_TRÒ!$A$9:$A$15,0))+0.0001),"OK","Ngoài khung"),"Vai trò?"))
A28: =NHÂN_VẬT!$A$28 -> NV24 | B28: =IF(NHÂN_VẬT!$B$28="","",NHÂN_VẬT!$B$28) | C28: =IF(NHÂN_VẬT!$D$28="","",NHÂN_VẬT!$D$28) | N28: =IF(OR(D28="",E28="",F28=""),"",D28*(100+F28)/100*E28/(KHUNG_VAI_TRÒ!$B$5*(100+KHUNG_VAI_TRÒ!$D$5)/100*KHUNG_VAI_TRÒ!$C$5)) | O28: =IF(OR(D28="",E28="",F28="",G28="",C28=""),"",IFERROR(IF(AND(D28/KHUNG_VAI_TRÒ!$B$5>=INDEX(KHUNG_VAI_TRÒ!$B$9:$B$15,MATCH($C28,KHUNG_VAI_TRÒ!$A$9:$A$15,0))-0.0001,D28/KHUNG_VAI_TRÒ!$B$5<=INDEX(KHUNG_VAI_TRÒ!$C$9:$C$15,MATCH($C28,KHUNG_VAI_TRÒ!$A$9:$A$15,0))+0.0001,E28/KHUNG_VAI_TRÒ!$C$5>=INDEX(KHUNG_VAI_TRÒ!$D$9:$D$15,MATCH($C28,KHUNG_VAI_TRÒ!$A$9:$A$15,0))-0.0001,E28/KHUNG_VAI_TRÒ!$C$5<=INDEX(KHUNG_VAI_TRÒ!$E$9:$E$15,MATCH($C28,KHUNG_VAI_TRÒ!$A$9:$A$15,0))+0.0001,F28/KHUNG_VAI_TRÒ!$D$5>=INDEX(KHUNG_VAI_TRÒ!$F$9:$F$15,MATCH($C28,KHUNG_VAI_TRÒ!$A$9:$A$15,0))-0.0001,F28/KHUNG_VAI_TRÒ!$D$5<=INDEX(KHUNG_VAI_TRÒ!$G$9:$G$15,MATCH($C28,KHUNG_VAI_TRÒ!$A$9:$A$15,0))+0.0001,G28/KHUNG_VAI_TRÒ!$E$5>=INDEX(KHUNG_VAI_TRÒ!$H$9:$H$15,MATCH($C28,KHUNG_VAI_TRÒ!$A$9:$A$15,0))-0.0001,G28/KHUNG_VAI_TRÒ!$E$5<=INDEX(KHUNG_VAI_TRÒ!$I$9:$I$15,MATCH($C28,KHUNG_VAI_TRÒ!$A$9:$A$15,0))+0.0001),"OK","Ngoài khung"),"Vai trò?"))
A29: =NHÂN_VẬT!$A$29 -> NV25 | B29: =IF(NHÂN_VẬT!$B$29="","",NHÂN_VẬT!$B$29) | C29: =IF(NHÂN_VẬT!$D$29="","",NHÂN_VẬT!$D$29) | N29: =IF(OR(D29="",E29="",F29=""),"",D29*(100+F29)/100*E29/(KHUNG_VAI_TRÒ!$B$5*(100+KHUNG_VAI_TRÒ!$D$5)/100*KHUNG_VAI_TRÒ!$C$5)) | O29: =IF(OR(D29="",E29="",F29="",G29="",C29=""),"",IFERROR(IF(AND(D29/KHUNG_VAI_TRÒ!$B$5>=INDEX(KHUNG_VAI_TRÒ!$B$9:$B$15,MATCH($C29,KHUNG_VAI_TRÒ!$A$9:$A$15,0))-0.0001,D29/KHUNG_VAI_TRÒ!$B$5<=INDEX(KHUNG_VAI_TRÒ!$C$9:$C$15,MATCH($C29,KHUNG_VAI_TRÒ!$A$9:$A$15,0))+0.0001,E29/KHUNG_VAI_TRÒ!$C$5>=INDEX(KHUNG_VAI_TRÒ!$D$9:$D$15,MATCH($C29,KHUNG_VAI_TRÒ!$A$9:$A$15,0))-0.0001,E29/KHUNG_VAI_TRÒ!$C$5<=INDEX(KHUNG_VAI_TRÒ!$E$9:$E$15,MATCH($C29,KHUNG_VAI_TRÒ!$A$9:$A$15,0))+0.0001,F29/KHUNG_VAI_TRÒ!$D$5>=INDEX(KHUNG_VAI_TRÒ!$F$9:$F$15,MATCH($C29,KHUNG_VAI_TRÒ!$A$9:$A$15,0))-0.0001,F29/KHUNG_VAI_TRÒ!$D$5<=INDEX(KHUNG_VAI_TRÒ!$G$9:$G$15,MATCH($C29,KHUNG_VAI_TRÒ!$A$9:$A$15,0))+0.0001,G29/KHUNG_VAI_TRÒ!$E$5>=INDEX(KHUNG_VAI_TRÒ!$H$9:$H$15,MATCH($C29,KHUNG_VAI_TRÒ!$A$9:$A$15,0))-0.0001,G29/KHUNG_VAI_TRÒ!$E$5<=INDEX(KHUNG_VAI_TRÒ!$I$9:$I$15,MATCH($C29,KHUNG_VAI_TRÒ!$A$9:$A$15,0))+0.0001),"OK","Ngoài khung"),"Vai trò?"))
A30: =NHÂN_VẬT!$A$30 -> NV26 | B30: =IF(NHÂN_VẬT!$B$30="","",NHÂN_VẬT!$B$30) | C30: =IF(NHÂN_VẬT!$D$30="","",NHÂN_VẬT!$D$30) | N30: =IF(OR(D30="",E30="",F30=""),"",D30*(100+F30)/100*E30/(KHUNG_VAI_TRÒ!$B$5*(100+KHUNG_VAI_TRÒ!$D$5)/100*KHUNG_VAI_TRÒ!$C$5)) | O30: =IF(OR(D30="",E30="",F30="",G30="",C30=""),"",IFERROR(IF(AND(D30/KHUNG_VAI_TRÒ!$B$5>=INDEX(KHUNG_VAI_TRÒ!$B$9:$B$15,MATCH($C30,KHUNG_VAI_TRÒ!$A$9:$A$15,0))-0.0001,D30/KHUNG_VAI_TRÒ!$B$5<=INDEX(KHUNG_VAI_TRÒ!$C$9:$C$15,MATCH($C30,KHUNG_VAI_TRÒ!$A$9:$A$15,0))+0.0001,E30/KHUNG_VAI_TRÒ!$C$5>=INDEX(KHUNG_VAI_TRÒ!$D$9:$D$15,MATCH($C30,KHUNG_VAI_TRÒ!$A$9:$A$15,0))-0.0001,E30/KHUNG_VAI_TRÒ!$C$5<=INDEX(KHUNG_VAI_TRÒ!$E$9:$E$15,MATCH($C30,KHUNG_VAI_TRÒ!$A$9:$A$15,0))+0.0001,F30/KHUNG_VAI_TRÒ!$D$5>=INDEX(KHUNG_VAI_TRÒ!$F$9:$F$15,MATCH($C30,KHUNG_VAI_TRÒ!$A$9:$A$15,0))-0.0001,F30/KHUNG_VAI_TRÒ!$D$5<=INDEX(KHUNG_VAI_TRÒ!$G$9:$G$15,MATCH($C30,KHUNG_VAI_TRÒ!$A$9:$A$15,0))+0.0001,G30/KHUNG_VAI_TRÒ!$E$5>=INDEX(KHUNG_VAI_TRÒ!$H$9:$H$15,MATCH($C30,KHUNG_VAI_TRÒ!$A$9:$A$15,0))-0.0001,G30/KHUNG_VAI_TRÒ!$E$5<=INDEX(KHUNG_VAI_TRÒ!$I$9:$I$15,MATCH($C30,KHUNG_VAI_TRÒ!$A$9:$A$15,0))+0.0001),"OK","Ngoài khung"),"Vai trò?"))
A31: =NHÂN_VẬT!$A$31 -> NV27 | B31: =IF(NHÂN_VẬT!$B$31="","",NHÂN_VẬT!$B$31) | C31: =IF(NHÂN_VẬT!$D$31="","",NHÂN_VẬT!$D$31) | N31: =IF(OR(D31="",E31="",F31=""),"",D31*(100+F31)/100*E31/(KHUNG_VAI_TRÒ!$B$5*(100+KHUNG_VAI_TRÒ!$D$5)/100*KHUNG_VAI_TRÒ!$C$5)) | O31: =IF(OR(D31="",E31="",F31="",G31="",C31=""),"",IFERROR(IF(AND(D31/KHUNG_VAI_TRÒ!$B$5>=INDEX(KHUNG_VAI_TRÒ!$B$9:$B$15,MATCH($C31,KHUNG_VAI_TRÒ!$A$9:$A$15,0))-0.0001,D31/KHUNG_VAI_TRÒ!$B$5<=INDEX(KHUNG_VAI_TRÒ!$C$9:$C$15,MATCH($C31,KHUNG_VAI_TRÒ!$A$9:$A$15,0))+0.0001,E31/KHUNG_VAI_TRÒ!$C$5>=INDEX(KHUNG_VAI_TRÒ!$D$9:$D$15,MATCH($C31,KHUNG_VAI_TRÒ!$A$9:$A$15,0))-0.0001,E31/KHUNG_VAI_TRÒ!$C$5<=INDEX(KHUNG_VAI_TRÒ!$E$9:$E$15,MATCH($C31,KHUNG_VAI_TRÒ!$A$9:$A$15,0))+0.0001,F31/KHUNG_VAI_TRÒ!$D$5>=INDEX(KHUNG_VAI_TRÒ!$F$9:$F$15,MATCH($C31,KHUNG_VAI_TRÒ!$A$9:$A$15,0))-0.0001,F31/KHUNG_VAI_TRÒ!$D$5<=INDEX(KHUNG_VAI_TRÒ!$G$9:$G$15,MATCH($C31,KHUNG_VAI_TRÒ!$A$9:$A$15,0))+0.0001,G31/KHUNG_VAI_TRÒ!$E$5>=INDEX(KHUNG_VAI_TRÒ!$H$9:$H$15,MATCH($C31,KHUNG_VAI_TRÒ!$A$9:$A$15,0))-0.0001,G31/KHUNG_VAI_TRÒ!$E$5<=INDEX(KHUNG_VAI_TRÒ!$I$9:$I$15,MATCH($C31,KHUNG_VAI_TRÒ!$A$9:$A$15,0))+0.0001),"OK","Ngoài khung"),"Vai trò?"))
A32: =NHÂN_VẬT!$A$32 -> NV28 | B32: =IF(NHÂN_VẬT!$B$32="","",NHÂN_VẬT!$B$32) | C32: =IF(NHÂN_VẬT!$D$32="","",NHÂN_VẬT!$D$32) | N32: =IF(OR(D32="",E32="",F32=""),"",D32*(100+F32)/100*E32/(KHUNG_VAI_TRÒ!$B$5*(100+KHUNG_VAI_TRÒ!$D$5)/100*KHUNG_VAI_TRÒ!$C$5)) | O32: =IF(OR(D32="",E32="",F32="",G32="",C32=""),"",IFERROR(IF(AND(D32/KHUNG_VAI_TRÒ!$B$5>=INDEX(KHUNG_VAI_TRÒ!$B$9:$B$15,MATCH($C32,KHUNG_VAI_TRÒ!$A$9:$A$15,0))-0.0001,D32/KHUNG_VAI_TRÒ!$B$5<=INDEX(KHUNG_VAI_TRÒ!$C$9:$C$15,MATCH($C32,KHUNG_VAI_TRÒ!$A$9:$A$15,0))+0.0001,E32/KHUNG_VAI_TRÒ!$C$5>=INDEX(KHUNG_VAI_TRÒ!$D$9:$D$15,MATCH($C32,KHUNG_VAI_TRÒ!$A$9:$A$15,0))-0.0001,E32/KHUNG_VAI_TRÒ!$C$5<=INDEX(KHUNG_VAI_TRÒ!$E$9:$E$15,MATCH($C32,KHUNG_VAI_TRÒ!$A$9:$A$15,0))+0.0001,F32/KHUNG_VAI_TRÒ!$D$5>=INDEX(KHUNG_VAI_TRÒ!$F$9:$F$15,MATCH($C32,KHUNG_VAI_TRÒ!$A$9:$A$15,0))-0.0001,F32/KHUNG_VAI_TRÒ!$D$5<=INDEX(KHUNG_VAI_TRÒ!$G$9:$G$15,MATCH($C32,KHUNG_VAI_TRÒ!$A$9:$A$15,0))+0.0001,G32/KHUNG_VAI_TRÒ!$E$5>=INDEX(KHUNG_VAI_TRÒ!$H$9:$H$15,MATCH($C32,KHUNG_VAI_TRÒ!$A$9:$A$15,0))-0.0001,G32/KHUNG_VAI_TRÒ!$E$5<=INDEX(KHUNG_VAI_TRÒ!$I$9:$I$15,MATCH($C32,KHUNG_VAI_TRÒ!$A$9:$A$15,0))+0.0001),"OK","Ngoài khung"),"Vai trò?"))
A33: =NHÂN_VẬT!$A$33 -> NV29 | B33: =IF(NHÂN_VẬT!$B$33="","",NHÂN_VẬT!$B$33) | C33: =IF(NHÂN_VẬT!$D$33="","",NHÂN_VẬT!$D$33) | N33: =IF(OR(D33="",E33="",F33=""),"",D33*(100+F33)/100*E33/(KHUNG_VAI_TRÒ!$B$5*(100+KHUNG_VAI_TRÒ!$D$5)/100*KHUNG_VAI_TRÒ!$C$5)) | O33: =IF(OR(D33="",E33="",F33="",G33="",C33=""),"",IFERROR(IF(AND(D33/KHUNG_VAI_TRÒ!$B$5>=INDEX(KHUNG_VAI_TRÒ!$B$9:$B$15,MATCH($C33,KHUNG_VAI_TRÒ!$A$9:$A$15,0))-0.0001,D33/KHUNG_VAI_TRÒ!$B$5<=INDEX(KHUNG_VAI_TRÒ!$C$9:$C$15,MATCH($C33,KHUNG_VAI_TRÒ!$A$9:$A$15,0))+0.0001,E33/KHUNG_VAI_TRÒ!$C$5>=INDEX(KHUNG_VAI_TRÒ!$D$9:$D$15,MATCH($C33,KHUNG_VAI_TRÒ!$A$9:$A$15,0))-0.0001,E33/KHUNG_VAI_TRÒ!$C$5<=INDEX(KHUNG_VAI_TRÒ!$E$9:$E$15,MATCH($C33,KHUNG_VAI_TRÒ!$A$9:$A$15,0))+0.0001,F33/KHUNG_VAI_TRÒ!$D$5>=INDEX(KHUNG_VAI_TRÒ!$F$9:$F$15,MATCH($C33,KHUNG_VAI_TRÒ!$A$9:$A$15,0))-0.0001,F33/KHUNG_VAI_TRÒ!$D$5<=INDEX(KHUNG_VAI_TRÒ!$G$9:$G$15,MATCH($C33,KHUNG_VAI_TRÒ!$A$9:$A$15,0))+0.0001,G33/KHUNG_VAI_TRÒ!$E$5>=INDEX(KHUNG_VAI_TRÒ!$H$9:$H$15,MATCH($C33,KHUNG_VAI_TRÒ!$A$9:$A$15,0))-0.0001,G33/KHUNG_VAI_TRÒ!$E$5<=INDEX(KHUNG_VAI_TRÒ!$I$9:$I$15,MATCH($C33,KHUNG_VAI_TRÒ!$A$9:$A$15,0))+0.0001),"OK","Ngoài khung"),"Vai trò?"))
A34: =NHÂN_VẬT!$A$34 -> NV30 | B34: =IF(NHÂN_VẬT!$B$34="","",NHÂN_VẬT!$B$34) | C34: =IF(NHÂN_VẬT!$D$34="","",NHÂN_VẬT!$D$34) | N34: =IF(OR(D34="",E34="",F34=""),"",D34*(100+F34)/100*E34/(KHUNG_VAI_TRÒ!$B$5*(100+KHUNG_VAI_TRÒ!$D$5)/100*KHUNG_VAI_TRÒ!$C$5)) | O34: =IF(OR(D34="",E34="",F34="",G34="",C34=""),"",IFERROR(IF(AND(D34/KHUNG_VAI_TRÒ!$B$5>=INDEX(KHUNG_VAI_TRÒ!$B$9:$B$15,MATCH($C34,KHUNG_VAI_TRÒ!$A$9:$A$15,0))-0.0001,D34/KHUNG_VAI_TRÒ!$B$5<=INDEX(KHUNG_VAI_TRÒ!$C$9:$C$15,MATCH($C34,KHUNG_VAI_TRÒ!$A$9:$A$15,0))+0.0001,E34/KHUNG_VAI_TRÒ!$C$5>=INDEX(KHUNG_VAI_TRÒ!$D$9:$D$15,MATCH($C34,KHUNG_VAI_TRÒ!$A$9:$A$15,0))-0.0001,E34/KHUNG_VAI_TRÒ!$C$5<=INDEX(KHUNG_VAI_TRÒ!$E$9:$E$15,MATCH($C34,KHUNG_VAI_TRÒ!$A$9:$A$15,0))+0.0001,F34/KHUNG_VAI_TRÒ!$D$5>=INDEX(KHUNG_VAI_TRÒ!$F$9:$F$15,MATCH($C34,KHUNG_VAI_TRÒ!$A$9:$A$15,0))-0.0001,F34/KHUNG_VAI_TRÒ!$D$5<=INDEX(KHUNG_VAI_TRÒ!$G$9:$G$15,MATCH($C34,KHUNG_VAI_TRÒ!$A$9:$A$15,0))+0.0001,G34/KHUNG_VAI_TRÒ!$E$5>=INDEX(KHUNG_VAI_TRÒ!$H$9:$H$15,MATCH($C34,KHUNG_VAI_TRÒ!$A$9:$A$15,0))-0.0001,G34/KHUNG_VAI_TRÒ!$E$5<=INDEX(KHUNG_VAI_TRÒ!$I$9:$I$15,MATCH($C34,KHUNG_VAI_TRÒ!$A$9:$A$15,0))+0.0001),"OK","Ngoài khung"),"Vai trò?"))

Sheet HỆ_SỐ_PHẨM_CHẤT
A1: HỆ SỐ THEO PHẨM CHẤT (SỐ GIẢ do Claude đặt tạm)
A2: Bản demo chỉ dùng 3 dòng đầu (Trắng, Xanh lá, Xanh dương). Tím và Đỏ để sau.
A4: Phẩm chất | B4: Màu hiển thị | C4: Hệ số Máu (×) | D4: Hệ số Công (×) | E4: Hệ số Thủ (×) | F4: Hệ số Hồi máu (×) | G4: Cộng Tốc độ (điểm) | H4: Cộng Né (điểm %) | I4: Cộng Chính xác (điểm %) | J4: Cộng Tỷ lệ chí mạng (điểm %) | K4: Cộng Sát thương chí mạng (điểm %) | L4: Cộng Kháng chí mạng (điểm %) | M4: Ghi chú
A5: Trắng | B5: Trắng | C5: 1 | D5: 1 | E5: 1 | F5: 1 | G5: 0 | H5: 0 | I5: 0 | J5: 0 | K5: 0 | L5: 0 | M5: số giả
A6: Xanh lá | B6: Xanh lá | C6: 1.15 | D6: 1.15 | E6: 1.15 | F6: 1.15 | G6: 1 | H6: 0.005 | I6: 0.005 | J6: 0.005 | K6: 0 | L6: 0.005 | M6: số giả
A7: Xanh dương | B7: Xanh dương | C7: 1.3 | D7: 1.3 | E7: 1.3 | F7: 1.3 | G7: 2 | H7: 0.01 | I7: 0.01 | J7: 0.01 | K7: 0.05 | L7: 0.01 | M7: số giả
A8: Tím | B8: Tím | C8: 1.5 | D8: 1.5 | E8: 1.5 | F8: 1.5 | G8: 3 | H8: 0.015 | I8: 0.015 | J8: 0.015 | K8: 0.1 | L8: 0.015 | M8: số giả (chưa dùng ở demo)
A9: Đỏ | B9: Đỏ | C9: 1.75 | D9: 1.75 | E9: 1.75 | F9: 1.75 | G9: 4 | H9: 0.02 | I9: 0.02 | J9: 0.02 | K9: 0.15 | L9: 0.02 | M9: số giả (chưa dùng ở demo)
A11: Máu, Công, Thủ, Hồi máu = chỉ số Trắng × hệ số. Các chỉ số còn lại = chỉ số Trắng + điểm cộng.
A12: Tốc độ cộng nhỏ để 8 tướng demo không trùng tốc độ giữa các phẩm chất (gacha ẩn chỉ chạy khi trùng chính xác).

Sheet CHỈ_SỐ_TÍNH
A1: CHỈ SỐ TỪNG PHẨM CHẤT (TỰ TÍNH)
A2: Ô xanh nhạt là công thức. Muốn chỉnh tay một ô thì gõ đè. Demo dùng 3 dòng đầu mỗi tướng (Trắng, Xanh lá, Xanh dương).
A4: Mã NV | B4: Tên nhân vật | C4: Phẩm chất | D4: Máu | E4: Công | F4: Thủ | G4: Tốc độ | H4: Hồi máu / lượt | I4: Né (%) | J4: Chính xác (%) | K4: Tỷ lệ chí mạng (%) | L4: Sát thương chí mạng (%) | M4: Kháng chí mạng (%) | N4: Cảnh báo
A5: =NHÂN_VẬT!$A$6 -> NV01 | B5: =IF(NHÂN_VẬT!$B$6="","",NHÂN_VẬT!$B$6) -> HCM-THỦ KHO HIẾU | C5: =HỆ_SỐ_PHẨM_CHẤT!$A$5 -> Trắng | D5: =IF(CHỈ_SỐ_TRẮNG!$D$6="","",ROUND(CHỈ_SỐ_TRẮNG!$D$6*HỆ_SỐ_PHẨM_CHẤT!$C$5,0)) -> 1500 | E5: =IF(CHỈ_SỐ_TRẮNG!$E$6="","",ROUND(CHỈ_SỐ_TRẮNG!$E$6*HỆ_SỐ_PHẨM_CHẤT!$D$5,0)) -> 65 | F5: =IF(CHỈ_SỐ_TRẮNG!$F$6="","",ROUND(CHỈ_SỐ_TRẮNG!$F$6*HỆ_SỐ_PHẨM_CHẤT!$E$5,0)) -> 64 | G5: =IF(CHỈ_SỐ_TRẮNG!$G$6="","",CHỈ_SỐ_TRẮNG!$G$6+HỆ_SỐ_PHẨM_CHẤT!$G$5) -> 88 | H5: =IF(CHỈ_SỐ_TRẮNG!$H$6="","",ROUND(CHỈ_SỐ_TRẮNG!$H$6*HỆ_SỐ_PHẨM_CHẤT!$F$5,1)) -> 24 | I5: =IF(CHỈ_SỐ_TRẮNG!$I$6="","",CHỈ_SỐ_TRẮNG!$I$6+HỆ_SỐ_PHẨM_CHẤT!$H$5) -> 0.02 | J5: =IF(CHỈ_SỐ_TRẮNG!$J$6="","",CHỈ_SỐ_TRẮNG!$J$6+HỆ_SỐ_PHẨM_CHẤT!$I$5) -> 0.02 | K5: =IF(CHỈ_SỐ_TRẮNG!$K$6="","",CHỈ_SỐ_TRẮNG!$K$6+HỆ_SỐ_PHẨM_CHẤT!$J$5) -> 0.03 | L5: =IF(CHỈ_SỐ_TRẮNG!$L$6="","",CHỈ_SỐ_TRẮNG!$L$6+HỆ_SỐ_PHẨM_CHẤT!$K$5) -> 1.5 | M5: =IF(CHỈ_SỐ_TRẮNG!$M$6="","",CHỈ_SỐ_TRẮNG!$M$6+HỆ_SỐ_PHẨM_CHẤT!$L$5) -> 0.06 | N5: =IF(OR(N(I5)>0.1,N(K5)>0.1),"Né/chí mạng vượt 10%","")
A6: =NHÂN_VẬT!$A$6 -> NV01 | B6: =IF(NHÂN_VẬT!$B$6="","",NHÂN_VẬT!$B$6) -> HCM-THỦ KHO HIẾU | C6: =HỆ_SỐ_PHẨM_CHẤT!$A$6 -> Xanh lá | D6: =IF(CHỈ_SỐ_TRẮNG!$D$6="","",ROUND(CHỈ_SỐ_TRẮNG!$D$6*HỆ_SỐ_PHẨM_CHẤT!$C$6,0)) -> 1725 | E6: =IF(CHỈ_SỐ_TRẮNG!$E$6="","",ROUND(CHỈ_SỐ_TRẮNG!$E$6*HỆ_SỐ_PHẨM_CHẤT!$D$6,0)) -> 75 | F6: =IF(CHỈ_SỐ_TRẮNG!$F$6="","",ROUND(CHỈ_SỐ_TRẮNG!$F$6*HỆ_SỐ_PHẨM_CHẤT!$E$6,0)) -> 74 | G6: =IF(CHỈ_SỐ_TRẮNG!$G$6="","",CHỈ_SỐ_TRẮNG!$G$6+HỆ_SỐ_PHẨM_CHẤT!$G$6) -> 89 | H6: =IF(CHỈ_SỐ_TRẮNG!$H$6="","",ROUND(CHỈ_SỐ_TRẮNG!$H$6*HỆ_SỐ_PHẨM_CHẤT!$F$6,1)) -> 27.6 | I6: =IF(CHỈ_SỐ_TRẮNG!$I$6="","",CHỈ_SỐ_TRẮNG!$I$6+HỆ_SỐ_PHẨM_CHẤT!$H$6) -> 0.025 | J6: =IF(CHỈ_SỐ_TRẮNG!$J$6="","",CHỈ_SỐ_TRẮNG!$J$6+HỆ_SỐ_PHẨM_CHẤT!$I$6) -> 0.025 | K6: =IF(CHỈ_SỐ_TRẮNG!$K$6="","",CHỈ_SỐ_TRẮNG!$K$6+HỆ_SỐ_PHẨM_CHẤT!$J$6) -> 0.035 | L6: =IF(CHỈ_SỐ_TRẮNG!$L$6="","",CHỈ_SỐ_TRẮNG!$L$6+HỆ_SỐ_PHẨM_CHẤT!$K$6) -> 1.5 | M6: =IF(CHỈ_SỐ_TRẮNG!$M$6="","",CHỈ_SỐ_TRẮNG!$M$6+HỆ_SỐ_PHẨM_CHẤT!$L$6) -> 0.065 | N6: =IF(OR(N(I6)>0.1,N(K6)>0.1),"Né/chí mạng vượt 10%","")
A7: =NHÂN_VẬT!$A$6 -> NV01 | B7: =IF(NHÂN_VẬT!$B$6="","",NHÂN_VẬT!$B$6) -> HCM-THỦ KHO HIẾU | C7: =HỆ_SỐ_PHẨM_CHẤT!$A$7 -> Xanh dương | D7: =IF(CHỈ_SỐ_TRẮNG!$D$6="","",ROUND(CHỈ_SỐ_TRẮNG!$D$6*HỆ_SỐ_PHẨM_CHẤT!$C$7,0)) -> 1950 | E7: =IF(CHỈ_SỐ_TRẮNG!$E$6="","",ROUND(CHỈ_SỐ_TRẮNG!$E$6*HỆ_SỐ_PHẨM_CHẤT!$D$7,0)) -> 85 | F7: =IF(CHỈ_SỐ_TRẮNG!$F$6="","",ROUND(CHỈ_SỐ_TRẮNG!$F$6*HỆ_SỐ_PHẨM_CHẤT!$E$7,0)) -> 83 | G7: =IF(CHỈ_SỐ_TRẮNG!$G$6="","",CHỈ_SỐ_TRẮNG!$G$6+HỆ_SỐ_PHẨM_CHẤT!$G$7) -> 90 | H7: =IF(CHỈ_SỐ_TRẮNG!$H$6="","",ROUND(CHỈ_SỐ_TRẮNG!$H$6*HỆ_SỐ_PHẨM_CHẤT!$F$7,1)) -> 31.2 | I7: =IF(CHỈ_SỐ_TRẮNG!$I$6="","",CHỈ_SỐ_TRẮNG!$I$6+HỆ_SỐ_PHẨM_CHẤT!$H$7) -> 0.03 | J7: =IF(CHỈ_SỐ_TRẮNG!$J$6="","",CHỈ_SỐ_TRẮNG!$J$6+HỆ_SỐ_PHẨM_CHẤT!$I$7) -> 0.03 | K7: =IF(CHỈ_SỐ_TRẮNG!$K$6="","",CHỈ_SỐ_TRẮNG!$K$6+HỆ_SỐ_PHẨM_CHẤT!$J$7) -> 0.04 | L7: =IF(CHỈ_SỐ_TRẮNG!$L$6="","",CHỈ_SỐ_TRẮNG!$L$6+HỆ_SỐ_PHẨM_CHẤT!$K$7) -> 1.55 | M7: =IF(CHỈ_SỐ_TRẮNG!$M$6="","",CHỈ_SỐ_TRẮNG!$M$6+HỆ_SỐ_PHẨM_CHẤT!$L$7) -> 0.07 | N7: =IF(OR(N(I7)>0.1,N(K7)>0.1),"Né/chí mạng vượt 10%","")
A8: =NHÂN_VẬT!$A$6 -> NV01 | B8: =IF(NHÂN_VẬT!$B$6="","",NHÂN_VẬT!$B$6) -> HCM-THỦ KHO HIẾU | C8: =HỆ_SỐ_PHẨM_CHẤT!$A$8 -> Tím | D8: =IF(CHỈ_SỐ_TRẮNG!$D$6="","",ROUND(CHỈ_SỐ_TRẮNG!$D$6*HỆ_SỐ_PHẨM_CHẤT!$C$8,0)) -> 2250 | E8: =IF(CHỈ_SỐ_TRẮNG!$E$6="","",ROUND(CHỈ_SỐ_TRẮNG!$E$6*HỆ_SỐ_PHẨM_CHẤT!$D$8,0)) -> 98 | F8: =IF(CHỈ_SỐ_TRẮNG!$F$6="","",ROUND(CHỈ_SỐ_TRẮNG!$F$6*HỆ_SỐ_PHẨM_CHẤT!$E$8,0)) -> 96 | G8: =IF(CHỈ_SỐ_TRẮNG!$G$6="","",CHỈ_SỐ_TRẮNG!$G$6+HỆ_SỐ_PHẨM_CHẤT!$G$8) -> 91 | H8: =IF(CHỈ_SỐ_TRẮNG!$H$6="","",ROUND(CHỈ_SỐ_TRẮNG!$H$6*HỆ_SỐ_PHẨM_CHẤT!$F$8,1)) -> 36 | I8: =IF(CHỈ_SỐ_TRẮNG!$I$6="","",CHỈ_SỐ_TRẮNG!$I$6+HỆ_SỐ_PHẨM_CHẤT!$H$8) -> 0.035 | J8: =IF(CHỈ_SỐ_TRẮNG!$J$6="","",CHỈ_SỐ_TRẮNG!$J$6+HỆ_SỐ_PHẨM_CHẤT!$I$8) -> 0.035 | K8: =IF(CHỈ_SỐ_TRẮNG!$K$6="","",CHỈ_SỐ_TRẮNG!$K$6+HỆ_SỐ_PHẨM_CHẤT!$J$8) -> 0.045 | L8: =IF(CHỈ_SỐ_TRẮNG!$L$6="","",CHỈ_SỐ_TRẮNG!$L$6+HỆ_SỐ_PHẨM_CHẤT!$K$8) -> 1.6 | M8: =IF(CHỈ_SỐ_TRẮNG!$M$6="","",CHỈ_SỐ_TRẮNG!$M$6+HỆ_SỐ_PHẨM_CHẤT!$L$8) -> 0.075 | N8: =IF(OR(N(I8)>0.1,N(K8)>0.1),"Né/chí mạng vượt 10%","")
A9: =NHÂN_VẬT!$A$6 -> NV01 | B9: =IF(NHÂN_VẬT!$B$6="","",NHÂN_VẬT!$B$6) -> HCM-THỦ KHO HIẾU | C9: =HỆ_SỐ_PHẨM_CHẤT!$A$9 -> Đỏ | D9: =IF(CHỈ_SỐ_TRẮNG!$D$6="","",ROUND(CHỈ_SỐ_TRẮNG!$D$6*HỆ_SỐ_PHẨM_CHẤT!$C$9,0)) -> 2625 | E9: =IF(CHỈ_SỐ_TRẮNG!$E$6="","",ROUND(CHỈ_SỐ_TRẮNG!$E$6*HỆ_SỐ_PHẨM_CHẤT!$D$9,0)) -> 114 | F9: =IF(CHỈ_SỐ_TRẮNG!$F$6="","",ROUND(CHỈ_SỐ_TRẮNG!$F$6*HỆ_SỐ_PHẨM_CHẤT!$E$9,0)) -> 112 | G9: =IF(CHỈ_SỐ_TRẮNG!$G$6="","",CHỈ_SỐ_TRẮNG!$G$6+HỆ_SỐ_PHẨM_CHẤT!$G$9) -> 92 | H9: =IF(CHỈ_SỐ_TRẮNG!$H$6="","",ROUND(CHỈ_SỐ_TRẮNG!$H$6*HỆ_SỐ_PHẨM_CHẤT!$F$9,1)) -> 42 | I9: =IF(CHỈ_SỐ_TRẮNG!$I$6="","",CHỈ_SỐ_TRẮNG!$I$6+HỆ_SỐ_PHẨM_CHẤT!$H$9) -> 0.04 | J9: =IF(CHỈ_SỐ_TRẮNG!$J$6="","",CHỈ_SỐ_TRẮNG!$J$6+HỆ_SỐ_PHẨM_CHẤT!$I$9) -> 0.04 | K9: =IF(CHỈ_SỐ_TRẮNG!$K$6="","",CHỈ_SỐ_TRẮNG!$K$6+HỆ_SỐ_PHẨM_CHẤT!$J$9) -> 0.05 | L9: =IF(CHỈ_SỐ_TRẮNG!$L$6="","",CHỈ_SỐ_TRẮNG!$L$6+HỆ_SỐ_PHẨM_CHẤT!$K$9) -> 1.65 | M9: =IF(CHỈ_SỐ_TRẮNG!$M$6="","",CHỈ_SỐ_TRẮNG!$M$6+HỆ_SỐ_PHẨM_CHẤT!$L$9) -> 0.08 | N9: =IF(OR(N(I9)>0.1,N(K9)>0.1),"Né/chí mạng vượt 10%","")
A10: =NHÂN_VẬT!$A$7 -> NV02 | B10: =IF(NHÂN_VẬT!$B$7="","",NHÂN_VẬT!$B$7) -> HN-PHỤ KHO HƯNG | C10: =HỆ_SỐ_PHẨM_CHẤT!$A$5 -> Trắng | D10: =IF(CHỈ_SỐ_TRẮNG!$D$7="","",ROUND(CHỈ_SỐ_TRẮNG!$D$7*HỆ_SỐ_PHẨM_CHẤT!$C$5,0)) -> 1350 | E10: =IF(CHỈ_SỐ_TRẮNG!$E$7="","",ROUND(CHỈ_SỐ_TRẮNG!$E$7*HỆ_SỐ_PHẨM_CHẤT!$D$5,0)) -> 75 | F10: =IF(CHỈ_SỐ_TRẮNG!$F$7="","",ROUND(CHỈ_SỐ_TRẮNG!$F$7*HỆ_SỐ_PHẨM_CHẤT!$E$5,0)) -> 56 | G10: =IF(CHỈ_SỐ_TRẮNG!$G$7="","",CHỈ_SỐ_TRẮNG!$G$7+HỆ_SỐ_PHẨM_CHẤT!$G$5) -> 92 | H10: =IF(CHỈ_SỐ_TRẮNG!$H$7="","",ROUND(CHỈ_SỐ_TRẮNG!$H$7*HỆ_SỐ_PHẨM_CHẤT!$F$5,1)) -> 20 | I10: =IF(CHỈ_SỐ_TRẮNG!$I$7="","",CHỈ_SỐ_TRẮNG!$I$7+HỆ_SỐ_PHẨM_CHẤT!$H$5) -> 0.03 | J10: =IF(CHỈ_SỐ_TRẮNG!$J$7="","",CHỈ_SỐ_TRẮNG!$J$7+HỆ_SỐ_PHẨM_CHẤT!$I$5) -> 0.02 | K10: =IF(CHỈ_SỐ_TRẮNG!$K$7="","",CHỈ_SỐ_TRẮNG!$K$7+HỆ_SỐ_PHẨM_CHẤT!$J$5) -> 0.03 | L10: =IF(CHỈ_SỐ_TRẮNG!$L$7="","",CHỈ_SỐ_TRẮNG!$L$7+HỆ_SỐ_PHẨM_CHẤT!$K$5) -> 1.5 | M10: =IF(CHỈ_SỐ_TRẮNG!$M$7="","",CHỈ_SỐ_TRẮNG!$M$7+HỆ_SỐ_PHẨM_CHẤT!$L$5) -> 0.05 | N10: =IF(OR(N(I10)>0.1,N(K10)>0.1),"Né/chí mạng vượt 10%","")
A11: =NHÂN_VẬT!$A$7 -> NV02 | B11: =IF(NHÂN_VẬT!$B$7="","",NHÂN_VẬT!$B$7) -> HN-PHỤ KHO HƯNG | C11: =HỆ_SỐ_PHẨM_CHẤT!$A$6 -> Xanh lá | D11: =IF(CHỈ_SỐ_TRẮNG!$D$7="","",ROUND(CHỈ_SỐ_TRẮNG!$D$7*HỆ_SỐ_PHẨM_CHẤT!$C$6,0)) -> 1552 | E11: =IF(CHỈ_SỐ_TRẮNG!$E$7="","",ROUND(CHỈ_SỐ_TRẮNG!$E$7*HỆ_SỐ_PHẨM_CHẤT!$D$6,0)) -> 86 | F11: =IF(CHỈ_SỐ_TRẮNG!$F$7="","",ROUND(CHỈ_SỐ_TRẮNG!$F$7*HỆ_SỐ_PHẨM_CHẤT!$E$6,0)) -> 64 | G11: =IF(CHỈ_SỐ_TRẮNG!$G$7="","",CHỈ_SỐ_TRẮNG!$G$7+HỆ_SỐ_PHẨM_CHẤT!$G$6) -> 93 | H11: =IF(CHỈ_SỐ_TRẮNG!$H$7="","",ROUND(CHỈ_SỐ_TRẮNG!$H$7*HỆ_SỐ_PHẨM_CHẤT!$F$6,1)) -> 23 | I11: =IF(CHỈ_SỐ_TRẮNG!$I$7="","",CHỈ_SỐ_TRẮNG!$I$7+HỆ_SỐ_PHẨM_CHẤT!$H$6) -> 0.035 | J11: =IF(CHỈ_SỐ_TRẮNG!$J$7="","",CHỈ_SỐ_TRẮNG!$J$7+HỆ_SỐ_PHẨM_CHẤT!$I$6) -> 0.025 | K11: =IF(CHỈ_SỐ_TRẮNG!$K$7="","",CHỈ_SỐ_TRẮNG!$K$7+HỆ_SỐ_PHẨM_CHẤT!$J$6) -> 0.035 | L11: =IF(CHỈ_SỐ_TRẮNG!$L$7="","",CHỈ_SỐ_TRẮNG!$L$7+HỆ_SỐ_PHẨM_CHẤT!$K$6) -> 1.5 | M11: =IF(CHỈ_SỐ_TRẮNG!$M$7="","",CHỈ_SỐ_TRẮNG!$M$7+HỆ_SỐ_PHẨM_CHẤT!$L$6) -> 0.055 | N11: =IF(OR(N(I11)>0.1,N(K11)>0.1),"Né/chí mạng vượt 10%","")
A12: =NHÂN_VẬT!$A$7 -> NV02 | B12: =IF(NHÂN_VẬT!$B$7="","",NHÂN_VẬT!$B$7) -> HN-PHỤ KHO HƯNG | C12: =HỆ_SỐ_PHẨM_CHẤT!$A$7 -> Xanh dương | D12: =IF(CHỈ_SỐ_TRẮNG!$D$7="","",ROUND(CHỈ_SỐ_TRẮNG!$D$7*HỆ_SỐ_PHẨM_CHẤT!$C$7,0)) -> 1755 | E12: =IF(CHỈ_SỐ_TRẮNG!$E$7="","",ROUND(CHỈ_SỐ_TRẮNG!$E$7*HỆ_SỐ_PHẨM_CHẤT!$D$7,0)) -> 98 | F12: =IF(CHỈ_SỐ_TRẮNG!$F$7="","",ROUND(CHỈ_SỐ_TRẮNG!$F$7*HỆ_SỐ_PHẨM_CHẤT!$E$7,0)) -> 73 | G12: =IF(CHỈ_SỐ_TRẮNG!$G$7="","",CHỈ_SỐ_TRẮNG!$G$7+HỆ_SỐ_PHẨM_CHẤT!$G$7) -> 94 | H12: =IF(CHỈ_SỐ_TRẮNG!$H$7="","",ROUND(CHỈ_SỐ_TRẮNG!$H$7*HỆ_SỐ_PHẨM_CHẤT!$F$7,1)) -> 26 | I12: =IF(CHỈ_SỐ_TRẮNG!$I$7="","",CHỈ_SỐ_TRẮNG!$I$7+HỆ_SỐ_PHẨM_CHẤT!$H$7) -> 0.04 | J12: =IF(CHỈ_SỐ_TRẮNG!$J$7="","",CHỈ_SỐ_TRẮNG!$J$7+HỆ_SỐ_PHẨM_CHẤT!$I$7) -> 0.03 | K12: =IF(CHỈ_SỐ_TRẮNG!$K$7="","",CHỈ_SỐ_TRẮNG!$K$7+HỆ_SỐ_PHẨM_CHẤT!$J$7) -> 0.04 | L12: =IF(CHỈ_SỐ_TRẮNG!$L$7="","",CHỈ_SỐ_TRẮNG!$L$7+HỆ_SỐ_PHẨM_CHẤT!$K$7) -> 1.55 | M12: =IF(CHỈ_SỐ_TRẮNG!$M$7="","",CHỈ_SỐ_TRẮNG!$M$7+HỆ_SỐ_PHẨM_CHẤT!$L$7) -> 0.06 | N12: =IF(OR(N(I12)>0.1,N(K12)>0.1),"Né/chí mạng vượt 10%","")
A13: =NHÂN_VẬT!$A$7 -> NV02 | B13: =IF(NHÂN_VẬT!$B$7="","",NHÂN_VẬT!$B$7) -> HN-PHỤ KHO HƯNG | C13: =HỆ_SỐ_PHẨM_CHẤT!$A$8 -> Tím | D13: =IF(CHỈ_SỐ_TRẮNG!$D$7="","",ROUND(CHỈ_SỐ_TRẮNG!$D$7*HỆ_SỐ_PHẨM_CHẤT!$C$8,0)) -> 2025 | E13: =IF(CHỈ_SỐ_TRẮNG!$E$7="","",ROUND(CHỈ_SỐ_TRẮNG!$E$7*HỆ_SỐ_PHẨM_CHẤT!$D$8,0)) -> 113 | F13: =IF(CHỈ_SỐ_TRẮNG!$F$7="","",ROUND(CHỈ_SỐ_TRẮNG!$F$7*HỆ_SỐ_PHẨM_CHẤT!$E$8,0)) -> 84 | G13: =IF(CHỈ_SỐ_TRẮNG!$G$7="","",CHỈ_SỐ_TRẮNG!$G$7+HỆ_SỐ_PHẨM_CHẤT!$G$8) -> 95 | H13: =IF(CHỈ_SỐ_TRẮNG!$H$7="","",ROUND(CHỈ_SỐ_TRẮNG!$H$7*HỆ_SỐ_PHẨM_CHẤT!$F$8,1)) -> 30 | I13: =IF(CHỈ_SỐ_TRẮNG!$I$7="","",CHỈ_SỐ_TRẮNG!$I$7+HỆ_SỐ_PHẨM_CHẤT!$H$8) -> 0.045 | J13: =IF(CHỈ_SỐ_TRẮNG!$J$7="","",CHỈ_SỐ_TRẮNG!$J$7+HỆ_SỐ_PHẨM_CHẤT!$I$8) -> 0.035 | K13: =IF(CHỈ_SỐ_TRẮNG!$K$7="","",CHỈ_SỐ_TRẮNG!$K$7+HỆ_SỐ_PHẨM_CHẤT!$J$8) -> 0.045 | L13: =IF(CHỈ_SỐ_TRẮNG!$L$7="","",CHỈ_SỐ_TRẮNG!$L$7+HỆ_SỐ_PHẨM_CHẤT!$K$8) -> 1.6 | M13: =IF(CHỈ_SỐ_TRẮNG!$M$7="","",CHỈ_SỐ_TRẮNG!$M$7+HỆ_SỐ_PHẨM_CHẤT!$L$8) -> 0.065 | N13: =IF(OR(N(I13)>0.1,N(K13)>0.1),"Né/chí mạng vượt 10%","")
A14: =NHÂN_VẬT!$A$7 -> NV02 | B14: =IF(NHÂN_VẬT!$B$7="","",NHÂN_VẬT!$B$7) -> HN-PHỤ KHO HƯNG | C14: =HỆ_SỐ_PHẨM_CHẤT!$A$9 -> Đỏ | D14: =IF(CHỈ_SỐ_TRẮNG!$D$7="","",ROUND(CHỈ_SỐ_TRẮNG!$D$7*HỆ_SỐ_PHẨM_CHẤT!$C$9,0)) -> 2363 | E14: =IF(CHỈ_SỐ_TRẮNG!$E$7="","",ROUND(CHỈ_SỐ_TRẮNG!$E$7*HỆ_SỐ_PHẨM_CHẤT!$D$9,0)) -> 131 | F14: =IF(CHỈ_SỐ_TRẮNG!$F$7="","",ROUND(CHỈ_SỐ_TRẮNG!$F$7*HỆ_SỐ_PHẨM_CHẤT!$E$9,0)) -> 98 | G14: =IF(CHỈ_SỐ_TRẮNG!$G$7="","",CHỈ_SỐ_TRẮNG!$G$7+HỆ_SỐ_PHẨM_CHẤT!$G$9) -> 96 | H14: =IF(CHỈ_SỐ_TRẮNG!$H$7="","",ROUND(CHỈ_SỐ_TRẮNG!$H$7*HỆ_SỐ_PHẨM_CHẤT!$F$9,1)) -> 35 | I14: =IF(CHỈ_SỐ_TRẮNG!$I$7="","",CHỈ_SỐ_TRẮNG!$I$7+HỆ_SỐ_PHẨM_CHẤT!$H$9) -> 0.05 | J14: =IF(CHỈ_SỐ_TRẮNG!$J$7="","",CHỈ_SỐ_TRẮNG!$J$7+HỆ_SỐ_PHẨM_CHẤT!$I$9) -> 0.04 | K14: =IF(CHỈ_SỐ_TRẮNG!$K$7="","",CHỈ_SỐ_TRẮNG!$K$7+HỆ_SỐ_PHẨM_CHẤT!$J$9) -> 0.05 | L14: =IF(CHỈ_SỐ_TRẮNG!$L$7="","",CHỈ_SỐ_TRẮNG!$L$7+HỆ_SỐ_PHẨM_CHẤT!$K$9) -> 1.65 | M14: =IF(CHỈ_SỐ_TRẮNG!$M$7="","",CHỈ_SỐ_TRẮNG!$M$7+HỆ_SỐ_PHẨM_CHẤT!$L$9) -> 0.07 | N14: =IF(OR(N(I14)>0.1,N(K14)>0.1),"Né/chí mạng vượt 10%","")
A15: =NHÂN_VẬT!$A$8 -> NV03 | B15: =IF(NHÂN_VẬT!$B$8="","",NHÂN_VẬT!$B$8) -> HCM-PHỤ KHO VŨ | C15: =HỆ_SỐ_PHẨM_CHẤT!$A$5 -> Trắng | D15: =IF(CHỈ_SỐ_TRẮNG!$D$8="","",ROUND(CHỈ_SỐ_TRẮNG!$D$8*HỆ_SỐ_PHẨM_CHẤT!$C$5,0)) -> 820 | E15: =IF(CHỈ_SỐ_TRẮNG!$E$8="","",ROUND(CHỈ_SỐ_TRẮNG!$E$8*HỆ_SỐ_PHẨM_CHẤT!$D$5,0)) -> 140 | F15: =IF(CHỈ_SỐ_TRẮNG!$F$8="","",ROUND(CHỈ_SỐ_TRẮNG!$F$8*HỆ_SỐ_PHẨM_CHẤT!$E$5,0)) -> 36 | G15: =IF(CHỈ_SỐ_TRẮNG!$G$8="","",CHỈ_SỐ_TRẮNG!$G$8+HỆ_SỐ_PHẨM_CHẤT!$G$5) -> 97 | H15: =IF(CHỈ_SỐ_TRẮNG!$H$8="","",ROUND(CHỈ_SỐ_TRẮNG!$H$8*HỆ_SỐ_PHẨM_CHẤT!$F$5,1)) -> 10 | I15: =IF(CHỈ_SỐ_TRẮNG!$I$8="","",CHỈ_SỐ_TRẮNG!$I$8+HỆ_SỐ_PHẨM_CHẤT!$H$5) -> 0.03 | J15: =IF(CHỈ_SỐ_TRẮNG!$J$8="","",CHỈ_SỐ_TRẮNG!$J$8+HỆ_SỐ_PHẨM_CHẤT!$I$5) -> 0.04 | K15: =IF(CHỈ_SỐ_TRẮNG!$K$8="","",CHỈ_SỐ_TRẮNG!$K$8+HỆ_SỐ_PHẨM_CHẤT!$J$5) -> 0.06 | L15: =IF(CHỈ_SỐ_TRẮNG!$L$8="","",CHỈ_SỐ_TRẮNG!$L$8+HỆ_SỐ_PHẨM_CHẤT!$K$5) -> 1.6 | M15: =IF(CHỈ_SỐ_TRẮNG!$M$8="","",CHỈ_SỐ_TRẮNG!$M$8+HỆ_SỐ_PHẨM_CHẤT!$L$5) -> 0.01 | N15: =IF(OR(N(I15)>0.1,N(K15)>0.1),"Né/chí mạng vượt 10%","")
A16: =NHÂN_VẬT!$A$8 -> NV03 | B16: =IF(NHÂN_VẬT!$B$8="","",NHÂN_VẬT!$B$8) -> HCM-PHỤ KHO VŨ | C16: =HỆ_SỐ_PHẨM_CHẤT!$A$6 -> Xanh lá | D16: =IF(CHỈ_SỐ_TRẮNG!$D$8="","",ROUND(CHỈ_SỐ_TRẮNG!$D$8*HỆ_SỐ_PHẨM_CHẤT!$C$6,0)) -> 943 | E16: =IF(CHỈ_SỐ_TRẮNG!$E$8="","",ROUND(CHỈ_SỐ_TRẮNG!$E$8*HỆ_SỐ_PHẨM_CHẤT!$D$6,0)) -> 161 | F16: =IF(CHỈ_SỐ_TRẮNG!$F$8="","",ROUND(CHỈ_SỐ_TRẮNG!$F$8*HỆ_SỐ_PHẨM_CHẤT!$E$6,0)) -> 41 | G16: =IF(CHỈ_SỐ_TRẮNG!$G$8="","",CHỈ_SỐ_TRẮNG!$G$8+HỆ_SỐ_PHẨM_CHẤT!$G$6) -> 98 | H16: =IF(CHỈ_SỐ_TRẮNG!$H$8="","",ROUND(CHỈ_SỐ_TRẮNG!$H$8*HỆ_SỐ_PHẨM_CHẤT!$F$6,1)) -> 11.5 | I16: =IF(CHỈ_SỐ_TRẮNG!$I$8="","",CHỈ_SỐ_TRẮNG!$I$8+HỆ_SỐ_PHẨM_CHẤT!$H$6) -> 0.035 | J16: =IF(CHỈ_SỐ_TRẮNG!$J$8="","",CHỈ_SỐ_TRẮNG!$J$8+HỆ_SỐ_PHẨM_CHẤT!$I$6) -> 0.045 | K16: =IF(CHỈ_SỐ_TRẮNG!$K$8="","",CHỈ_SỐ_TRẮNG!$K$8+HỆ_SỐ_PHẨM_CHẤT!$J$6) -> 0.065 | L16: =IF(CHỈ_SỐ_TRẮNG!$L$8="","",CHỈ_SỐ_TRẮNG!$L$8+HỆ_SỐ_PHẨM_CHẤT!$K$6) -> 1.6 | M16: =IF(CHỈ_SỐ_TRẮNG!$M$8="","",CHỈ_SỐ_TRẮNG!$M$8+HỆ_SỐ_PHẨM_CHẤT!$L$6) -> 0.015 | N16: =IF(OR(N(I16)>0.1,N(K16)>0.1),"Né/chí mạng vượt 10%","")
A17: =NHÂN_VẬT!$A$8 -> NV03 | B17: =IF(NHÂN_VẬT!$B$8="","",NHÂN_VẬT!$B$8) -> HCM-PHỤ KHO VŨ | C17: =HỆ_SỐ_PHẨM_CHẤT!$A$7 -> Xanh dương | D17: =IF(CHỈ_SỐ_TRẮNG!$D$8="","",ROUND(CHỈ_SỐ_TRẮNG!$D$8*HỆ_SỐ_PHẨM_CHẤT!$C$7,0)) -> 1066 | E17: =IF(CHỈ_SỐ_TRẮNG!$E$8="","",ROUND(CHỈ_SỐ_TRẮNG!$E$8*HỆ_SỐ_PHẨM_CHẤT!$D$7,0)) -> 182 | F17: =IF(CHỈ_SỐ_TRẮNG!$F$8="","",ROUND(CHỈ_SỐ_TRẮNG!$F$8*HỆ_SỐ_PHẨM_CHẤT!$E$7,0)) -> 47 | G17: =IF(CHỈ_SỐ_TRẮNG!$G$8="","",CHỈ_SỐ_TRẮNG!$G$8+HỆ_SỐ_PHẨM_CHẤT!$G$7) -> 99 | H17: =IF(CHỈ_SỐ_TRẮNG!$H$8="","",ROUND(CHỈ_SỐ_TRẮNG!$H$8*HỆ_SỐ_PHẨM_CHẤT!$F$7,1)) -> 13 | I17: =IF(CHỈ_SỐ_TRẮNG!$I$8="","",CHỈ_SỐ_TRẮNG!$I$8+HỆ_SỐ_PHẨM_CHẤT!$H$7) -> 0.04 | J17: =IF(CHỈ_SỐ_TRẮNG!$J$8="","",CHỈ_SỐ_TRẮNG!$J$8+HỆ_SỐ_PHẨM_CHẤT!$I$7) -> 0.05 | K17: =IF(CHỈ_SỐ_TRẮNG!$K$8="","",CHỈ_SỐ_TRẮNG!$K$8+HỆ_SỐ_PHẨM_CHẤT!$J$7) -> 0.07 | L17: =IF(CHỈ_SỐ_TRẮNG!$L$8="","",CHỈ_SỐ_TRẮNG!$L$8+HỆ_SỐ_PHẨM_CHẤT!$K$7) -> 1.65 | M17: =IF(CHỈ_SỐ_TRẮNG!$M$8="","",CHỈ_SỐ_TRẮNG!$M$8+HỆ_SỐ_PHẨM_CHẤT!$L$7) -> 0.02 | N17: =IF(OR(N(I17)>0.1,N(K17)>0.1),"Né/chí mạng vượt 10%","")
A18: =NHÂN_VẬT!$A$8 -> NV03 | B18: =IF(NHÂN_VẬT!$B$8="","",NHÂN_VẬT!$B$8) -> HCM-PHỤ KHO VŨ | C18: =HỆ_SỐ_PHẨM_CHẤT!$A$8 -> Tím | D18: =IF(CHỈ_SỐ_TRẮNG!$D$8="","",ROUND(CHỈ_SỐ_TRẮNG!$D$8*HỆ_SỐ_PHẨM_CHẤT!$C$8,0)) -> 1230 | E18: =IF(CHỈ_SỐ_TRẮNG!$E$8="","",ROUND(CHỈ_SỐ_TRẮNG!$E$8*HỆ_SỐ_PHẨM_CHẤT!$D$8,0)) -> 210 | F18: =IF(CHỈ_SỐ_TRẮNG!$F$8="","",ROUND(CHỈ_SỐ_TRẮNG!$F$8*HỆ_SỐ_PHẨM_CHẤT!$E$8,0)) -> 54 | G18: =IF(CHỈ_SỐ_TRẮNG!$G$8="","",CHỈ_SỐ_TRẮNG!$G$8+HỆ_SỐ_PHẨM_CHẤT!$G$8) -> 100 | H18: =IF(CHỈ_SỐ_TRẮNG!$H$8="","",ROUND(CHỈ_SỐ_TRẮNG!$H$8*HỆ_SỐ_PHẨM_CHẤT!$F$8,1)) -> 15 | I18: =IF(CHỈ_SỐ_TRẮNG!$I$8="","",CHỈ_SỐ_TRẮNG!$I$8+HỆ_SỐ_PHẨM_CHẤT!$H$8) -> 0.045 | J18: =IF(CHỈ_SỐ_TRẮNG!$J$8="","",CHỈ_SỐ_TRẮNG!$J$8+HỆ_SỐ_PHẨM_CHẤT!$I$8) -> 0.055 | K18: =IF(CHỈ_SỐ_TRẮNG!$K$8="","",CHỈ_SỐ_TRẮNG!$K$8+HỆ_SỐ_PHẨM_CHẤT!$J$8) -> 0.075 | L18: =IF(CHỈ_SỐ_TRẮNG!$L$8="","",CHỈ_SỐ_TRẮNG!$L$8+HỆ_SỐ_PHẨM_CHẤT!$K$8) -> 1.7 | M18: =IF(CHỈ_SỐ_TRẮNG!$M$8="","",CHỈ_SỐ_TRẮNG!$M$8+HỆ_SỐ_PHẨM_CHẤT!$L$8) -> 0.025 | N18: =IF(OR(N(I18)>0.1,N(K18)>0.1),"Né/chí mạng vượt 10%","")
A19: =NHÂN_VẬT!$A$8 -> NV03 | B19: =IF(NHÂN_VẬT!$B$8="","",NHÂN_VẬT!$B$8) -> HCM-PHỤ KHO VŨ | C19: =HỆ_SỐ_PHẨM_CHẤT!$A$9 -> Đỏ | D19: =IF(CHỈ_SỐ_TRẮNG!$D$8="","",ROUND(CHỈ_SỐ_TRẮNG!$D$8*HỆ_SỐ_PHẨM_CHẤT!$C$9,0)) -> 1435 | E19: =IF(CHỈ_SỐ_TRẮNG!$E$8="","",ROUND(CHỈ_SỐ_TRẮNG!$E$8*HỆ_SỐ_PHẨM_CHẤT!$D$9,0)) -> 245 | F19: =IF(CHỈ_SỐ_TRẮNG!$F$8="","",ROUND(CHỈ_SỐ_TRẮNG!$F$8*HỆ_SỐ_PHẨM_CHẤT!$E$9,0)) -> 63 | G19: =IF(CHỈ_SỐ_TRẮNG!$G$8="","",CHỈ_SỐ_TRẮNG!$G$8+HỆ_SỐ_PHẨM_CHẤT!$G$9) -> 101 | H19: =IF(CHỈ_SỐ_TRẮNG!$H$8="","",ROUND(CHỈ_SỐ_TRẮNG!$H$8*HỆ_SỐ_PHẨM_CHẤT!$F$9,1)) -> 17.5 | I19: =IF(CHỈ_SỐ_TRẮNG!$I$8="","",CHỈ_SỐ_TRẮNG!$I$8+HỆ_SỐ_PHẨM_CHẤT!$H$9) -> 0.05 | J19: =IF(CHỈ_SỐ_TRẮNG!$J$8="","",CHỈ_SỐ_TRẮNG!$J$8+HỆ_SỐ_PHẨM_CHẤT!$I$9) -> 0.06 | K19: =IF(CHỈ_SỐ_TRẮNG!$K$8="","",CHỈ_SỐ_TRẮNG!$K$8+HỆ_SỐ_PHẨM_CHẤT!$J$9) -> 0.08 | L19: =IF(CHỈ_SỐ_TRẮNG!$L$8="","",CHỈ_SỐ_TRẮNG!$L$8+HỆ_SỐ_PHẨM_CHẤT!$K$9) -> 1.75 | M19: =IF(CHỈ_SỐ_TRẮNG!$M$8="","",CHỈ_SỐ_TRẮNG!$M$8+HỆ_SỐ_PHẨM_CHẤT!$L$9) -> 0.03 | N19: =IF(OR(N(I19)>0.1,N(K19)>0.1),"Né/chí mạng vượt 10%","")
A20: =NHÂN_VẬT!$A$9 -> NV04 | B20: =IF(NHÂN_VẬT!$B$9="","",NHÂN_VẬT!$B$9) -> HCM-SALE THẢO | C20: =HỆ_SỐ_PHẨM_CHẤT!$A$5 -> Trắng | D20: =IF(CHỈ_SỐ_TRẮNG!$D$9="","",ROUND(CHỈ_SỐ_TRẮNG!$D$9*HỆ_SỐ_PHẨM_CHẤT!$C$5,0)) -> 880 | E20: =IF(CHỈ_SỐ_TRẮNG!$E$9="","",ROUND(CHỈ_SỐ_TRẮNG!$E$9*HỆ_SỐ_PHẨM_CHẤT!$D$5,0)) -> 130 | F20: =IF(CHỈ_SỐ_TRẮNG!$F$9="","",ROUND(CHỈ_SỐ_TRẮNG!$F$9*HỆ_SỐ_PHẨM_CHẤT!$E$5,0)) -> 34 | G20: =IF(CHỈ_SỐ_TRẮNG!$G$9="","",CHỈ_SỐ_TRẮNG!$G$9+HỆ_SỐ_PHẨM_CHẤT!$G$5) -> 101 | H20: =IF(CHỈ_SỐ_TRẮNG!$H$9="","",ROUND(CHỈ_SỐ_TRẮNG!$H$9*HỆ_SỐ_PHẨM_CHẤT!$F$5,1)) -> 10 | I20: =IF(CHỈ_SỐ_TRẮNG!$I$9="","",CHỈ_SỐ_TRẮNG!$I$9+HỆ_SỐ_PHẨM_CHẤT!$H$5) -> 0.03 | J20: =IF(CHỈ_SỐ_TRẮNG!$J$9="","",CHỈ_SỐ_TRẮNG!$J$9+HỆ_SỐ_PHẨM_CHẤT!$I$5) -> 0.05 | K20: =IF(CHỈ_SỐ_TRẮNG!$K$9="","",CHỈ_SỐ_TRẮNG!$K$9+HỆ_SỐ_PHẨM_CHẤT!$J$5) -> 0.05 | L20: =IF(CHỈ_SỐ_TRẮNG!$L$9="","",CHỈ_SỐ_TRẮNG!$L$9+HỆ_SỐ_PHẨM_CHẤT!$K$5) -> 1.55 | M20: =IF(CHỈ_SỐ_TRẮNG!$M$9="","",CHỈ_SỐ_TRẮNG!$M$9+HỆ_SỐ_PHẨM_CHẤT!$L$5) -> 0.01 | N20: =IF(OR(N(I20)>0.1,N(K20)>0.1),"Né/chí mạng vượt 10%","")
A21: =NHÂN_VẬT!$A$9 -> NV04 | B21: =IF(NHÂN_VẬT!$B$9="","",NHÂN_VẬT!$B$9) -> HCM-SALE THẢO | C21: =HỆ_SỐ_PHẨM_CHẤT!$A$6 -> Xanh lá | D21: =IF(CHỈ_SỐ_TRẮNG!$D$9="","",ROUND(CHỈ_SỐ_TRẮNG!$D$9*HỆ_SỐ_PHẨM_CHẤT!$C$6,0)) -> 1012 | E21: =IF(CHỈ_SỐ_TRẮNG!$E$9="","",ROUND(CHỈ_SỐ_TRẮNG!$E$9*HỆ_SỐ_PHẨM_CHẤT!$D$6,0)) -> 150 | F21: =IF(CHỈ_SỐ_TRẮNG!$F$9="","",ROUND(CHỈ_SỐ_TRẮNG!$F$9*HỆ_SỐ_PHẨM_CHẤT!$E$6,0)) -> 39 | G21: =IF(CHỈ_SỐ_TRẮNG!$G$9="","",CHỈ_SỐ_TRẮNG!$G$9+HỆ_SỐ_PHẨM_CHẤT!$G$6) -> 102 | H21: =IF(CHỈ_SỐ_TRẮNG!$H$9="","",ROUND(CHỈ_SỐ_TRẮNG!$H$9*HỆ_SỐ_PHẨM_CHẤT!$F$6,1)) -> 11.5 | I21: =IF(CHỈ_SỐ_TRẮNG!$I$9="","",CHỈ_SỐ_TRẮNG!$I$9+HỆ_SỐ_PHẨM_CHẤT!$H$6) -> 0.035 | J21: =IF(CHỈ_SỐ_TRẮNG!$J$9="","",CHỈ_SỐ_TRẮNG!$J$9+HỆ_SỐ_PHẨM_CHẤT!$I$6) -> 0.055 | K21: =IF(CHỈ_SỐ_TRẮNG!$K$9="","",CHỈ_SỐ_TRẮNG!$K$9+HỆ_SỐ_PHẨM_CHẤT!$J$6) -> 0.055 | L21: =IF(CHỈ_SỐ_TRẮNG!$L$9="","",CHỈ_SỐ_TRẮNG!$L$9+HỆ_SỐ_PHẨM_CHẤT!$K$6) -> 1.55 | M21: =IF(CHỈ_SỐ_TRẮNG!$M$9="","",CHỈ_SỐ_TRẮNG!$M$9+HỆ_SỐ_PHẨM_CHẤT!$L$6) -> 0.015 | N21: =IF(OR(N(I21)>0.1,N(K21)>0.1),"Né/chí mạng vượt 10%","")
A22: =NHÂN_VẬT!$A$9 -> NV04 | B22: =IF(NHÂN_VẬT!$B$9="","",NHÂN_VẬT!$B$9) -> HCM-SALE THẢO | C22: =HỆ_SỐ_PHẨM_CHẤT!$A$7 -> Xanh dương | D22: =IF(CHỈ_SỐ_TRẮNG!$D$9="","",ROUND(CHỈ_SỐ_TRẮNG!$D$9*HỆ_SỐ_PHẨM_CHẤT!$C$7,0)) -> 1144 | E22: =IF(CHỈ_SỐ_TRẮNG!$E$9="","",ROUND(CHỈ_SỐ_TRẮNG!$E$9*HỆ_SỐ_PHẨM_CHẤT!$D$7,0)) -> 169 | F22: =IF(CHỈ_SỐ_TRẮNG!$F$9="","",ROUND(CHỈ_SỐ_TRẮNG!$F$9*HỆ_SỐ_PHẨM_CHẤT!$E$7,0)) -> 44 | G22: =IF(CHỈ_SỐ_TRẮNG!$G$9="","",CHỈ_SỐ_TRẮNG!$G$9+HỆ_SỐ_PHẨM_CHẤT!$G$7) -> 103 | H22: =IF(CHỈ_SỐ_TRẮNG!$H$9="","",ROUND(CHỈ_SỐ_TRẮNG!$H$9*HỆ_SỐ_PHẨM_CHẤT!$F$7,1)) -> 13 | I22: =IF(CHỈ_SỐ_TRẮNG!$I$9="","",CHỈ_SỐ_TRẮNG!$I$9+HỆ_SỐ_PHẨM_CHẤT!$H$7) -> 0.04 | J22: =IF(CHỈ_SỐ_TRẮNG!$J$9="","",CHỈ_SỐ_TRẮNG!$J$9+HỆ_SỐ_PHẨM_CHẤT!$I$7) -> 0.06 | K22: =IF(CHỈ_SỐ_TRẮNG!$K$9="","",CHỈ_SỐ_TRẮNG!$K$9+HỆ_SỐ_PHẨM_CHẤT!$J$7) -> 0.06 | L22: =IF(CHỈ_SỐ_TRẮNG!$L$9="","",CHỈ_SỐ_TRẮNG!$L$9+HỆ_SỐ_PHẨM_CHẤT!$K$7) -> 1.6 | M22: =IF(CHỈ_SỐ_TRẮNG!$M$9="","",CHỈ_SỐ_TRẮNG!$M$9+HỆ_SỐ_PHẨM_CHẤT!$L$7) -> 0.02 | N22: =IF(OR(N(I22)>0.1,N(K22)>0.1),"Né/chí mạng vượt 10%","")
A23: =NHÂN_VẬT!$A$9 -> NV04 | B23: =IF(NHÂN_VẬT!$B$9="","",NHÂN_VẬT!$B$9) -> HCM-SALE THẢO | C23: =HỆ_SỐ_PHẨM_CHẤT!$A$8 -> Tím | D23: =IF(CHỈ_SỐ_TRẮNG!$D$9="","",ROUND(CHỈ_SỐ_TRẮNG!$D$9*HỆ_SỐ_PHẨM_CHẤT!$C$8,0)) -> 1320 | E23: =IF(CHỈ_SỐ_TRẮNG!$E$9="","",ROUND(CHỈ_SỐ_TRẮNG!$E$9*HỆ_SỐ_PHẨM_CHẤT!$D$8,0)) -> 195 | F23: =IF(CHỈ_SỐ_TRẮNG!$F$9="","",ROUND(CHỈ_SỐ_TRẮNG!$F$9*HỆ_SỐ_PHẨM_CHẤT!$E$8,0)) -> 51 | G23: =IF(CHỈ_SỐ_TRẮNG!$G$9="","",CHỈ_SỐ_TRẮNG!$G$9+HỆ_SỐ_PHẨM_CHẤT!$G$8) -> 104 | H23: =IF(CHỈ_SỐ_TRẮNG!$H$9="","",ROUND(CHỈ_SỐ_TRẮNG!$H$9*HỆ_SỐ_PHẨM_CHẤT!$F$8,1)) -> 15 | I23: =IF(CHỈ_SỐ_TRẮNG!$I$9="","",CHỈ_SỐ_TRẮNG!$I$9+HỆ_SỐ_PHẨM_CHẤT!$H$8) -> 0.045 | J23: =IF(CHỈ_SỐ_TRẮNG!$J$9="","",CHỈ_SỐ_TRẮNG!$J$9+HỆ_SỐ_PHẨM_CHẤT!$I$8) -> 0.065 | K23: =IF(CHỈ_SỐ_TRẮNG!$K$9="","",CHỈ_SỐ_TRẮNG!$K$9+HỆ_SỐ_PHẨM_CHẤT!$J$8) -> 0.065 | L23: =IF(CHỈ_SỐ_TRẮNG!$L$9="","",CHỈ_SỐ_TRẮNG!$L$9+HỆ_SỐ_PHẨM_CHẤT!$K$8) -> 1.65 | M23: =IF(CHỈ_SỐ_TRẮNG!$M$9="","",CHỈ_SỐ_TRẮNG!$M$9+HỆ_SỐ_PHẨM_CHẤT!$L$8) -> 0.025 | N23: =IF(OR(N(I23)>0.1,N(K23)>0.1),"Né/chí mạng vượt 10%","")
A24: =NHÂN_VẬT!$A$9 -> NV04 | B24: =IF(NHÂN_VẬT!$B$9="","",NHÂN_VẬT!$B$9) -> HCM-SALE THẢO | C24: =HỆ_SỐ_PHẨM_CHẤT!$A$9 -> Đỏ | D24: =IF(CHỈ_SỐ_TRẮNG!$D$9="","",ROUND(CHỈ_SỐ_TRẮNG!$D$9*HỆ_SỐ_PHẨM_CHẤT!$C$9,0)) -> 1540 | E24: =IF(CHỈ_SỐ_TRẮNG!$E$9="","",ROUND(CHỈ_SỐ_TRẮNG!$E$9*HỆ_SỐ_PHẨM_CHẤT!$D$9,0)) -> 228 | F24: =IF(CHỈ_SỐ_TRẮNG!$F$9="","",ROUND(CHỈ_SỐ_TRẮNG!$F$9*HỆ_SỐ_PHẨM_CHẤT!$E$9,0)) -> 60 | G24: =IF(CHỈ_SỐ_TRẮNG!$G$9="","",CHỈ_SỐ_TRẮNG!$G$9+HỆ_SỐ_PHẨM_CHẤT!$G$9) -> 105 | H24: =IF(CHỈ_SỐ_TRẮNG!$H$9="","",ROUND(CHỈ_SỐ_TRẮNG!$H$9*HỆ_SỐ_PHẨM_CHẤT!$F$9,1)) -> 17.5 | I24: =IF(CHỈ_SỐ_TRẮNG!$I$9="","",CHỈ_SỐ_TRẮNG!$I$9+HỆ_SỐ_PHẨM_CHẤT!$H$9) -> 0.05 | J24: =IF(CHỈ_SỐ_TRẮNG!$J$9="","",CHỈ_SỐ_TRẮNG!$J$9+HỆ_SỐ_PHẨM_CHẤT!$I$9) -> 0.07 | K24: =IF(CHỈ_SỐ_TRẮNG!$K$9="","",CHỈ_SỐ_TRẮNG!$K$9+HỆ_SỐ_PHẨM_CHẤT!$J$9) -> 0.07 | L24: =IF(CHỈ_SỐ_TRẮNG!$L$9="","",CHỈ_SỐ_TRẮNG!$L$9+HỆ_SỐ_PHẨM_CHẤT!$K$9) -> 1.7 | M24: =IF(CHỈ_SỐ_TRẮNG!$M$9="","",CHỈ_SỐ_TRẮNG!$M$9+HỆ_SỐ_PHẨM_CHẤT!$L$9) -> 0.03 | N24: =IF(OR(N(I24)>0.1,N(K24)>0.1),"Né/chí mạng vượt 10%","")
A25: =NHÂN_VẬT!$A$10 -> NV05 | B25: =IF(NHÂN_VẬT!$B$10="","",NHÂN_VẬT!$B$10) -> HCM-SALE DƯƠNG | C25: =HỆ_SỐ_PHẨM_CHẤT!$A$5 -> Trắng | D25: =IF(CHỈ_SỐ_TRẮNG!$D$10="","",ROUND(CHỈ_SỐ_TRẮNG!$D$10*HỆ_SỐ_PHẨM_CHẤT!$C$5,0)) -> 880 | E25: =IF(CHỈ_SỐ_TRẮNG!$E$10="","",ROUND(CHỈ_SỐ_TRẮNG!$E$10*HỆ_SỐ_PHẨM_CHẤT!$D$5,0)) -> 108 | F25: =IF(CHỈ_SỐ_TRẮNG!$F$10="","",ROUND(CHỈ_SỐ_TRẮNG!$F$10*HỆ_SỐ_PHẨM_CHẤT!$E$5,0)) -> 36 | G25: =IF(CHỈ_SỐ_TRẮNG!$G$10="","",CHỈ_SỐ_TRẮNG!$G$10+HỆ_SỐ_PHẨM_CHẤT!$G$5) -> 105 | H25: =IF(CHỈ_SỐ_TRẮNG!$H$10="","",ROUND(CHỈ_SỐ_TRẮNG!$H$10*HỆ_SỐ_PHẨM_CHẤT!$F$5,1)) -> 12 | I25: =IF(CHỈ_SỐ_TRẮNG!$I$10="","",CHỈ_SỐ_TRẮNG!$I$10+HỆ_SỐ_PHẨM_CHẤT!$H$5) -> 0.04 | J25: =IF(CHỈ_SỐ_TRẮNG!$J$10="","",CHỈ_SỐ_TRẮNG!$J$10+HỆ_SỐ_PHẨM_CHẤT!$I$5) -> 0.04 | K25: =IF(CHỈ_SỐ_TRẮNG!$K$10="","",CHỈ_SỐ_TRẮNG!$K$10+HỆ_SỐ_PHẨM_CHẤT!$J$5) -> 0.04 | L25: =IF(CHỈ_SỐ_TRẮNG!$L$10="","",CHỈ_SỐ_TRẮNG!$L$10+HỆ_SỐ_PHẨM_CHẤT!$K$5) -> 1.5 | M25: =IF(CHỈ_SỐ_TRẮNG!$M$10="","",CHỈ_SỐ_TRẮNG!$M$10+HỆ_SỐ_PHẨM_CHẤT!$L$5) -> 0.02 | N25: =IF(OR(N(I25)>0.1,N(K25)>0.1),"Né/chí mạng vượt 10%","")
A26: =NHÂN_VẬT!$A$10 -> NV05 | B26: =IF(NHÂN_VẬT!$B$10="","",NHÂN_VẬT!$B$10) -> HCM-SALE DƯƠNG | C26: =HỆ_SỐ_PHẨM_CHẤT!$A$6 -> Xanh lá | D26: =IF(CHỈ_SỐ_TRẮNG!$D$10="","",ROUND(CHỈ_SỐ_TRẮNG!$D$10*HỆ_SỐ_PHẨM_CHẤT!$C$6,0)) -> 1012 | E26: =IF(CHỈ_SỐ_TRẮNG!$E$10="","",ROUND(CHỈ_SỐ_TRẮNG!$E$10*HỆ_SỐ_PHẨM_CHẤT!$D$6,0)) -> 124 | F26: =IF(CHỈ_SỐ_TRẮNG!$F$10="","",ROUND(CHỈ_SỐ_TRẮNG!$F$10*HỆ_SỐ_PHẨM_CHẤT!$E$6,0)) -> 41 | G26: =IF(CHỈ_SỐ_TRẮNG!$G$10="","",CHỈ_SỐ_TRẮNG!$G$10+HỆ_SỐ_PHẨM_CHẤT!$G$6) -> 106 | H26: =IF(CHỈ_SỐ_TRẮNG!$H$10="","",ROUND(CHỈ_SỐ_TRẮNG!$H$10*HỆ_SỐ_PHẨM_CHẤT!$F$6,1)) -> 13.8 | I26: =IF(CHỈ_SỐ_TRẮNG!$I$10="","",CHỈ_SỐ_TRẮNG!$I$10+HỆ_SỐ_PHẨM_CHẤT!$H$6) -> 0.045 | J26: =IF(CHỈ_SỐ_TRẮNG!$J$10="","",CHỈ_SỐ_TRẮNG!$J$10+HỆ_SỐ_PHẨM_CHẤT!$I$6) -> 0.045 | K26: =IF(CHỈ_SỐ_TRẮNG!$K$10="","",CHỈ_SỐ_TRẮNG!$K$10+HỆ_SỐ_PHẨM_CHẤT!$J$6) -> 0.045 | L26: =IF(CHỈ_SỐ_TRẮNG!$L$10="","",CHỈ_SỐ_TRẮNG!$L$10+HỆ_SỐ_PHẨM_CHẤT!$K$6) -> 1.5 | M26: =IF(CHỈ_SỐ_TRẮNG!$M$10="","",CHỈ_SỐ_TRẮNG!$M$10+HỆ_SỐ_PHẨM_CHẤT!$L$6) -> 0.025 | N26: =IF(OR(N(I26)>0.1,N(K26)>0.1),"Né/chí mạng vượt 10%","")
A27: =NHÂN_VẬT!$A$10 -> NV05 | B27: =IF(NHÂN_VẬT!$B$10="","",NHÂN_VẬT!$B$10) -> HCM-SALE DƯƠNG | C27: =HỆ_SỐ_PHẨM_CHẤT!$A$7 -> Xanh dương | D27: =IF(CHỈ_SỐ_TRẮNG!$D$10="","",ROUND(CHỈ_SỐ_TRẮNG!$D$10*HỆ_SỐ_PHẨM_CHẤT!$C$7,0)) -> 1144 | E27: =IF(CHỈ_SỐ_TRẮNG!$E$10="","",ROUND(CHỈ_SỐ_TRẮNG!$E$10*HỆ_SỐ_PHẨM_CHẤT!$D$7,0)) -> 140 | F27: =IF(CHỈ_SỐ_TRẮNG!$F$10="","",ROUND(CHỈ_SỐ_TRẮNG!$F$10*HỆ_SỐ_PHẨM_CHẤT!$E$7,0)) -> 47 | G27: =IF(CHỈ_SỐ_TRẮNG!$G$10="","",CHỈ_SỐ_TRẮNG!$G$10+HỆ_SỐ_PHẨM_CHẤT!$G$7) -> 107 | H27: =IF(CHỈ_SỐ_TRẮNG!$H$10="","",ROUND(CHỈ_SỐ_TRẮNG!$H$10*HỆ_SỐ_PHẨM_CHẤT!$F$7,1)) -> 15.6 | I27: =IF(CHỈ_SỐ_TRẮNG!$I$10="","",CHỈ_SỐ_TRẮNG!$I$10+HỆ_SỐ_PHẨM_CHẤT!$H$7) -> 0.05 | J27: =IF(CHỈ_SỐ_TRẮNG!$J$10="","",CHỈ_SỐ_TRẮNG!$J$10+HỆ_SỐ_PHẨM_CHẤT!$I$7) -> 0.05 | K27: =IF(CHỈ_SỐ_TRẮNG!$K$10="","",CHỈ_SỐ_TRẮNG!$K$10+HỆ_SỐ_PHẨM_CHẤT!$J$7) -> 0.05 | L27: =IF(CHỈ_SỐ_TRẮNG!$L$10="","",CHỈ_SỐ_TRẮNG!$L$10+HỆ_SỐ_PHẨM_CHẤT!$K$7) -> 1.55 | M27: =IF(CHỈ_SỐ_TRẮNG!$M$10="","",CHỈ_SỐ_TRẮNG!$M$10+HỆ_SỐ_PHẨM_CHẤT!$L$7) -> 0.03 | N27: =IF(OR(N(I27)>0.1,N(K27)>0.1),"Né/chí mạng vượt 10%","")
A28: =NHÂN_VẬT!$A$10 -> NV05 | B28: =IF(NHÂN_VẬT!$B$10="","",NHÂN_VẬT!$B$10) -> HCM-SALE DƯƠNG | C28: =HỆ_SỐ_PHẨM_CHẤT!$A$8 -> Tím | D28: =IF(CHỈ_SỐ_TRẮNG!$D$10="","",ROUND(CHỈ_SỐ_TRẮNG!$D$10*HỆ_SỐ_PHẨM_CHẤT!$C$8,0)) -> 1320 | E28: =IF(CHỈ_SỐ_TRẮNG!$E$10="","",ROUND(CHỈ_SỐ_TRẮNG!$E$10*HỆ_SỐ_PHẨM_CHẤT!$D$8,0)) -> 162 | F28: =IF(CHỈ_SỐ_TRẮNG!$F$10="","",ROUND(CHỈ_SỐ_TRẮNG!$F$10*HỆ_SỐ_PHẨM_CHẤT!$E$8,0)) -> 54 | G28: =IF(CHỈ_SỐ_TRẮNG!$G$10="","",CHỈ_SỐ_TRẮNG!$G$10+HỆ_SỐ_PHẨM_CHẤT!$G$8) -> 108 | H28: =IF(CHỈ_SỐ_TRẮNG!$H$10="","",ROUND(CHỈ_SỐ_TRẮNG!$H$10*HỆ_SỐ_PHẨM_CHẤT!$F$8,1)) -> 18 | I28: =IF(CHỈ_SỐ_TRẮNG!$I$10="","",CHỈ_SỐ_TRẮNG!$I$10+HỆ_SỐ_PHẨM_CHẤT!$H$8) -> 0.055 | J28: =IF(CHỈ_SỐ_TRẮNG!$J$10="","",CHỈ_SỐ_TRẮNG!$J$10+HỆ_SỐ_PHẨM_CHẤT!$I$8) -> 0.055 | K28: =IF(CHỈ_SỐ_TRẮNG!$K$10="","",CHỈ_SỐ_TRẮNG!$K$10+HỆ_SỐ_PHẨM_CHẤT!$J$8) -> 0.055 | L28: =IF(CHỈ_SỐ_TRẮNG!$L$10="","",CHỈ_SỐ_TRẮNG!$L$10+HỆ_SỐ_PHẨM_CHẤT!$K$8) -> 1.6 | M28: =IF(CHỈ_SỐ_TRẮNG!$M$10="","",CHỈ_SỐ_TRẮNG!$M$10+HỆ_SỐ_PHẨM_CHẤT!$L$8) -> 0.035 | N28: =IF(OR(N(I28)>0.1,N(K28)>0.1),"Né/chí mạng vượt 10%","")
A29: =NHÂN_VẬT!$A$10 -> NV05 | B29: =IF(NHÂN_VẬT!$B$10="","",NHÂN_VẬT!$B$10) -> HCM-SALE DƯƠNG | C29: =HỆ_SỐ_PHẨM_CHẤT!$A$9 -> Đỏ | D29: =IF(CHỈ_SỐ_TRẮNG!$D$10="","",ROUND(CHỈ_SỐ_TRẮNG!$D$10*HỆ_SỐ_PHẨM_CHẤT!$C$9,0)) -> 1540 | E29: =IF(CHỈ_SỐ_TRẮNG!$E$10="","",ROUND(CHỈ_SỐ_TRẮNG!$E$10*HỆ_SỐ_PHẨM_CHẤT!$D$9,0)) -> 189 | F29: =IF(CHỈ_SỐ_TRẮNG!$F$10="","",ROUND(CHỈ_SỐ_TRẮNG!$F$10*HỆ_SỐ_PHẨM_CHẤT!$E$9,0)) -> 63 | G29: =IF(CHỈ_SỐ_TRẮNG!$G$10="","",CHỈ_SỐ_TRẮNG!$G$10+HỆ_SỐ_PHẨM_CHẤT!$G$9) -> 109 | H29: =IF(CHỈ_SỐ_TRẮNG!$H$10="","",ROUND(CHỈ_SỐ_TRẮNG!$H$10*HỆ_SỐ_PHẨM_CHẤT!$F$9,1)) -> 21 | I29: =IF(CHỈ_SỐ_TRẮNG!$I$10="","",CHỈ_SỐ_TRẮNG!$I$10+HỆ_SỐ_PHẨM_CHẤT!$H$9) -> 0.06 | J29: =IF(CHỈ_SỐ_TRẮNG!$J$10="","",CHỈ_SỐ_TRẮNG!$J$10+HỆ_SỐ_PHẨM_CHẤT!$I$9) -> 0.06 | K29: =IF(CHỈ_SỐ_TRẮNG!$K$10="","",CHỈ_SỐ_TRẮNG!$K$10+HỆ_SỐ_PHẨM_CHẤT!$J$9) -> 0.06 | L29: =IF(CHỈ_SỐ_TRẮNG!$L$10="","",CHỈ_SỐ_TRẮNG!$L$10+HỆ_SỐ_PHẨM_CHẤT!$K$9) -> 1.65 | M29: =IF(CHỈ_SỐ_TRẮNG!$M$10="","",CHỈ_SỐ_TRẮNG!$M$10+HỆ_SỐ_PHẨM_CHẤT!$L$9) -> 0.04 | N29: =IF(OR(N(I29)>0.1,N(K29)>0.1),"Né/chí mạng vượt 10%","")
A30: =NHÂN_VẬT!$A$11 -> NV06 | B30: =IF(NHÂN_VẬT!$B$11="","",NHÂN_VẬT!$B$11) -> HCM-SALE DUYÊN | C30: =HỆ_SỐ_PHẨM_CHẤT!$A$5 -> Trắng | D30: =IF(CHỈ_SỐ_TRẮNG!$D$11="","",ROUND(CHỈ_SỐ_TRẮNG!$D$11*HỆ_SỐ_PHẨM_CHẤT!$C$5,0)) -> 1000 | E30: =IF(CHỈ_SỐ_TRẮNG!$E$11="","",ROUND(CHỈ_SỐ_TRẮNG!$E$11*HỆ_SỐ_PHẨM_CHẤT!$D$5,0)) -> 70 | F30: =IF(CHỈ_SỐ_TRẮNG!$F$11="","",ROUND(CHỈ_SỐ_TRẮNG!$F$11*HỆ_SỐ_PHẨM_CHẤT!$E$5,0)) -> 40 | G30: =IF(CHỈ_SỐ_TRẮNG!$G$11="","",CHỈ_SỐ_TRẮNG!$G$11+HỆ_SỐ_PHẨM_CHẤT!$G$5) -> 109 | H30: =IF(CHỈ_SỐ_TRẮNG!$H$11="","",ROUND(CHỈ_SỐ_TRẮNG!$H$11*HỆ_SỐ_PHẨM_CHẤT!$F$5,1)) -> 18 | I30: =IF(CHỈ_SỐ_TRẮNG!$I$11="","",CHỈ_SỐ_TRẮNG!$I$11+HỆ_SỐ_PHẨM_CHẤT!$H$5) -> 0.04 | J30: =IF(CHỈ_SỐ_TRẮNG!$J$11="","",CHỈ_SỐ_TRẮNG!$J$11+HỆ_SỐ_PHẨM_CHẤT!$I$5) -> 0.03 | K30: =IF(CHỈ_SỐ_TRẮNG!$K$11="","",CHỈ_SỐ_TRẮNG!$K$11+HỆ_SỐ_PHẨM_CHẤT!$J$5) -> 0.03 | L30: =IF(CHỈ_SỐ_TRẮNG!$L$11="","",CHỈ_SỐ_TRẮNG!$L$11+HỆ_SỐ_PHẨM_CHẤT!$K$5) -> 1.5 | M30: =IF(CHỈ_SỐ_TRẮNG!$M$11="","",CHỈ_SỐ_TRẮNG!$M$11+HỆ_SỐ_PHẨM_CHẤT!$L$5) -> 0.03 | N30: =IF(OR(N(I30)>0.1,N(K30)>0.1),"Né/chí mạng vượt 10%","")
A31: =NHÂN_VẬT!$A$11 -> NV06 | B31: =IF(NHÂN_VẬT!$B$11="","",NHÂN_VẬT!$B$11) -> HCM-SALE DUYÊN | C31: =HỆ_SỐ_PHẨM_CHẤT!$A$6 -> Xanh lá | D31: =IF(CHỈ_SỐ_TRẮNG!$D$11="","",ROUND(CHỈ_SỐ_TRẮNG!$D$11*HỆ_SỐ_PHẨM_CHẤT!$C$6,0)) -> 1150 | E31: =IF(CHỈ_SỐ_TRẮNG!$E$11="","",ROUND(CHỈ_SỐ_TRẮNG!$E$11*HỆ_SỐ_PHẨM_CHẤT!$D$6,0)) -> 81 | F31: =IF(CHỈ_SỐ_TRẮNG!$F$11="","",ROUND(CHỈ_SỐ_TRẮNG!$F$11*HỆ_SỐ_PHẨM_CHẤT!$E$6,0)) -> 46 | G31: =IF(CHỈ_SỐ_TRẮNG!$G$11="","",CHỈ_SỐ_TRẮNG!$G$11+HỆ_SỐ_PHẨM_CHẤT!$G$6) -> 110 | H31: =IF(CHỈ_SỐ_TRẮNG!$H$11="","",ROUND(CHỈ_SỐ_TRẮNG!$H$11*HỆ_SỐ_PHẨM_CHẤT!$F$6,1)) -> 20.7 | I31: =IF(CHỈ_SỐ_TRẮNG!$I$11="","",CHỈ_SỐ_TRẮNG!$I$11+HỆ_SỐ_PHẨM_CHẤT!$H$6) -> 0.045 | J31: =IF(CHỈ_SỐ_TRẮNG!$J$11="","",CHỈ_SỐ_TRẮNG!$J$11+HỆ_SỐ_PHẨM_CHẤT!$I$6) -> 0.035 | K31: =IF(CHỈ_SỐ_TRẮNG!$K$11="","",CHỈ_SỐ_TRẮNG!$K$11+HỆ_SỐ_PHẨM_CHẤT!$J$6) -> 0.035 | L31: =IF(CHỈ_SỐ_TRẮNG!$L$11="","",CHỈ_SỐ_TRẮNG!$L$11+HỆ_SỐ_PHẨM_CHẤT!$K$6) -> 1.5 | M31: =IF(CHỈ_SỐ_TRẮNG!$M$11="","",CHỈ_SỐ_TRẮNG!$M$11+HỆ_SỐ_PHẨM_CHẤT!$L$6) -> 0.035 | N31: =IF(OR(N(I31)>0.1,N(K31)>0.1),"Né/chí mạng vượt 10%","")
A32: =NHÂN_VẬT!$A$11 -> NV06 | B32: =IF(NHÂN_VẬT!$B$11="","",NHÂN_VẬT!$B$11) -> HCM-SALE DUYÊN | C32: =HỆ_SỐ_PHẨM_CHẤT!$A$7 -> Xanh dương | D32: =IF(CHỈ_SỐ_TRẮNG!$D$11="","",ROUND(CHỈ_SỐ_TRẮNG!$D$11*HỆ_SỐ_PHẨM_CHẤT!$C$7,0)) -> 1300 | E32: =IF(CHỈ_SỐ_TRẮNG!$E$11="","",ROUND(CHỈ_SỐ_TRẮNG!$E$11*HỆ_SỐ_PHẨM_CHẤT!$D$7,0)) -> 91 | F32: =IF(CHỈ_SỐ_TRẮNG!$F$11="","",ROUND(CHỈ_SỐ_TRẮNG!$F$11*HỆ_SỐ_PHẨM_CHẤT!$E$7,0)) -> 52 | G32: =IF(CHỈ_SỐ_TRẮNG!$G$11="","",CHỈ_SỐ_TRẮNG!$G$11+HỆ_SỐ_PHẨM_CHẤT!$G$7) -> 111 | H32: =IF(CHỈ_SỐ_TRẮNG!$H$11="","",ROUND(CHỈ_SỐ_TRẮNG!$H$11*HỆ_SỐ_PHẨM_CHẤT!$F$7,1)) -> 23.4 | I32: =IF(CHỈ_SỐ_TRẮNG!$I$11="","",CHỈ_SỐ_TRẮNG!$I$11+HỆ_SỐ_PHẨM_CHẤT!$H$7) -> 0.05 | J32: =IF(CHỈ_SỐ_TRẮNG!$J$11="","",CHỈ_SỐ_TRẮNG!$J$11+HỆ_SỐ_PHẨM_CHẤT!$I$7) -> 0.04 | K32: =IF(CHỈ_SỐ_TRẮNG!$K$11="","",CHỈ_SỐ_TRẮNG!$K$11+HỆ_SỐ_PHẨM_CHẤT!$J$7) -> 0.04 | L32: =IF(CHỈ_SỐ_TRẮNG!$L$11="","",CHỈ_SỐ_TRẮNG!$L$11+HỆ_SỐ_PHẨM_CHẤT!$K$7) -> 1.55 | M32: =IF(CHỈ_SỐ_TRẮNG!$M$11="","",CHỈ_SỐ_TRẮNG!$M$11+HỆ_SỐ_PHẨM_CHẤT!$L$7) -> 0.04 | N32: =IF(OR(N(I32)>0.1,N(K32)>0.1),"Né/chí mạng vượt 10%","")
A33: =NHÂN_VẬT!$A$11 -> NV06 | B33: =IF(NHÂN_VẬT!$B$11="","",NHÂN_VẬT!$B$11) -> HCM-SALE DUYÊN | C33: =HỆ_SỐ_PHẨM_CHẤT!$A$8 -> Tím | D33: =IF(CHỈ_SỐ_TRẮNG!$D$11="","",ROUND(CHỈ_SỐ_TRẮNG!$D$11*HỆ_SỐ_PHẨM_CHẤT!$C$8,0)) -> 1500 | E33: =IF(CHỈ_SỐ_TRẮNG!$E$11="","",ROUND(CHỈ_SỐ_TRẮNG!$E$11*HỆ_SỐ_PHẨM_CHẤT!$D$8,0)) -> 105 | F33: =IF(CHỈ_SỐ_TRẮNG!$F$11="","",ROUND(CHỈ_SỐ_TRẮNG!$F$11*HỆ_SỐ_PHẨM_CHẤT!$E$8,0)) -> 60 | G33: =IF(CHỈ_SỐ_TRẮNG!$G$11="","",CHỈ_SỐ_TRẮNG!$G$11+HỆ_SỐ_PHẨM_CHẤT!$G$8) -> 112 | H33: =IF(CHỈ_SỐ_TRẮNG!$H$11="","",ROUND(CHỈ_SỐ_TRẮNG!$H$11*HỆ_SỐ_PHẨM_CHẤT!$F$8,1)) -> 27 | I33: =IF(CHỈ_SỐ_TRẮNG!$I$11="","",CHỈ_SỐ_TRẮNG!$I$11+HỆ_SỐ_PHẨM_CHẤT!$H$8) -> 0.055 | J33: =IF(CHỈ_SỐ_TRẮNG!$J$11="","",CHỈ_SỐ_TRẮNG!$J$11+HỆ_SỐ_PHẨM_CHẤT!$I$8) -> 0.045 | K33: =IF(CHỈ_SỐ_TRẮNG!$K$11="","",CHỈ_SỐ_TRẮNG!$K$11+HỆ_SỐ_PHẨM_CHẤT!$J$8) -> 0.045 | L33: =IF(CHỈ_SỐ_TRẮNG!$L$11="","",CHỈ_SỐ_TRẮNG!$L$11+HỆ_SỐ_PHẨM_CHẤT!$K$8) -> 1.6 | M33: =IF(CHỈ_SỐ_TRẮNG!$M$11="","",CHỈ_SỐ_TRẮNG!$M$11+HỆ_SỐ_PHẨM_CHẤT!$L$8) -> 0.045 | N33: =IF(OR(N(I33)>0.1,N(K33)>0.1),"Né/chí mạng vượt 10%","")
A34: =NHÂN_VẬT!$A$11 -> NV06 | B34: =IF(NHÂN_VẬT!$B$11="","",NHÂN_VẬT!$B$11) -> HCM-SALE DUYÊN | C34: =HỆ_SỐ_PHẨM_CHẤT!$A$9 -> Đỏ | D34: =IF(CHỈ_SỐ_TRẮNG!$D$11="","",ROUND(CHỈ_SỐ_TRẮNG!$D$11*HỆ_SỐ_PHẨM_CHẤT!$C$9,0)) -> 1750 | E34: =IF(CHỈ_SỐ_TRẮNG!$E$11="","",ROUND(CHỈ_SỐ_TRẮNG!$E$11*HỆ_SỐ_PHẨM_CHẤT!$D$9,0)) -> 123 | F34: =IF(CHỈ_SỐ_TRẮNG!$F$11="","",ROUND(CHỈ_SỐ_TRẮNG!$F$11*HỆ_SỐ_PHẨM_CHẤT!$E$9,0)) -> 70 | G34: =IF(CHỈ_SỐ_TRẮNG!$G$11="","",CHỈ_SỐ_TRẮNG!$G$11+HỆ_SỐ_PHẨM_CHẤT!$G$9) -> 113 | H34: =IF(CHỈ_SỐ_TRẮNG!$H$11="","",ROUND(CHỈ_SỐ_TRẮNG!$H$11*HỆ_SỐ_PHẨM_CHẤT!$F$9,1)) -> 31.5 | I34: =IF(CHỈ_SỐ_TRẮNG!$I$11="","",CHỈ_SỐ_TRẮNG!$I$11+HỆ_SỐ_PHẨM_CHẤT!$H$9) -> 0.06 | J34: =IF(CHỈ_SỐ_TRẮNG!$J$11="","",CHỈ_SỐ_TRẮNG!$J$11+HỆ_SỐ_PHẨM_CHẤT!$I$9) -> 0.05 | K34: =IF(CHỈ_SỐ_TRẮNG!$K$11="","",CHỈ_SỐ_TRẮNG!$K$11+HỆ_SỐ_PHẨM_CHẤT!$J$9) -> 0.05 | L34: =IF(CHỈ_SỐ_TRẮNG!$L$11="","",CHỈ_SỐ_TRẮNG!$L$11+HỆ_SỐ_PHẨM_CHẤT!$K$9) -> 1.65 | M34: =IF(CHỈ_SỐ_TRẮNG!$M$11="","",CHỈ_SỐ_TRẮNG!$M$11+HỆ_SỐ_PHẨM_CHẤT!$L$9) -> 0.05 | N34: =IF(OR(N(I34)>0.1,N(K34)>0.1),"Né/chí mạng vượt 10%","")
A35: =NHÂN_VẬT!$A$12 -> NV07 | B35: =IF(NHÂN_VẬT!$B$12="","",NHÂN_VẬT!$B$12) -> HCM-KẾ TOÁN THU | C35: =HỆ_SỐ_PHẨM_CHẤT!$A$5 -> Trắng | D35: =IF(CHỈ_SỐ_TRẮNG!$D$12="","",ROUND(CHỈ_SỐ_TRẮNG!$D$12*HỆ_SỐ_PHẨM_CHẤT!$C$5,0)) -> 950 | E35: =IF(CHỈ_SỐ_TRẮNG!$E$12="","",ROUND(CHỈ_SỐ_TRẮNG!$E$12*HỆ_SỐ_PHẨM_CHẤT!$D$5,0)) -> 75 | F35: =IF(CHỈ_SỐ_TRẮNG!$F$12="","",ROUND(CHỈ_SỐ_TRẮNG!$F$12*HỆ_SỐ_PHẨM_CHẤT!$E$5,0)) -> 44 | G35: =IF(CHỈ_SỐ_TRẮNG!$G$12="","",CHỈ_SỐ_TRẮNG!$G$12+HỆ_SỐ_PHẨM_CHẤT!$G$5) -> 113 | H35: =IF(CHỈ_SỐ_TRẮNG!$H$12="","",ROUND(CHỈ_SỐ_TRẮNG!$H$12*HỆ_SỐ_PHẨM_CHẤT!$F$5,1)) -> 16 | I35: =IF(CHỈ_SỐ_TRẮNG!$I$12="","",CHỈ_SỐ_TRẮNG!$I$12+HỆ_SỐ_PHẨM_CHẤT!$H$5) -> 0.04 | J35: =IF(CHỈ_SỐ_TRẮNG!$J$12="","",CHỈ_SỐ_TRẮNG!$J$12+HỆ_SỐ_PHẨM_CHẤT!$I$5) -> 0.03 | K35: =IF(CHỈ_SỐ_TRẮNG!$K$12="","",CHỈ_SỐ_TRẮNG!$K$12+HỆ_SỐ_PHẨM_CHẤT!$J$5) -> 0.03 | L35: =IF(CHỈ_SỐ_TRẮNG!$L$12="","",CHỈ_SỐ_TRẮNG!$L$12+HỆ_SỐ_PHẨM_CHẤT!$K$5) -> 1.5 | M35: =IF(CHỈ_SỐ_TRẮNG!$M$12="","",CHỈ_SỐ_TRẮNG!$M$12+HỆ_SỐ_PHẨM_CHẤT!$L$5) -> 0.03 | N35: =IF(OR(N(I35)>0.1,N(K35)>0.1),"Né/chí mạng vượt 10%","")
A36: =NHÂN_VẬT!$A$12 -> NV07 | B36: =IF(NHÂN_VẬT!$B$12="","",NHÂN_VẬT!$B$12) -> HCM-KẾ TOÁN THU | C36: =HỆ_SỐ_PHẨM_CHẤT!$A$6 -> Xanh lá | D36: =IF(CHỈ_SỐ_TRẮNG!$D$12="","",ROUND(CHỈ_SỐ_TRẮNG!$D$12*HỆ_SỐ_PHẨM_CHẤT!$C$6,0)) -> 1093 | E36: =IF(CHỈ_SỐ_TRẮNG!$E$12="","",ROUND(CHỈ_SỐ_TRẮNG!$E$12*HỆ_SỐ_PHẨM_CHẤT!$D$6,0)) -> 86 | F36: =IF(CHỈ_SỐ_TRẮNG!$F$12="","",ROUND(CHỈ_SỐ_TRẮNG!$F$12*HỆ_SỐ_PHẨM_CHẤT!$E$6,0)) -> 51 | G36: =IF(CHỈ_SỐ_TRẮNG!$G$12="","",CHỈ_SỐ_TRẮNG!$G$12+HỆ_SỐ_PHẨM_CHẤT!$G$6) -> 114 | H36: =IF(CHỈ_SỐ_TRẮNG!$H$12="","",ROUND(CHỈ_SỐ_TRẮNG!$H$12*HỆ_SỐ_PHẨM_CHẤT!$F$6,1)) -> 18.4 | I36: =IF(CHỈ_SỐ_TRẮNG!$I$12="","",CHỈ_SỐ_TRẮNG!$I$12+HỆ_SỐ_PHẨM_CHẤT!$H$6) -> 0.045 | J36: =IF(CHỈ_SỐ_TRẮNG!$J$12="","",CHỈ_SỐ_TRẮNG!$J$12+HỆ_SỐ_PHẨM_CHẤT!$I$6) -> 0.035 | K36: =IF(CHỈ_SỐ_TRẮNG!$K$12="","",CHỈ_SỐ_TRẮNG!$K$12+HỆ_SỐ_PHẨM_CHẤT!$J$6) -> 0.035 | L36: =IF(CHỈ_SỐ_TRẮNG!$L$12="","",CHỈ_SỐ_TRẮNG!$L$12+HỆ_SỐ_PHẨM_CHẤT!$K$6) -> 1.5 | M36: =IF(CHỈ_SỐ_TRẮNG!$M$12="","",CHỈ_SỐ_TRẮNG!$M$12+HỆ_SỐ_PHẨM_CHẤT!$L$6) -> 0.035 | N36: =IF(OR(N(I36)>0.1,N(K36)>0.1),"Né/chí mạng vượt 10%","")
A37: =NHÂN_VẬT!$A$12 -> NV07 | B37: =IF(NHÂN_VẬT!$B$12="","",NHÂN_VẬT!$B$12) -> HCM-KẾ TOÁN THU | C37: =HỆ_SỐ_PHẨM_CHẤT!$A$7 -> Xanh dương | D37: =IF(CHỈ_SỐ_TRẮNG!$D$12="","",ROUND(CHỈ_SỐ_TRẮNG!$D$12*HỆ_SỐ_PHẨM_CHẤT!$C$7,0)) -> 1235 | E37: =IF(CHỈ_SỐ_TRẮNG!$E$12="","",ROUND(CHỈ_SỐ_TRẮNG!$E$12*HỆ_SỐ_PHẨM_CHẤT!$D$7,0)) -> 98 | F37: =IF(CHỈ_SỐ_TRẮNG!$F$12="","",ROUND(CHỈ_SỐ_TRẮNG!$F$12*HỆ_SỐ_PHẨM_CHẤT!$E$7,0)) -> 57 | G37: =IF(CHỈ_SỐ_TRẮNG!$G$12="","",CHỈ_SỐ_TRẮNG!$G$12+HỆ_SỐ_PHẨM_CHẤT!$G$7) -> 115 | H37: =IF(CHỈ_SỐ_TRẮNG!$H$12="","",ROUND(CHỈ_SỐ_TRẮNG!$H$12*HỆ_SỐ_PHẨM_CHẤT!$F$7,1)) -> 20.8 | I37: =IF(CHỈ_SỐ_TRẮNG!$I$12="","",CHỈ_SỐ_TRẮNG!$I$12+HỆ_SỐ_PHẨM_CHẤT!$H$7) -> 0.05 | J37: =IF(CHỈ_SỐ_TRẮNG!$J$12="","",CHỈ_SỐ_TRẮNG!$J$12+HỆ_SỐ_PHẨM_CHẤT!$I$7) -> 0.04 | K37: =IF(CHỈ_SỐ_TRẮNG!$K$12="","",CHỈ_SỐ_TRẮNG!$K$12+HỆ_SỐ_PHẨM_CHẤT!$J$7) -> 0.04 | L37: =IF(CHỈ_SỐ_TRẮNG!$L$12="","",CHỈ_SỐ_TRẮNG!$L$12+HỆ_SỐ_PHẨM_CHẤT!$K$7) -> 1.55 | M37: =IF(CHỈ_SỐ_TRẮNG!$M$12="","",CHỈ_SỐ_TRẮNG!$M$12+HỆ_SỐ_PHẨM_CHẤT!$L$7) -> 0.04 | N37: =IF(OR(N(I37)>0.1,N(K37)>0.1),"Né/chí mạng vượt 10%","")
A38: =NHÂN_VẬT!$A$12 -> NV07 | B38: =IF(NHÂN_VẬT!$B$12="","",NHÂN_VẬT!$B$12) -> HCM-KẾ TOÁN THU | C38: =HỆ_SỐ_PHẨM_CHẤT!$A$8 -> Tím | D38: =IF(CHỈ_SỐ_TRẮNG!$D$12="","",ROUND(CHỈ_SỐ_TRẮNG!$D$12*HỆ_SỐ_PHẨM_CHẤT!$C$8,0)) -> 1425 | E38: =IF(CHỈ_SỐ_TRẮNG!$E$12="","",ROUND(CHỈ_SỐ_TRẮNG!$E$12*HỆ_SỐ_PHẨM_CHẤT!$D$8,0)) -> 113 | F38: =IF(CHỈ_SỐ_TRẮNG!$F$12="","",ROUND(CHỈ_SỐ_TRẮNG!$F$12*HỆ_SỐ_PHẨM_CHẤT!$E$8,0)) -> 66 | G38: =IF(CHỈ_SỐ_TRẮNG!$G$12="","",CHỈ_SỐ_TRẮNG!$G$12+HỆ_SỐ_PHẨM_CHẤT!$G$8) -> 116 | H38: =IF(CHỈ_SỐ_TRẮNG!$H$12="","",ROUND(CHỈ_SỐ_TRẮNG!$H$12*HỆ_SỐ_PHẨM_CHẤT!$F$8,1)) -> 24 | I38: =IF(CHỈ_SỐ_TRẮNG!$I$12="","",CHỈ_SỐ_TRẮNG!$I$12+HỆ_SỐ_PHẨM_CHẤT!$H$8) -> 0.055 | J38: =IF(CHỈ_SỐ_TRẮNG!$J$12="","",CHỈ_SỐ_TRẮNG!$J$12+HỆ_SỐ_PHẨM_CHẤT!$I$8) -> 0.045 | K38: =IF(CHỈ_SỐ_TRẮNG!$K$12="","",CHỈ_SỐ_TRẮNG!$K$12+HỆ_SỐ_PHẨM_CHẤT!$J$8) -> 0.045 | L38: =IF(CHỈ_SỐ_TRẮNG!$L$12="","",CHỈ_SỐ_TRẮNG!$L$12+HỆ_SỐ_PHẨM_CHẤT!$K$8) -> 1.6 | M38: =IF(CHỈ_SỐ_TRẮNG!$M$12="","",CHỈ_SỐ_TRẮNG!$M$12+HỆ_SỐ_PHẨM_CHẤT!$L$8) -> 0.045 | N38: =IF(OR(N(I38)>0.1,N(K38)>0.1),"Né/chí mạng vượt 10%","")
A39: =NHÂN_VẬT!$A$12 -> NV07 | B39: =IF(NHÂN_VẬT!$B$12="","",NHÂN_VẬT!$B$12) -> HCM-KẾ TOÁN THU | C39: =HỆ_SỐ_PHẨM_CHẤT!$A$9 -> Đỏ | D39: =IF(CHỈ_SỐ_TRẮNG!$D$12="","",ROUND(CHỈ_SỐ_TRẮNG!$D$12*HỆ_SỐ_PHẨM_CHẤT!$C$9,0)) -> 1663 | E39: =IF(CHỈ_SỐ_TRẮNG!$E$12="","",ROUND(CHỈ_SỐ_TRẮNG!$E$12*HỆ_SỐ_PHẨM_CHẤT!$D$9,0)) -> 131 | F39: =IF(CHỈ_SỐ_TRẮNG!$F$12="","",ROUND(CHỈ_SỐ_TRẮNG!$F$12*HỆ_SỐ_PHẨM_CHẤT!$E$9,0)) -> 77 | G39: =IF(CHỈ_SỐ_TRẮNG!$G$12="","",CHỈ_SỐ_TRẮNG!$G$12+HỆ_SỐ_PHẨM_CHẤT!$G$9) -> 117 | H39: =IF(CHỈ_SỐ_TRẮNG!$H$12="","",ROUND(CHỈ_SỐ_TRẮNG!$H$12*HỆ_SỐ_PHẨM_CHẤT!$F$9,1)) -> 28 | I39: =IF(CHỈ_SỐ_TRẮNG!$I$12="","",CHỈ_SỐ_TRẮNG!$I$12+HỆ_SỐ_PHẨM_CHẤT!$H$9) -> 0.06 | J39: =IF(CHỈ_SỐ_TRẮNG!$J$12="","",CHỈ_SỐ_TRẮNG!$J$12+HỆ_SỐ_PHẨM_CHẤT!$I$9) -> 0.05 | K39: =IF(CHỈ_SỐ_TRẮNG!$K$12="","",CHỈ_SỐ_TRẮNG!$K$12+HỆ_SỐ_PHẨM_CHẤT!$J$9) -> 0.05 | L39: =IF(CHỈ_SỐ_TRẮNG!$L$12="","",CHỈ_SỐ_TRẮNG!$L$12+HỆ_SỐ_PHẨM_CHẤT!$K$9) -> 1.65 | M39: =IF(CHỈ_SỐ_TRẮNG!$M$12="","",CHỈ_SỐ_TRẮNG!$M$12+HỆ_SỐ_PHẨM_CHẤT!$L$9) -> 0.05 | N39: =IF(OR(N(I39)>0.1,N(K39)>0.1),"Né/chí mạng vượt 10%","")
A40: =NHÂN_VẬT!$A$13 -> NV08 | B40: =IF(NHÂN_VẬT!$B$13="","",NHÂN_VẬT!$B$13) -> HCM-SALE NHÂN | C40: =HỆ_SỐ_PHẨM_CHẤT!$A$5 -> Trắng | D40: =IF(CHỈ_SỐ_TRẮNG!$D$13="","",ROUND(CHỈ_SỐ_TRẮNG!$D$13*HỆ_SỐ_PHẨM_CHẤT!$C$5,0)) -> 760 | E40: =IF(CHỈ_SỐ_TRẮNG!$E$13="","",ROUND(CHỈ_SỐ_TRẮNG!$E$13*HỆ_SỐ_PHẨM_CHẤT!$D$5,0)) -> 130 | F40: =IF(CHỈ_SỐ_TRẮNG!$F$13="","",ROUND(CHỈ_SỐ_TRẮNG!$F$13*HỆ_SỐ_PHẨM_CHẤT!$E$5,0)) -> 28 | G40: =IF(CHỈ_SỐ_TRẮNG!$G$13="","",CHỈ_SỐ_TRẮNG!$G$13+HỆ_SỐ_PHẨM_CHẤT!$G$5) -> 121 | H40: =IF(CHỈ_SỐ_TRẮNG!$H$13="","",ROUND(CHỈ_SỐ_TRẮNG!$H$13*HỆ_SỐ_PHẨM_CHẤT!$F$5,1)) -> 8 | I40: =IF(CHỈ_SỐ_TRẮNG!$I$13="","",CHỈ_SỐ_TRẮNG!$I$13+HỆ_SỐ_PHẨM_CHẤT!$H$5) -> 0.06 | J40: =IF(CHỈ_SỐ_TRẮNG!$J$13="","",CHỈ_SỐ_TRẮNG!$J$13+HỆ_SỐ_PHẨM_CHẤT!$I$5) -> 0.06 | K40: =IF(CHỈ_SỐ_TRẮNG!$K$13="","",CHỈ_SỐ_TRẮNG!$K$13+HỆ_SỐ_PHẨM_CHẤT!$J$5) -> 0.08 | L40: =IF(CHỈ_SỐ_TRẮNG!$L$13="","",CHỈ_SỐ_TRẮNG!$L$13+HỆ_SỐ_PHẨM_CHẤT!$K$5) -> 1.65 | M40: =IF(CHỈ_SỐ_TRẮNG!$M$13="","",CHỈ_SỐ_TRẮNG!$M$13+HỆ_SỐ_PHẨM_CHẤT!$L$5) -> 0 | N40: =IF(OR(N(I40)>0.1,N(K40)>0.1),"Né/chí mạng vượt 10%","")
A41: =NHÂN_VẬT!$A$13 -> NV08 | B41: =IF(NHÂN_VẬT!$B$13="","",NHÂN_VẬT!$B$13) -> HCM-SALE NHÂN | C41: =HỆ_SỐ_PHẨM_CHẤT!$A$6 -> Xanh lá | D41: =IF(CHỈ_SỐ_TRẮNG!$D$13="","",ROUND(CHỈ_SỐ_TRẮNG!$D$13*HỆ_SỐ_PHẨM_CHẤT!$C$6,0)) -> 874 | E41: =IF(CHỈ_SỐ_TRẮNG!$E$13="","",ROUND(CHỈ_SỐ_TRẮNG!$E$13*HỆ_SỐ_PHẨM_CHẤT!$D$6,0)) -> 150 | F41: =IF(CHỈ_SỐ_TRẮNG!$F$13="","",ROUND(CHỈ_SỐ_TRẮNG!$F$13*HỆ_SỐ_PHẨM_CHẤT!$E$6,0)) -> 32 | G41: =IF(CHỈ_SỐ_TRẮNG!$G$13="","",CHỈ_SỐ_TRẮNG!$G$13+HỆ_SỐ_PHẨM_CHẤT!$G$6) -> 122 | H41: =IF(CHỈ_SỐ_TRẮNG!$H$13="","",ROUND(CHỈ_SỐ_TRẮNG!$H$13*HỆ_SỐ_PHẨM_CHẤT!$F$6,1)) -> 9.2 | I41: =IF(CHỈ_SỐ_TRẮNG!$I$13="","",CHỈ_SỐ_TRẮNG!$I$13+HỆ_SỐ_PHẨM_CHẤT!$H$6) -> 0.065 | J41: =IF(CHỈ_SỐ_TRẮNG!$J$13="","",CHỈ_SỐ_TRẮNG!$J$13+HỆ_SỐ_PHẨM_CHẤT!$I$6) -> 0.065 | K41: =IF(CHỈ_SỐ_TRẮNG!$K$13="","",CHỈ_SỐ_TRẮNG!$K$13+HỆ_SỐ_PHẨM_CHẤT!$J$6) -> 0.085 | L41: =IF(CHỈ_SỐ_TRẮNG!$L$13="","",CHỈ_SỐ_TRẮNG!$L$13+HỆ_SỐ_PHẨM_CHẤT!$K$6) -> 1.65 | M41: =IF(CHỈ_SỐ_TRẮNG!$M$13="","",CHỈ_SỐ_TRẮNG!$M$13+HỆ_SỐ_PHẨM_CHẤT!$L$6) -> 0.005 | N41: =IF(OR(N(I41)>0.1,N(K41)>0.1),"Né/chí mạng vượt 10%","")
A42: =NHÂN_VẬT!$A$13 -> NV08 | B42: =IF(NHÂN_VẬT!$B$13="","",NHÂN_VẬT!$B$13) -> HCM-SALE NHÂN | C42: =HỆ_SỐ_PHẨM_CHẤT!$A$7 -> Xanh dương | D42: =IF(CHỈ_SỐ_TRẮNG!$D$13="","",ROUND(CHỈ_SỐ_TRẮNG!$D$13*HỆ_SỐ_PHẨM_CHẤT!$C$7,0)) -> 988 | E42: =IF(CHỈ_SỐ_TRẮNG!$E$13="","",ROUND(CHỈ_SỐ_TRẮNG!$E$13*HỆ_SỐ_PHẨM_CHẤT!$D$7,0)) -> 169 | F42: =IF(CHỈ_SỐ_TRẮNG!$F$13="","",ROUND(CHỈ_SỐ_TRẮNG!$F$13*HỆ_SỐ_PHẨM_CHẤT!$E$7,0)) -> 36 | G42: =IF(CHỈ_SỐ_TRẮNG!$G$13="","",CHỈ_SỐ_TRẮNG!$G$13+HỆ_SỐ_PHẨM_CHẤT!$G$7) -> 123 | H42: =IF(CHỈ_SỐ_TRẮNG!$H$13="","",ROUND(CHỈ_SỐ_TRẮNG!$H$13*HỆ_SỐ_PHẨM_CHẤT!$F$7,1)) -> 10.4 | I42: =IF(CHỈ_SỐ_TRẮNG!$I$13="","",CHỈ_SỐ_TRẮNG!$I$13+HỆ_SỐ_PHẨM_CHẤT!$H$7) -> 0.07 | J42: =IF(CHỈ_SỐ_TRẮNG!$J$13="","",CHỈ_SỐ_TRẮNG!$J$13+HỆ_SỐ_PHẨM_CHẤT!$I$7) -> 0.07 | K42: =IF(CHỈ_SỐ_TRẮNG!$K$13="","",CHỈ_SỐ_TRẮNG!$K$13+HỆ_SỐ_PHẨM_CHẤT!$J$7) -> 0.09 | L42: =IF(CHỈ_SỐ_TRẮNG!$L$13="","",CHỈ_SỐ_TRẮNG!$L$13+HỆ_SỐ_PHẨM_CHẤT!$K$7) -> 1.7 | M42: =IF(CHỈ_SỐ_TRẮNG!$M$13="","",CHỈ_SỐ_TRẮNG!$M$13+HỆ_SỐ_PHẨM_CHẤT!$L$7) -> 0.01 | N42: =IF(OR(N(I42)>0.1,N(K42)>0.1),"Né/chí mạng vượt 10%","")
A43: =NHÂN_VẬT!$A$13 -> NV08 | B43: =IF(NHÂN_VẬT!$B$13="","",NHÂN_VẬT!$B$13) -> HCM-SALE NHÂN | C43: =HỆ_SỐ_PHẨM_CHẤT!$A$8 -> Tím | D43: =IF(CHỈ_SỐ_TRẮNG!$D$13="","",ROUND(CHỈ_SỐ_TRẮNG!$D$13*HỆ_SỐ_PHẨM_CHẤT!$C$8,0)) -> 1140 | E43: =IF(CHỈ_SỐ_TRẮNG!$E$13="","",ROUND(CHỈ_SỐ_TRẮNG!$E$13*HỆ_SỐ_PHẨM_CHẤT!$D$8,0)) -> 195 | F43: =IF(CHỈ_SỐ_TRẮNG!$F$13="","",ROUND(CHỈ_SỐ_TRẮNG!$F$13*HỆ_SỐ_PHẨM_CHẤT!$E$8,0)) -> 42 | G43: =IF(CHỈ_SỐ_TRẮNG!$G$13="","",CHỈ_SỐ_TRẮNG!$G$13+HỆ_SỐ_PHẨM_CHẤT!$G$8) -> 124 | H43: =IF(CHỈ_SỐ_TRẮNG!$H$13="","",ROUND(CHỈ_SỐ_TRẮNG!$H$13*HỆ_SỐ_PHẨM_CHẤT!$F$8,1)) -> 12 | I43: =IF(CHỈ_SỐ_TRẮNG!$I$13="","",CHỈ_SỐ_TRẮNG!$I$13+HỆ_SỐ_PHẨM_CHẤT!$H$8) -> 0.075 | J43: =IF(CHỈ_SỐ_TRẮNG!$J$13="","",CHỈ_SỐ_TRẮNG!$J$13+HỆ_SỐ_PHẨM_CHẤT!$I$8) -> 0.075 | K43: =IF(CHỈ_SỐ_TRẮNG!$K$13="","",CHỈ_SỐ_TRẮNG!$K$13+HỆ_SỐ_PHẨM_CHẤT!$J$8) -> 0.095 | L43: =IF(CHỈ_SỐ_TRẮNG!$L$13="","",CHỈ_SỐ_TRẮNG!$L$13+HỆ_SỐ_PHẨM_CHẤT!$K$8) -> 1.75 | M43: =IF(CHỈ_SỐ_TRẮNG!$M$13="","",CHỈ_SỐ_TRẮNG!$M$13+HỆ_SỐ_PHẨM_CHẤT!$L$8) -> 0.015 | N43: =IF(OR(N(I43)>0.1,N(K43)>0.1),"Né/chí mạng vượt 10%","")
A44: =NHÂN_VẬT!$A$13 -> NV08 | B44: =IF(NHÂN_VẬT!$B$13="","",NHÂN_VẬT!$B$13) -> HCM-SALE NHÂN | C44: =HỆ_SỐ_PHẨM_CHẤT!$A$9 -> Đỏ | D44: =IF(CHỈ_SỐ_TRẮNG!$D$13="","",ROUND(CHỈ_SỐ_TRẮNG!$D$13*HỆ_SỐ_PHẨM_CHẤT!$C$9,0)) -> 1330 | E44: =IF(CHỈ_SỐ_TRẮNG!$E$13="","",ROUND(CHỈ_SỐ_TRẮNG!$E$13*HỆ_SỐ_PHẨM_CHẤT!$D$9,0)) -> 228 | F44: =IF(CHỈ_SỐ_TRẮNG!$F$13="","",ROUND(CHỈ_SỐ_TRẮNG!$F$13*HỆ_SỐ_PHẨM_CHẤT!$E$9,0)) -> 49 | G44: =IF(CHỈ_SỐ_TRẮNG!$G$13="","",CHỈ_SỐ_TRẮNG!$G$13+HỆ_SỐ_PHẨM_CHẤT!$G$9) -> 125 | H44: =IF(CHỈ_SỐ_TRẮNG!$H$13="","",ROUND(CHỈ_SỐ_TRẮNG!$H$13*HỆ_SỐ_PHẨM_CHẤT!$F$9,1)) -> 14 | I44: =IF(CHỈ_SỐ_TRẮNG!$I$13="","",CHỈ_SỐ_TRẮNG!$I$13+HỆ_SỐ_PHẨM_CHẤT!$H$9) -> 0.08 | J44: =IF(CHỈ_SỐ_TRẮNG!$J$13="","",CHỈ_SỐ_TRẮNG!$J$13+HỆ_SỐ_PHẨM_CHẤT!$I$9) -> 0.08 | K44: =IF(CHỈ_SỐ_TRẮNG!$K$13="","",CHỈ_SỐ_TRẮNG!$K$13+HỆ_SỐ_PHẨM_CHẤT!$J$9) -> 0.1 | L44: =IF(CHỈ_SỐ_TRẮNG!$L$13="","",CHỈ_SỐ_TRẮNG!$L$13+HỆ_SỐ_PHẨM_CHẤT!$K$9) -> 1.8 | M44: =IF(CHỈ_SỐ_TRẮNG!$M$13="","",CHỈ_SỐ_TRẮNG!$M$13+HỆ_SỐ_PHẨM_CHẤT!$L$9) -> 0.02 | N44: =IF(OR(N(I44)>0.1,N(K44)>0.1),"Né/chí mạng vượt 10%","")
A45: =NHÂN_VẬT!$A$14 -> NV09 | B45: =IF(NHÂN_VẬT!$B$14="","",NHÂN_VẬT!$B$14) -> HCM-PHỤ KHO ANH LÂM | C45: =HỆ_SỐ_PHẨM_CHẤT!$A$5 -> Trắng | D45: =IF(CHỈ_SỐ_TRẮNG!$D$14="","",ROUND(CHỈ_SỐ_TRẮNG!$D$14*HỆ_SỐ_PHẨM_CHẤT!$C$5,0)) -> 1200 | E45: =IF(CHỈ_SỐ_TRẮNG!$E$14="","",ROUND(CHỈ_SỐ_TRẮNG!$E$14*HỆ_SỐ_PHẨM_CHẤT!$D$5,0)) -> 90 | F45: =IF(CHỈ_SỐ_TRẮNG!$F$14="","",ROUND(CHỈ_SỐ_TRẮNG!$F$14*HỆ_SỐ_PHẨM_CHẤT!$E$5,0)) -> 50 | G45: =IF(CHỈ_SỐ_TRẮNG!$G$14="","",CHỈ_SỐ_TRẮNG!$G$14+HỆ_SỐ_PHẨM_CHẤT!$G$5) -> 85 | H45: =IF(CHỈ_SỐ_TRẮNG!$H$14="","",ROUND(CHỈ_SỐ_TRẮNG!$H$14*HỆ_SỐ_PHẨM_CHẤT!$F$5,1)) -> 20 | I45: =IF(CHỈ_SỐ_TRẮNG!$I$14="","",CHỈ_SỐ_TRẮNG!$I$14+HỆ_SỐ_PHẨM_CHẤT!$H$5) -> 0.03 | J45: =IF(CHỈ_SỐ_TRẮNG!$J$14="","",CHỈ_SỐ_TRẮNG!$J$14+HỆ_SỐ_PHẨM_CHẤT!$I$5) -> 0.03 | K45: =IF(CHỈ_SỐ_TRẮNG!$K$14="","",CHỈ_SỐ_TRẮNG!$K$14+HỆ_SỐ_PHẨM_CHẤT!$J$5) -> 0.04 | L45: =IF(CHỈ_SỐ_TRẮNG!$L$14="","",CHỈ_SỐ_TRẮNG!$L$14+HỆ_SỐ_PHẨM_CHẤT!$K$5) -> 1.5 | M45: =IF(CHỈ_SỐ_TRẮNG!$M$14="","",CHỈ_SỐ_TRẮNG!$M$14+HỆ_SỐ_PHẨM_CHẤT!$L$5) -> 0.04 | N45: =IF(OR(N(I45)>0.1,N(K45)>0.1),"Né/chí mạng vượt 10%","")
A46: =NHÂN_VẬT!$A$14 -> NV09 | B46: =IF(NHÂN_VẬT!$B$14="","",NHÂN_VẬT!$B$14) -> HCM-PHỤ KHO ANH LÂM | C46: =HỆ_SỐ_PHẨM_CHẤT!$A$6 -> Xanh lá | D46: =IF(CHỈ_SỐ_TRẮNG!$D$14="","",ROUND(CHỈ_SỐ_TRẮNG!$D$14*HỆ_SỐ_PHẨM_CHẤT!$C$6,0)) -> 1380 | E46: =IF(CHỈ_SỐ_TRẮNG!$E$14="","",ROUND(CHỈ_SỐ_TRẮNG!$E$14*HỆ_SỐ_PHẨM_CHẤT!$D$6,0)) -> 103 | F46: =IF(CHỈ_SỐ_TRẮNG!$F$14="","",ROUND(CHỈ_SỐ_TRẮNG!$F$14*HỆ_SỐ_PHẨM_CHẤT!$E$6,0)) -> 57 | G46: =IF(CHỈ_SỐ_TRẮNG!$G$14="","",CHỈ_SỐ_TRẮNG!$G$14+HỆ_SỐ_PHẨM_CHẤT!$G$6) -> 86 | H46: =IF(CHỈ_SỐ_TRẮNG!$H$14="","",ROUND(CHỈ_SỐ_TRẮNG!$H$14*HỆ_SỐ_PHẨM_CHẤT!$F$6,1)) -> 23 | I46: =IF(CHỈ_SỐ_TRẮNG!$I$14="","",CHỈ_SỐ_TRẮNG!$I$14+HỆ_SỐ_PHẨM_CHẤT!$H$6) -> 0.035 | J46: =IF(CHỈ_SỐ_TRẮNG!$J$14="","",CHỈ_SỐ_TRẮNG!$J$14+HỆ_SỐ_PHẨM_CHẤT!$I$6) -> 0.035 | K46: =IF(CHỈ_SỐ_TRẮNG!$K$14="","",CHỈ_SỐ_TRẮNG!$K$14+HỆ_SỐ_PHẨM_CHẤT!$J$6) -> 0.045 | L46: =IF(CHỈ_SỐ_TRẮNG!$L$14="","",CHỈ_SỐ_TRẮNG!$L$14+HỆ_SỐ_PHẨM_CHẤT!$K$6) -> 1.5 | M46: =IF(CHỈ_SỐ_TRẮNG!$M$14="","",CHỈ_SỐ_TRẮNG!$M$14+HỆ_SỐ_PHẨM_CHẤT!$L$6) -> 0.045 | N46: =IF(OR(N(I46)>0.1,N(K46)>0.1),"Né/chí mạng vượt 10%","")
A47: =NHÂN_VẬT!$A$14 -> NV09 | B47: =IF(NHÂN_VẬT!$B$14="","",NHÂN_VẬT!$B$14) -> HCM-PHỤ KHO ANH LÂM | C47: =HỆ_SỐ_PHẨM_CHẤT!$A$7 -> Xanh dương | D47: =IF(CHỈ_SỐ_TRẮNG!$D$14="","",ROUND(CHỈ_SỐ_TRẮNG!$D$14*HỆ_SỐ_PHẨM_CHẤT!$C$7,0)) -> 1560 | E47: =IF(CHỈ_SỐ_TRẮNG!$E$14="","",ROUND(CHỈ_SỐ_TRẮNG!$E$14*HỆ_SỐ_PHẨM_CHẤT!$D$7,0)) -> 117 | F47: =IF(CHỈ_SỐ_TRẮNG!$F$14="","",ROUND(CHỈ_SỐ_TRẮNG!$F$14*HỆ_SỐ_PHẨM_CHẤT!$E$7,0)) -> 65 | G47: =IF(CHỈ_SỐ_TRẮNG!$G$14="","",CHỈ_SỐ_TRẮNG!$G$14+HỆ_SỐ_PHẨM_CHẤT!$G$7) -> 87 | H47: =IF(CHỈ_SỐ_TRẮNG!$H$14="","",ROUND(CHỈ_SỐ_TRẮNG!$H$14*HỆ_SỐ_PHẨM_CHẤT!$F$7,1)) -> 26 | I47: =IF(CHỈ_SỐ_TRẮNG!$I$14="","",CHỈ_SỐ_TRẮNG!$I$14+HỆ_SỐ_PHẨM_CHẤT!$H$7) -> 0.04 | J47: =IF(CHỈ_SỐ_TRẮNG!$J$14="","",CHỈ_SỐ_TRẮNG!$J$14+HỆ_SỐ_PHẨM_CHẤT!$I$7) -> 0.04 | K47: =IF(CHỈ_SỐ_TRẮNG!$K$14="","",CHỈ_SỐ_TRẮNG!$K$14+HỆ_SỐ_PHẨM_CHẤT!$J$7) -> 0.05 | L47: =IF(CHỈ_SỐ_TRẮNG!$L$14="","",CHỈ_SỐ_TRẮNG!$L$14+HỆ_SỐ_PHẨM_CHẤT!$K$7) -> 1.55 | M47: =IF(CHỈ_SỐ_TRẮNG!$M$14="","",CHỈ_SỐ_TRẮNG!$M$14+HỆ_SỐ_PHẨM_CHẤT!$L$7) -> 0.05 | N47: =IF(OR(N(I47)>0.1,N(K47)>0.1),"Né/chí mạng vượt 10%","")
A48: =NHÂN_VẬT!$A$14 -> NV09 | B48: =IF(NHÂN_VẬT!$B$14="","",NHÂN_VẬT!$B$14) -> HCM-PHỤ KHO ANH LÂM | C48: =HỆ_SỐ_PHẨM_CHẤT!$A$8 -> Tím | D48: =IF(CHỈ_SỐ_TRẮNG!$D$14="","",ROUND(CHỈ_SỐ_TRẮNG!$D$14*HỆ_SỐ_PHẨM_CHẤT!$C$8,0)) -> 1800 | E48: =IF(CHỈ_SỐ_TRẮNG!$E$14="","",ROUND(CHỈ_SỐ_TRẮNG!$E$14*HỆ_SỐ_PHẨM_CHẤT!$D$8,0)) -> 135 | F48: =IF(CHỈ_SỐ_TRẮNG!$F$14="","",ROUND(CHỈ_SỐ_TRẮNG!$F$14*HỆ_SỐ_PHẨM_CHẤT!$E$8,0)) -> 75 | G48: =IF(CHỈ_SỐ_TRẮNG!$G$14="","",CHỈ_SỐ_TRẮNG!$G$14+HỆ_SỐ_PHẨM_CHẤT!$G$8) -> 88 | H48: =IF(CHỈ_SỐ_TRẮNG!$H$14="","",ROUND(CHỈ_SỐ_TRẮNG!$H$14*HỆ_SỐ_PHẨM_CHẤT!$F$8,1)) -> 30 | I48: =IF(CHỈ_SỐ_TRẮNG!$I$14="","",CHỈ_SỐ_TRẮNG!$I$14+HỆ_SỐ_PHẨM_CHẤT!$H$8) -> 0.045 | J48: =IF(CHỈ_SỐ_TRẮNG!$J$14="","",CHỈ_SỐ_TRẮNG!$J$14+HỆ_SỐ_PHẨM_CHẤT!$I$8) -> 0.045 | K48: =IF(CHỈ_SỐ_TRẮNG!$K$14="","",CHỈ_SỐ_TRẮNG!$K$14+HỆ_SỐ_PHẨM_CHẤT!$J$8) -> 0.055 | L48: =IF(CHỈ_SỐ_TRẮNG!$L$14="","",CHỈ_SỐ_TRẮNG!$L$14+HỆ_SỐ_PHẨM_CHẤT!$K$8) -> 1.6 | M48: =IF(CHỈ_SỐ_TRẮNG!$M$14="","",CHỈ_SỐ_TRẮNG!$M$14+HỆ_SỐ_PHẨM_CHẤT!$L$8) -> 0.055 | N48: =IF(OR(N(I48)>0.1,N(K48)>0.1),"Né/chí mạng vượt 10%","")
A49: =NHÂN_VẬT!$A$14 -> NV09 | B49: =IF(NHÂN_VẬT!$B$14="","",NHÂN_VẬT!$B$14) -> HCM-PHỤ KHO ANH LÂM | C49: =HỆ_SỐ_PHẨM_CHẤT!$A$9 -> Đỏ | D49: =IF(CHỈ_SỐ_TRẮNG!$D$14="","",ROUND(CHỈ_SỐ_TRẮNG!$D$14*HỆ_SỐ_PHẨM_CHẤT!$C$9,0)) -> 2100 | E49: =IF(CHỈ_SỐ_TRẮNG!$E$14="","",ROUND(CHỈ_SỐ_TRẮNG!$E$14*HỆ_SỐ_PHẨM_CHẤT!$D$9,0)) -> 158 | F49: =IF(CHỈ_SỐ_TRẮNG!$F$14="","",ROUND(CHỈ_SỐ_TRẮNG!$F$14*HỆ_SỐ_PHẨM_CHẤT!$E$9,0)) -> 88 | G49: =IF(CHỈ_SỐ_TRẮNG!$G$14="","",CHỈ_SỐ_TRẮNG!$G$14+HỆ_SỐ_PHẨM_CHẤT!$G$9) -> 89 | H49: =IF(CHỈ_SỐ_TRẮNG!$H$14="","",ROUND(CHỈ_SỐ_TRẮNG!$H$14*HỆ_SỐ_PHẨM_CHẤT!$F$9,1)) -> 35 | I49: =IF(CHỈ_SỐ_TRẮNG!$I$14="","",CHỈ_SỐ_TRẮNG!$I$14+HỆ_SỐ_PHẨM_CHẤT!$H$9) -> 0.05 | J49: =IF(CHỈ_SỐ_TRẮNG!$J$14="","",CHỈ_SỐ_TRẮNG!$J$14+HỆ_SỐ_PHẨM_CHẤT!$I$9) -> 0.05 | K49: =IF(CHỈ_SỐ_TRẮNG!$K$14="","",CHỈ_SỐ_TRẮNG!$K$14+HỆ_SỐ_PHẨM_CHẤT!$J$9) -> 0.06 | L49: =IF(CHỈ_SỐ_TRẮNG!$L$14="","",CHỈ_SỐ_TRẮNG!$L$14+HỆ_SỐ_PHẨM_CHẤT!$K$9) -> 1.65 | M49: =IF(CHỈ_SỐ_TRẮNG!$M$14="","",CHỈ_SỐ_TRẮNG!$M$14+HỆ_SỐ_PHẨM_CHẤT!$L$9) -> 0.06 | N49: =IF(OR(N(I49)>0.1,N(K49)>0.1),"Né/chí mạng vượt 10%","")
A50: =NHÂN_VẬT!$A$15 -> NV11 | B50: =IF(NHÂN_VẬT!$B$15="","",NHÂN_VẬT!$B$15) -> HCM- BÍCH THÍCH CHAN | C50: =HỆ_SỐ_PHẨM_CHẤT!$A$5 -> Trắng | D50: =IF(CHỈ_SỐ_TRẮNG!$D$15="","",ROUND(CHỈ_SỐ_TRẮNG!$D$15*HỆ_SỐ_PHẨM_CHẤT!$C$5,0)) -> 900 | E50: =IF(CHỈ_SỐ_TRẮNG!$E$15="","",ROUND(CHỈ_SỐ_TRẮNG!$E$15*HỆ_SỐ_PHẨM_CHẤT!$D$5,0)) -> 85 | F50: =IF(CHỈ_SỐ_TRẮNG!$F$15="","",ROUND(CHỈ_SỐ_TRẮNG!$F$15*HỆ_SỐ_PHẨM_CHẤT!$E$5,0)) -> 38 | G50: =IF(CHỈ_SỐ_TRẮNG!$G$15="","",CHỈ_SỐ_TRẮNG!$G$15+HỆ_SỐ_PHẨM_CHẤT!$G$5) -> 117 | H50: =IF(CHỈ_SỐ_TRẮNG!$H$15="","",ROUND(CHỈ_SỐ_TRẮNG!$H$15*HỆ_SỐ_PHẨM_CHẤT!$F$5,1)) -> 14 | I50: =IF(CHỈ_SỐ_TRẮNG!$I$15="","",CHỈ_SỐ_TRẮNG!$I$15+HỆ_SỐ_PHẨM_CHẤT!$H$5) -> 0.04 | J50: =IF(CHỈ_SỐ_TRẮNG!$J$15="","",CHỈ_SỐ_TRẮNG!$J$15+HỆ_SỐ_PHẨM_CHẤT!$I$5) -> 0.04 | K50: =IF(CHỈ_SỐ_TRẮNG!$K$15="","",CHỈ_SỐ_TRẮNG!$K$15+HỆ_SỐ_PHẨM_CHẤT!$J$5) -> 0.04 | L50: =IF(CHỈ_SỐ_TRẮNG!$L$15="","",CHỈ_SỐ_TRẮNG!$L$15+HỆ_SỐ_PHẨM_CHẤT!$K$5) -> 1.5 | M50: =IF(CHỈ_SỐ_TRẮNG!$M$15="","",CHỈ_SỐ_TRẮNG!$M$15+HỆ_SỐ_PHẨM_CHẤT!$L$5) -> 0.02 | N50: =IF(OR(N(I50)>0.1,N(K50)>0.1),"Né/chí mạng vượt 10%","")
A51: =NHÂN_VẬT!$A$15 -> NV11 | B51: =IF(NHÂN_VẬT!$B$15="","",NHÂN_VẬT!$B$15) -> HCM- BÍCH THÍCH CHAN | C51: =HỆ_SỐ_PHẨM_CHẤT!$A$6 -> Xanh lá | D51: =IF(CHỈ_SỐ_TRẮNG!$D$15="","",ROUND(CHỈ_SỐ_TRẮNG!$D$15*HỆ_SỐ_PHẨM_CHẤT!$C$6,0)) -> 1035 | E51: =IF(CHỈ_SỐ_TRẮNG!$E$15="","",ROUND(CHỈ_SỐ_TRẮNG!$E$15*HỆ_SỐ_PHẨM_CHẤT!$D$6,0)) -> 98 | F51: =IF(CHỈ_SỐ_TRẮNG!$F$15="","",ROUND(CHỈ_SỐ_TRẮNG!$F$15*HỆ_SỐ_PHẨM_CHẤT!$E$6,0)) -> 44 | G51: =IF(CHỈ_SỐ_TRẮNG!$G$15="","",CHỈ_SỐ_TRẮNG!$G$15+HỆ_SỐ_PHẨM_CHẤT!$G$6) -> 118 | H51: =IF(CHỈ_SỐ_TRẮNG!$H$15="","",ROUND(CHỈ_SỐ_TRẮNG!$H$15*HỆ_SỐ_PHẨM_CHẤT!$F$6,1)) -> 16.1 | I51: =IF(CHỈ_SỐ_TRẮNG!$I$15="","",CHỈ_SỐ_TRẮNG!$I$15+HỆ_SỐ_PHẨM_CHẤT!$H$6) -> 0.045 | J51: =IF(CHỈ_SỐ_TRẮNG!$J$15="","",CHỈ_SỐ_TRẮNG!$J$15+HỆ_SỐ_PHẨM_CHẤT!$I$6) -> 0.045 | K51: =IF(CHỈ_SỐ_TRẮNG!$K$15="","",CHỈ_SỐ_TRẮNG!$K$15+HỆ_SỐ_PHẨM_CHẤT!$J$6) -> 0.045 | L51: =IF(CHỈ_SỐ_TRẮNG!$L$15="","",CHỈ_SỐ_TRẮNG!$L$15+HỆ_SỐ_PHẨM_CHẤT!$K$6) -> 1.5 | M51: =IF(CHỈ_SỐ_TRẮNG!$M$15="","",CHỈ_SỐ_TRẮNG!$M$15+HỆ_SỐ_PHẨM_CHẤT!$L$6) -> 0.025 | N51: =IF(OR(N(I51)>0.1,N(K51)>0.1),"Né/chí mạng vượt 10%","")
A52: =NHÂN_VẬT!$A$15 -> NV11 | B52: =IF(NHÂN_VẬT!$B$15="","",NHÂN_VẬT!$B$15) -> HCM- BÍCH THÍCH CHAN | C52: =HỆ_SỐ_PHẨM_CHẤT!$A$7 -> Xanh dương | D52: =IF(CHỈ_SỐ_TRẮNG!$D$15="","",ROUND(CHỈ_SỐ_TRẮNG!$D$15*HỆ_SỐ_PHẨM_CHẤT!$C$7,0)) -> 1170 | E52: =IF(CHỈ_SỐ_TRẮNG!$E$15="","",ROUND(CHỈ_SỐ_TRẮNG!$E$15*HỆ_SỐ_PHẨM_CHẤT!$D$7,0)) -> 111 | F52: =IF(CHỈ_SỐ_TRẮNG!$F$15="","",ROUND(CHỈ_SỐ_TRẮNG!$F$15*HỆ_SỐ_PHẨM_CHẤT!$E$7,0)) -> 49 | G52: =IF(CHỈ_SỐ_TRẮNG!$G$15="","",CHỈ_SỐ_TRẮNG!$G$15+HỆ_SỐ_PHẨM_CHẤT!$G$7) -> 119 | H52: =IF(CHỈ_SỐ_TRẮNG!$H$15="","",ROUND(CHỈ_SỐ_TRẮNG!$H$15*HỆ_SỐ_PHẨM_CHẤT!$F$7,1)) -> 18.2 | I52: =IF(CHỈ_SỐ_TRẮNG!$I$15="","",CHỈ_SỐ_TRẮNG!$I$15+HỆ_SỐ_PHẨM_CHẤT!$H$7) -> 0.05 | J52: =IF(CHỈ_SỐ_TRẮNG!$J$15="","",CHỈ_SỐ_TRẮNG!$J$15+HỆ_SỐ_PHẨM_CHẤT!$I$7) -> 0.05 | K52: =IF(CHỈ_SỐ_TRẮNG!$K$15="","",CHỈ_SỐ_TRẮNG!$K$15+HỆ_SỐ_PHẨM_CHẤT!$J$7) -> 0.05 | L52: =IF(CHỈ_SỐ_TRẮNG!$L$15="","",CHỈ_SỐ_TRẮNG!$L$15+HỆ_SỐ_PHẨM_CHẤT!$K$7) -> 1.55 | M52: =IF(CHỈ_SỐ_TRẮNG!$M$15="","",CHỈ_SỐ_TRẮNG!$M$15+HỆ_SỐ_PHẨM_CHẤT!$L$7) -> 0.03 | N52: =IF(OR(N(I52)>0.1,N(K52)>0.1),"Né/chí mạng vượt 10%","")
A53: =NHÂN_VẬT!$A$15 -> NV11 | B53: =IF(NHÂN_VẬT!$B$15="","",NHÂN_VẬT!$B$15) -> HCM- BÍCH THÍCH CHAN | C53: =HỆ_SỐ_PHẨM_CHẤT!$A$8 -> Tím | D53: =IF(CHỈ_SỐ_TRẮNG!$D$15="","",ROUND(CHỈ_SỐ_TRẮNG!$D$15*HỆ_SỐ_PHẨM_CHẤT!$C$8,0)) -> 1350 | E53: =IF(CHỈ_SỐ_TRẮNG!$E$15="","",ROUND(CHỈ_SỐ_TRẮNG!$E$15*HỆ_SỐ_PHẨM_CHẤT!$D$8,0)) -> 128 | F53: =IF(CHỈ_SỐ_TRẮNG!$F$15="","",ROUND(CHỈ_SỐ_TRẮNG!$F$15*HỆ_SỐ_PHẨM_CHẤT!$E$8,0)) -> 57 | G53: =IF(CHỈ_SỐ_TRẮNG!$G$15="","",CHỈ_SỐ_TRẮNG!$G$15+HỆ_SỐ_PHẨM_CHẤT!$G$8) -> 120 | H53: =IF(CHỈ_SỐ_TRẮNG!$H$15="","",ROUND(CHỈ_SỐ_TRẮNG!$H$15*HỆ_SỐ_PHẨM_CHẤT!$F$8,1)) -> 21 | I53: =IF(CHỈ_SỐ_TRẮNG!$I$15="","",CHỈ_SỐ_TRẮNG!$I$15+HỆ_SỐ_PHẨM_CHẤT!$H$8) -> 0.055 | J53: =IF(CHỈ_SỐ_TRẮNG!$J$15="","",CHỈ_SỐ_TRẮNG!$J$15+HỆ_SỐ_PHẨM_CHẤT!$I$8) -> 0.055 | K53: =IF(CHỈ_SỐ_TRẮNG!$K$15="","",CHỈ_SỐ_TRẮNG!$K$15+HỆ_SỐ_PHẨM_CHẤT!$J$8) -> 0.055 | L53: =IF(CHỈ_SỐ_TRẮNG!$L$15="","",CHỈ_SỐ_TRẮNG!$L$15+HỆ_SỐ_PHẨM_CHẤT!$K$8) -> 1.6 | M53: =IF(CHỈ_SỐ_TRẮNG!$M$15="","",CHỈ_SỐ_TRẮNG!$M$15+HỆ_SỐ_PHẨM_CHẤT!$L$8) -> 0.035 | N53: =IF(OR(N(I53)>0.1,N(K53)>0.1),"Né/chí mạng vượt 10%","")
A54: =NHÂN_VẬT!$A$15 -> NV11 | B54: =IF(NHÂN_VẬT!$B$15="","",NHÂN_VẬT!$B$15) -> HCM- BÍCH THÍCH CHAN | C54: =HỆ_SỐ_PHẨM_CHẤT!$A$9 -> Đỏ | D54: =IF(CHỈ_SỐ_TRẮNG!$D$15="","",ROUND(CHỈ_SỐ_TRẮNG!$D$15*HỆ_SỐ_PHẨM_CHẤT!$C$9,0)) -> 1575 | E54: =IF(CHỈ_SỐ_TRẮNG!$E$15="","",ROUND(CHỈ_SỐ_TRẮNG!$E$15*HỆ_SỐ_PHẨM_CHẤT!$D$9,0)) -> 149 | F54: =IF(CHỈ_SỐ_TRẮNG!$F$15="","",ROUND(CHỈ_SỐ_TRẮNG!$F$15*HỆ_SỐ_PHẨM_CHẤT!$E$9,0)) -> 67 | G54: =IF(CHỈ_SỐ_TRẮNG!$G$15="","",CHỈ_SỐ_TRẮNG!$G$15+HỆ_SỐ_PHẨM_CHẤT!$G$9) -> 121 | H54: =IF(CHỈ_SỐ_TRẮNG!$H$15="","",ROUND(CHỈ_SỐ_TRẮNG!$H$15*HỆ_SỐ_PHẨM_CHẤT!$F$9,1)) -> 24.5 | I54: =IF(CHỈ_SỐ_TRẮNG!$I$15="","",CHỈ_SỐ_TRẮNG!$I$15+HỆ_SỐ_PHẨM_CHẤT!$H$9) -> 0.06 | J54: =IF(CHỈ_SỐ_TRẮNG!$J$15="","",CHỈ_SỐ_TRẮNG!$J$15+HỆ_SỐ_PHẨM_CHẤT!$I$9) -> 0.06 | K54: =IF(CHỈ_SỐ_TRẮNG!$K$15="","",CHỈ_SỐ_TRẮNG!$K$15+HỆ_SỐ_PHẨM_CHẤT!$J$9) -> 0.06 | L54: =IF(CHỈ_SỐ_TRẮNG!$L$15="","",CHỈ_SỐ_TRẮNG!$L$15+HỆ_SỐ_PHẨM_CHẤT!$K$9) -> 1.65 | M54: =IF(CHỈ_SỐ_TRẮNG!$M$15="","",CHỈ_SỐ_TRẮNG!$M$15+HỆ_SỐ_PHẨM_CHẤT!$L$9) -> 0.04 | N54: =IF(OR(N(I54)>0.1,N(K54)>0.1),"Né/chí mạng vượt 10%","")
A55: =NHÂN_VẬT!$A$16 -> NV12 | B55: =IF(NHÂN_VẬT!$B$16="","",NHÂN_VẬT!$B$16) | C55: =HỆ_SỐ_PHẨM_CHẤT!$A$5 -> Trắng | D55: =IF(CHỈ_SỐ_TRẮNG!$D$16="","",ROUND(CHỈ_SỐ_TRẮNG!$D$16*HỆ_SỐ_PHẨM_CHẤT!$C$5,0)) | E55: =IF(CHỈ_SỐ_TRẮNG!$E$16="","",ROUND(CHỈ_SỐ_TRẮNG!$E$16*HỆ_SỐ_PHẨM_CHẤT!$D$5,0)) | F55: =IF(CHỈ_SỐ_TRẮNG!$F$16="","",ROUND(CHỈ_SỐ_TRẮNG!$F$16*HỆ_SỐ_PHẨM_CHẤT!$E$5,0)) | G55: =IF(CHỈ_SỐ_TRẮNG!$G$16="","",CHỈ_SỐ_TRẮNG!$G$16+HỆ_SỐ_PHẨM_CHẤT!$G$5) | H55: =IF(CHỈ_SỐ_TRẮNG!$H$16="","",ROUND(CHỈ_SỐ_TRẮNG!$H$16*HỆ_SỐ_PHẨM_CHẤT!$F$5,1)) | I55: =IF(CHỈ_SỐ_TRẮNG!$I$16="","",CHỈ_SỐ_TRẮNG!$I$16+HỆ_SỐ_PHẨM_CHẤT!$H$5) | J55: =IF(CHỈ_SỐ_TRẮNG!$J$16="","",CHỈ_SỐ_TRẮNG!$J$16+HỆ_SỐ_PHẨM_CHẤT!$I$5) | K55: =IF(CHỈ_SỐ_TRẮNG!$K$16="","",CHỈ_SỐ_TRẮNG!$K$16+HỆ_SỐ_PHẨM_CHẤT!$J$5) | L55: =IF(CHỈ_SỐ_TRẮNG!$L$16="","",CHỈ_SỐ_TRẮNG!$L$16+HỆ_SỐ_PHẨM_CHẤT!$K$5) | M55: =IF(CHỈ_SỐ_TRẮNG!$M$16="","",CHỈ_SỐ_TRẮNG!$M$16+HỆ_SỐ_PHẨM_CHẤT!$L$5) | N55: =IF(OR(N(I55)>0.1,N(K55)>0.1),"Né/chí mạng vượt 10%","")
A56: =NHÂN_VẬT!$A$16 -> NV12 | B56: =IF(NHÂN_VẬT!$B$16="","",NHÂN_VẬT!$B$16) | C56: =HỆ_SỐ_PHẨM_CHẤT!$A$6 -> Xanh lá | D56: =IF(CHỈ_SỐ_TRẮNG!$D$16="","",ROUND(CHỈ_SỐ_TRẮNG!$D$16*HỆ_SỐ_PHẨM_CHẤT!$C$6,0)) | E56: =IF(CHỈ_SỐ_TRẮNG!$E$16="","",ROUND(CHỈ_SỐ_TRẮNG!$E$16*HỆ_SỐ_PHẨM_CHẤT!$D$6,0)) | F56: =IF(CHỈ_SỐ_TRẮNG!$F$16="","",ROUND(CHỈ_SỐ_TRẮNG!$F$16*HỆ_SỐ_PHẨM_CHẤT!$E$6,0)) | G56: =IF(CHỈ_SỐ_TRẮNG!$G$16="","",CHỈ_SỐ_TRẮNG!$G$16+HỆ_SỐ_PHẨM_CHẤT!$G$6) | H56: =IF(CHỈ_SỐ_TRẮNG!$H$16="","",ROUND(CHỈ_SỐ_TRẮNG!$H$16*HỆ_SỐ_PHẨM_CHẤT!$F$6,1)) | I56: =IF(CHỈ_SỐ_TRẮNG!$I$16="","",CHỈ_SỐ_TRẮNG!$I$16+HỆ_SỐ_PHẨM_CHẤT!$H$6) | J56: =IF(CHỈ_SỐ_TRẮNG!$J$16="","",CHỈ_SỐ_TRẮNG!$J$16+HỆ_SỐ_PHẨM_CHẤT!$I$6) | K56: =IF(CHỈ_SỐ_TRẮNG!$K$16="","",CHỈ_SỐ_TRẮNG!$K$16+HỆ_SỐ_PHẨM_CHẤT!$J$6) | L56: =IF(CHỈ_SỐ_TRẮNG!$L$16="","",CHỈ_SỐ_TRẮNG!$L$16+HỆ_SỐ_PHẨM_CHẤT!$K$6) | M56: =IF(CHỈ_SỐ_TRẮNG!$M$16="","",CHỈ_SỐ_TRẮNG!$M$16+HỆ_SỐ_PHẨM_CHẤT!$L$6) | N56: =IF(OR(N(I56)>0.1,N(K56)>0.1),"Né/chí mạng vượt 10%","")
A57: =NHÂN_VẬT!$A$16 -> NV12 | B57: =IF(NHÂN_VẬT!$B$16="","",NHÂN_VẬT!$B$16) | C57: =HỆ_SỐ_PHẨM_CHẤT!$A$7 -> Xanh dương | D57: =IF(CHỈ_SỐ_TRẮNG!$D$16="","",ROUND(CHỈ_SỐ_TRẮNG!$D$16*HỆ_SỐ_PHẨM_CHẤT!$C$7,0)) | E57: =IF(CHỈ_SỐ_TRẮNG!$E$16="","",ROUND(CHỈ_SỐ_TRẮNG!$E$16*HỆ_SỐ_PHẨM_CHẤT!$D$7,0)) | F57: =IF(CHỈ_SỐ_TRẮNG!$F$16="","",ROUND(CHỈ_SỐ_TRẮNG!$F$16*HỆ_SỐ_PHẨM_CHẤT!$E$7,0)) | G57: =IF(CHỈ_SỐ_TRẮNG!$G$16="","",CHỈ_SỐ_TRẮNG!$G$16+HỆ_SỐ_PHẨM_CHẤT!$G$7) | H57: =IF(CHỈ_SỐ_TRẮNG!$H$16="","",ROUND(CHỈ_SỐ_TRẮNG!$H$16*HỆ_SỐ_PHẨM_CHẤT!$F$7,1)) | I57: =IF(CHỈ_SỐ_TRẮNG!$I$16="","",CHỈ_SỐ_TRẮNG!$I$16+HỆ_SỐ_PHẨM_CHẤT!$H$7) | J57: =IF(CHỈ_SỐ_TRẮNG!$J$16="","",CHỈ_SỐ_TRẮNG!$J$16+HỆ_SỐ_PHẨM_CHẤT!$I$7) | K57: =IF(CHỈ_SỐ_TRẮNG!$K$16="","",CHỈ_SỐ_TRẮNG!$K$16+HỆ_SỐ_PHẨM_CHẤT!$J$7) | L57: =IF(CHỈ_SỐ_TRẮNG!$L$16="","",CHỈ_SỐ_TRẮNG!$L$16+HỆ_SỐ_PHẨM_CHẤT!$K$7) | M57: =IF(CHỈ_SỐ_TRẮNG!$M$16="","",CHỈ_SỐ_TRẮNG!$M$16+HỆ_SỐ_PHẨM_CHẤT!$L$7) | N57: =IF(OR(N(I57)>0.1,N(K57)>0.1),"Né/chí mạng vượt 10%","")
A58: =NHÂN_VẬT!$A$16 -> NV12 | B58: =IF(NHÂN_VẬT!$B$16="","",NHÂN_VẬT!$B$16) | C58: =HỆ_SỐ_PHẨM_CHẤT!$A$8 -> Tím | D58: =IF(CHỈ_SỐ_TRẮNG!$D$16="","",ROUND(CHỈ_SỐ_TRẮNG!$D$16*HỆ_SỐ_PHẨM_CHẤT!$C$8,0)) | E58: =IF(CHỈ_SỐ_TRẮNG!$E$16="","",ROUND(CHỈ_SỐ_TRẮNG!$E$16*HỆ_SỐ_PHẨM_CHẤT!$D$8,0)) | F58: =IF(CHỈ_SỐ_TRẮNG!$F$16="","",ROUND(CHỈ_SỐ_TRẮNG!$F$16*HỆ_SỐ_PHẨM_CHẤT!$E$8,0)) | G58: =IF(CHỈ_SỐ_TRẮNG!$G$16="","",CHỈ_SỐ_TRẮNG!$G$16+HỆ_SỐ_PHẨM_CHẤT!$G$8) | H58: =IF(CHỈ_SỐ_TRẮNG!$H$16="","",ROUND(CHỈ_SỐ_TRẮNG!$H$16*HỆ_SỐ_PHẨM_CHẤT!$F$8,1)) | I58: =IF(CHỈ_SỐ_TRẮNG!$I$16="","",CHỈ_SỐ_TRẮNG!$I$16+HỆ_SỐ_PHẨM_CHẤT!$H$8) | J58: =IF(CHỈ_SỐ_TRẮNG!$J$16="","",CHỈ_SỐ_TRẮNG!$J$16+HỆ_SỐ_PHẨM_CHẤT!$I$8) | K58: =IF(CHỈ_SỐ_TRẮNG!$K$16="","",CHỈ_SỐ_TRẮNG!$K$16+HỆ_SỐ_PHẨM_CHẤT!$J$8) | L58: =IF(CHỈ_SỐ_TRẮNG!$L$16="","",CHỈ_SỐ_TRẮNG!$L$16+HỆ_SỐ_PHẨM_CHẤT!$K$8) | M58: =IF(CHỈ_SỐ_TRẮNG!$M$16="","",CHỈ_SỐ_TRẮNG!$M$16+HỆ_SỐ_PHẨM_CHẤT!$L$8) | N58: =IF(OR(N(I58)>0.1,N(K58)>0.1),"Né/chí mạng vượt 10%","")
A59: =NHÂN_VẬT!$A$16 -> NV12 | B59: =IF(NHÂN_VẬT!$B$16="","",NHÂN_VẬT!$B$16) | C59: =HỆ_SỐ_PHẨM_CHẤT!$A$9 -> Đỏ | D59: =IF(CHỈ_SỐ_TRẮNG!$D$16="","",ROUND(CHỈ_SỐ_TRẮNG!$D$16*HỆ_SỐ_PHẨM_CHẤT!$C$9,0)) | E59: =IF(CHỈ_SỐ_TRẮNG!$E$16="","",ROUND(CHỈ_SỐ_TRẮNG!$E$16*HỆ_SỐ_PHẨM_CHẤT!$D$9,0)) | F59: =IF(CHỈ_SỐ_TRẮNG!$F$16="","",ROUND(CHỈ_SỐ_TRẮNG!$F$16*HỆ_SỐ_PHẨM_CHẤT!$E$9,0)) | G59: =IF(CHỈ_SỐ_TRẮNG!$G$16="","",CHỈ_SỐ_TRẮNG!$G$16+HỆ_SỐ_PHẨM_CHẤT!$G$9) | H59: =IF(CHỈ_SỐ_TRẮNG!$H$16="","",ROUND(CHỈ_SỐ_TRẮNG!$H$16*HỆ_SỐ_PHẨM_CHẤT!$F$9,1)) | I59: =IF(CHỈ_SỐ_TRẮNG!$I$16="","",CHỈ_SỐ_TRẮNG!$I$16+HỆ_SỐ_PHẨM_CHẤT!$H$9) | J59: =IF(CHỈ_SỐ_TRẮNG!$J$16="","",CHỈ_SỐ_TRẮNG!$J$16+HỆ_SỐ_PHẨM_CHẤT!$I$9) | K59: =IF(CHỈ_SỐ_TRẮNG!$K$16="","",CHỈ_SỐ_TRẮNG!$K$16+HỆ_SỐ_PHẨM_CHẤT!$J$9) | L59: =IF(CHỈ_SỐ_TRẮNG!$L$16="","",CHỈ_SỐ_TRẮNG!$L$16+HỆ_SỐ_PHẨM_CHẤT!$K$9) | M59: =IF(CHỈ_SỐ_TRẮNG!$M$16="","",CHỈ_SỐ_TRẮNG!$M$16+HỆ_SỐ_PHẨM_CHẤT!$L$9) | N59: =IF(OR(N(I59)>0.1,N(K59)>0.1),"Né/chí mạng vượt 10%","")
A60: =NHÂN_VẬT!$A$17 -> NV13 | B60: =IF(NHÂN_VẬT!$B$17="","",NHÂN_VẬT!$B$17) | C60: =HỆ_SỐ_PHẨM_CHẤT!$A$5 -> Trắng | D60: =IF(CHỈ_SỐ_TRẮNG!$D$17="","",ROUND(CHỈ_SỐ_TRẮNG!$D$17*HỆ_SỐ_PHẨM_CHẤT!$C$5,0)) | E60: =IF(CHỈ_SỐ_TRẮNG!$E$17="","",ROUND(CHỈ_SỐ_TRẮNG!$E$17*HỆ_SỐ_PHẨM_CHẤT!$D$5,0)) | F60: =IF(CHỈ_SỐ_TRẮNG!$F$17="","",ROUND(CHỈ_SỐ_TRẮNG!$F$17*HỆ_SỐ_PHẨM_CHẤT!$E$5,0)) | G60: =IF(CHỈ_SỐ_TRẮNG!$G$17="","",CHỈ_SỐ_TRẮNG!$G$17+HỆ_SỐ_PHẨM_CHẤT!$G$5) | H60: =IF(CHỈ_SỐ_TRẮNG!$H$17="","",ROUND(CHỈ_SỐ_TRẮNG!$H$17*HỆ_SỐ_PHẨM_CHẤT!$F$5,1)) | I60: =IF(CHỈ_SỐ_TRẮNG!$I$17="","",CHỈ_SỐ_TRẮNG!$I$17+HỆ_SỐ_PHẨM_CHẤT!$H$5) | J60: =IF(CHỈ_SỐ_TRẮNG!$J$17="","",CHỈ_SỐ_TRẮNG!$J$17+HỆ_SỐ_PHẨM_CHẤT!$I$5) | K60: =IF(CHỈ_SỐ_TRẮNG!$K$17="","",CHỈ_SỐ_TRẮNG!$K$17+HỆ_SỐ_PHẨM_CHẤT!$J$5) | L60: =IF(CHỈ_SỐ_TRẮNG!$L$17="","",CHỈ_SỐ_TRẮNG!$L$17+HỆ_SỐ_PHẨM_CHẤT!$K$5) | M60: =IF(CHỈ_SỐ_TRẮNG!$M$17="","",CHỈ_SỐ_TRẮNG!$M$17+HỆ_SỐ_PHẨM_CHẤT!$L$5) | N60: =IF(OR(N(I60)>0.1,N(K60)>0.1),"Né/chí mạng vượt 10%","")
A61: =NHÂN_VẬT!$A$17 -> NV13 | B61: =IF(NHÂN_VẬT!$B$17="","",NHÂN_VẬT!$B$17) | C61: =HỆ_SỐ_PHẨM_CHẤT!$A$6 -> Xanh lá | D61: =IF(CHỈ_SỐ_TRẮNG!$D$17="","",ROUND(CHỈ_SỐ_TRẮNG!$D$17*HỆ_SỐ_PHẨM_CHẤT!$C$6,0)) | E61: =IF(CHỈ_SỐ_TRẮNG!$E$17="","",ROUND(CHỈ_SỐ_TRẮNG!$E$17*HỆ_SỐ_PHẨM_CHẤT!$D$6,0)) | F61: =IF(CHỈ_SỐ_TRẮNG!$F$17="","",ROUND(CHỈ_SỐ_TRẮNG!$F$17*HỆ_SỐ_PHẨM_CHẤT!$E$6,0)) | G61: =IF(CHỈ_SỐ_TRẮNG!$G$17="","",CHỈ_SỐ_TRẮNG!$G$17+HỆ_SỐ_PHẨM_CHẤT!$G$6) | H61: =IF(CHỈ_SỐ_TRẮNG!$H$17="","",ROUND(CHỈ_SỐ_TRẮNG!$H$17*HỆ_SỐ_PHẨM_CHẤT!$F$6,1)) | I61: =IF(CHỈ_SỐ_TRẮNG!$I$17="","",CHỈ_SỐ_TRẮNG!$I$17+HỆ_SỐ_PHẨM_CHẤT!$H$6) | J61: =IF(CHỈ_SỐ_TRẮNG!$J$17="","",CHỈ_SỐ_TRẮNG!$J$17+HỆ_SỐ_PHẨM_CHẤT!$I$6) | K61: =IF(CHỈ_SỐ_TRẮNG!$K$17="","",CHỈ_SỐ_TRẮNG!$K$17+HỆ_SỐ_PHẨM_CHẤT!$J$6) | L61: =IF(CHỈ_SỐ_TRẮNG!$L$17="","",CHỈ_SỐ_TRẮNG!$L$17+HỆ_SỐ_PHẨM_CHẤT!$K$6) | M61: =IF(CHỈ_SỐ_TRẮNG!$M$17="","",CHỈ_SỐ_TRẮNG!$M$17+HỆ_SỐ_PHẨM_CHẤT!$L$6) | N61: =IF(OR(N(I61)>0.1,N(K61)>0.1),"Né/chí mạng vượt 10%","")
A62: =NHÂN_VẬT!$A$17 -> NV13 | B62: =IF(NHÂN_VẬT!$B$17="","",NHÂN_VẬT!$B$17) | C62: =HỆ_SỐ_PHẨM_CHẤT!$A$7 -> Xanh dương | D62: =IF(CHỈ_SỐ_TRẮNG!$D$17="","",ROUND(CHỈ_SỐ_TRẮNG!$D$17*HỆ_SỐ_PHẨM_CHẤT!$C$7,0)) | E62: =IF(CHỈ_SỐ_TRẮNG!$E$17="","",ROUND(CHỈ_SỐ_TRẮNG!$E$17*HỆ_SỐ_PHẨM_CHẤT!$D$7,0)) | F62: =IF(CHỈ_SỐ_TRẮNG!$F$17="","",ROUND(CHỈ_SỐ_TRẮNG!$F$17*HỆ_SỐ_PHẨM_CHẤT!$E$7,0)) | G62: =IF(CHỈ_SỐ_TRẮNG!$G$17="","",CHỈ_SỐ_TRẮNG!$G$17+HỆ_SỐ_PHẨM_CHẤT!$G$7) | H62: =IF(CHỈ_SỐ_TRẮNG!$H$17="","",ROUND(CHỈ_SỐ_TRẮNG!$H$17*HỆ_SỐ_PHẨM_CHẤT!$F$7,1)) | I62: =IF(CHỈ_SỐ_TRẮNG!$I$17="","",CHỈ_SỐ_TRẮNG!$I$17+HỆ_SỐ_PHẨM_CHẤT!$H$7) | J62: =IF(CHỈ_SỐ_TRẮNG!$J$17="","",CHỈ_SỐ_TRẮNG!$J$17+HỆ_SỐ_PHẨM_CHẤT!$I$7) | K62: =IF(CHỈ_SỐ_TRẮNG!$K$17="","",CHỈ_SỐ_TRẮNG!$K$17+HỆ_SỐ_PHẨM_CHẤT!$J$7) | L62: =IF(CHỈ_SỐ_TRẮNG!$L$17="","",CHỈ_SỐ_TRẮNG!$L$17+HỆ_SỐ_PHẨM_CHẤT!$K$7) | M62: =IF(CHỈ_SỐ_TRẮNG!$M$17="","",CHỈ_SỐ_TRẮNG!$M$17+HỆ_SỐ_PHẨM_CHẤT!$L$7) | N62: =IF(OR(N(I62)>0.1,N(K62)>0.1),"Né/chí mạng vượt 10%","")
A63: =NHÂN_VẬT!$A$17 -> NV13 | B63: =IF(NHÂN_VẬT!$B$17="","",NHÂN_VẬT!$B$17) | C63: =HỆ_SỐ_PHẨM_CHẤT!$A$8 -> Tím | D63: =IF(CHỈ_SỐ_TRẮNG!$D$17="","",ROUND(CHỈ_SỐ_TRẮNG!$D$17*HỆ_SỐ_PHẨM_CHẤT!$C$8,0)) | E63: =IF(CHỈ_SỐ_TRẮNG!$E$17="","",ROUND(CHỈ_SỐ_TRẮNG!$E$17*HỆ_SỐ_PHẨM_CHẤT!$D$8,0)) | F63: =IF(CHỈ_SỐ_TRẮNG!$F$17="","",ROUND(CHỈ_SỐ_TRẮNG!$F$17*HỆ_SỐ_PHẨM_CHẤT!$E$8,0)) | G63: =IF(CHỈ_SỐ_TRẮNG!$G$17="","",CHỈ_SỐ_TRẮNG!$G$17+HỆ_SỐ_PHẨM_CHẤT!$G$8) | H63: =IF(CHỈ_SỐ_TRẮNG!$H$17="","",ROUND(CHỈ_SỐ_TRẮNG!$H$17*HỆ_SỐ_PHẨM_CHẤT!$F$8,1)) | I63: =IF(CHỈ_SỐ_TRẮNG!$I$17="","",CHỈ_SỐ_TRẮNG!$I$17+HỆ_SỐ_PHẨM_CHẤT!$H$8) | J63: =IF(CHỈ_SỐ_TRẮNG!$J$17="","",CHỈ_SỐ_TRẮNG!$J$17+HỆ_SỐ_PHẨM_CHẤT!$I$8) | K63: =IF(CHỈ_SỐ_TRẮNG!$K$17="","",CHỈ_SỐ_TRẮNG!$K$17+HỆ_SỐ_PHẨM_CHẤT!$J$8) | L63: =IF(CHỈ_SỐ_TRẮNG!$L$17="","",CHỈ_SỐ_TRẮNG!$L$17+HỆ_SỐ_PHẨM_CHẤT!$K$8) | M63: =IF(CHỈ_SỐ_TRẮNG!$M$17="","",CHỈ_SỐ_TRẮNG!$M$17+HỆ_SỐ_PHẨM_CHẤT!$L$8) | N63: =IF(OR(N(I63)>0.1,N(K63)>0.1),"Né/chí mạng vượt 10%","")
A64: =NHÂN_VẬT!$A$17 -> NV13 | B64: =IF(NHÂN_VẬT!$B$17="","",NHÂN_VẬT!$B$17) | C64: =HỆ_SỐ_PHẨM_CHẤT!$A$9 -> Đỏ | D64: =IF(CHỈ_SỐ_TRẮNG!$D$17="","",ROUND(CHỈ_SỐ_TRẮNG!$D$17*HỆ_SỐ_PHẨM_CHẤT!$C$9,0)) | E64: =IF(CHỈ_SỐ_TRẮNG!$E$17="","",ROUND(CHỈ_SỐ_TRẮNG!$E$17*HỆ_SỐ_PHẨM_CHẤT!$D$9,0)) | F64: =IF(CHỈ_SỐ_TRẮNG!$F$17="","",ROUND(CHỈ_SỐ_TRẮNG!$F$17*HỆ_SỐ_PHẨM_CHẤT!$E$9,0)) | G64: =IF(CHỈ_SỐ_TRẮNG!$G$17="","",CHỈ_SỐ_TRẮNG!$G$17+HỆ_SỐ_PHẨM_CHẤT!$G$9) | H64: =IF(CHỈ_SỐ_TRẮNG!$H$17="","",ROUND(CHỈ_SỐ_TRẮNG!$H$17*HỆ_SỐ_PHẨM_CHẤT!$F$9,1)) | I64: =IF(CHỈ_SỐ_TRẮNG!$I$17="","",CHỈ_SỐ_TRẮNG!$I$17+HỆ_SỐ_PHẨM_CHẤT!$H$9) | J64: =IF(CHỈ_SỐ_TRẮNG!$J$17="","",CHỈ_SỐ_TRẮNG!$J$17+HỆ_SỐ_PHẨM_CHẤT!$I$9) | K64: =IF(CHỈ_SỐ_TRẮNG!$K$17="","",CHỈ_SỐ_TRẮNG!$K$17+HỆ_SỐ_PHẨM_CHẤT!$J$9) | L64: =IF(CHỈ_SỐ_TRẮNG!$L$17="","",CHỈ_SỐ_TRẮNG!$L$17+HỆ_SỐ_PHẨM_CHẤT!$K$9) | M64: =IF(CHỈ_SỐ_TRẮNG!$M$17="","",CHỈ_SỐ_TRẮNG!$M$17+HỆ_SỐ_PHẨM_CHẤT!$L$9) | N64: =IF(OR(N(I64)>0.1,N(K64)>0.1),"Né/chí mạng vượt 10%","")
A65: =NHÂN_VẬT!$A$18 -> NV14 | B65: =IF(NHÂN_VẬT!$B$18="","",NHÂN_VẬT!$B$18) | C65: =HỆ_SỐ_PHẨM_CHẤT!$A$5 -> Trắng | D65: =IF(CHỈ_SỐ_TRẮNG!$D$18="","",ROUND(CHỈ_SỐ_TRẮNG!$D$18*HỆ_SỐ_PHẨM_CHẤT!$C$5,0)) | E65: =IF(CHỈ_SỐ_TRẮNG!$E$18="","",ROUND(CHỈ_SỐ_TRẮNG!$E$18*HỆ_SỐ_PHẨM_CHẤT!$D$5,0)) | F65: =IF(CHỈ_SỐ_TRẮNG!$F$18="","",ROUND(CHỈ_SỐ_TRẮNG!$F$18*HỆ_SỐ_PHẨM_CHẤT!$E$5,0)) | G65: =IF(CHỈ_SỐ_TRẮNG!$G$18="","",CHỈ_SỐ_TRẮNG!$G$18+HỆ_SỐ_PHẨM_CHẤT!$G$5) | H65: =IF(CHỈ_SỐ_TRẮNG!$H$18="","",ROUND(CHỈ_SỐ_TRẮNG!$H$18*HỆ_SỐ_PHẨM_CHẤT!$F$5,1)) | I65: =IF(CHỈ_SỐ_TRẮNG!$I$18="","",CHỈ_SỐ_TRẮNG!$I$18+HỆ_SỐ_PHẨM_CHẤT!$H$5) | J65: =IF(CHỈ_SỐ_TRẮNG!$J$18="","",CHỈ_SỐ_TRẮNG!$J$18+HỆ_SỐ_PHẨM_CHẤT!$I$5) | K65: =IF(CHỈ_SỐ_TRẮNG!$K$18="","",CHỈ_SỐ_TRẮNG!$K$18+HỆ_SỐ_PHẨM_CHẤT!$J$5) | L65: =IF(CHỈ_SỐ_TRẮNG!$L$18="","",CHỈ_SỐ_TRẮNG!$L$18+HỆ_SỐ_PHẨM_CHẤT!$K$5) | M65: =IF(CHỈ_SỐ_TRẮNG!$M$18="","",CHỈ_SỐ_TRẮNG!$M$18+HỆ_SỐ_PHẨM_CHẤT!$L$5) | N65: =IF(OR(N(I65)>0.1,N(K65)>0.1),"Né/chí mạng vượt 10%","")
A66: =NHÂN_VẬT!$A$18 -> NV14 | B66: =IF(NHÂN_VẬT!$B$18="","",NHÂN_VẬT!$B$18) | C66: =HỆ_SỐ_PHẨM_CHẤT!$A$6 -> Xanh lá | D66: =IF(CHỈ_SỐ_TRẮNG!$D$18="","",ROUND(CHỈ_SỐ_TRẮNG!$D$18*HỆ_SỐ_PHẨM_CHẤT!$C$6,0)) | E66: =IF(CHỈ_SỐ_TRẮNG!$E$18="","",ROUND(CHỈ_SỐ_TRẮNG!$E$18*HỆ_SỐ_PHẨM_CHẤT!$D$6,0)) | F66: =IF(CHỈ_SỐ_TRẮNG!$F$18="","",ROUND(CHỈ_SỐ_TRẮNG!$F$18*HỆ_SỐ_PHẨM_CHẤT!$E$6,0)) | G66: =IF(CHỈ_SỐ_TRẮNG!$G$18="","",CHỈ_SỐ_TRẮNG!$G$18+HỆ_SỐ_PHẨM_CHẤT!$G$6) | H66: =IF(CHỈ_SỐ_TRẮNG!$H$18="","",ROUND(CHỈ_SỐ_TRẮNG!$H$18*HỆ_SỐ_PHẨM_CHẤT!$F$6,1)) | I66: =IF(CHỈ_SỐ_TRẮNG!$I$18="","",CHỈ_SỐ_TRẮNG!$I$18+HỆ_SỐ_PHẨM_CHẤT!$H$6) | J66: =IF(CHỈ_SỐ_TRẮNG!$J$18="","",CHỈ_SỐ_TRẮNG!$J$18+HỆ_SỐ_PHẨM_CHẤT!$I$6) | K66: =IF(CHỈ_SỐ_TRẮNG!$K$18="","",CHỈ_SỐ_TRẮNG!$K$18+HỆ_SỐ_PHẨM_CHẤT!$J$6) | L66: =IF(CHỈ_SỐ_TRẮNG!$L$18="","",CHỈ_SỐ_TRẮNG!$L$18+HỆ_SỐ_PHẨM_CHẤT!$K$6) | M66: =IF(CHỈ_SỐ_TRẮNG!$M$18="","",CHỈ_SỐ_TRẮNG!$M$18+HỆ_SỐ_PHẨM_CHẤT!$L$6) | N66: =IF(OR(N(I66)>0.1,N(K66)>0.1),"Né/chí mạng vượt 10%","")
A67: =NHÂN_VẬT!$A$18 -> NV14 | B67: =IF(NHÂN_VẬT!$B$18="","",NHÂN_VẬT!$B$18) | C67: =HỆ_SỐ_PHẨM_CHẤT!$A$7 -> Xanh dương | D67: =IF(CHỈ_SỐ_TRẮNG!$D$18="","",ROUND(CHỈ_SỐ_TRẮNG!$D$18*HỆ_SỐ_PHẨM_CHẤT!$C$7,0)) | E67: =IF(CHỈ_SỐ_TRẮNG!$E$18="","",ROUND(CHỈ_SỐ_TRẮNG!$E$18*HỆ_SỐ_PHẨM_CHẤT!$D$7,0)) | F67: =IF(CHỈ_SỐ_TRẮNG!$F$18="","",ROUND(CHỈ_SỐ_TRẮNG!$F$18*HỆ_SỐ_PHẨM_CHẤT!$E$7,0)) | G67: =IF(CHỈ_SỐ_TRẮNG!$G$18="","",CHỈ_SỐ_TRẮNG!$G$18+HỆ_SỐ_PHẨM_CHẤT!$G$7) | H67: =IF(CHỈ_SỐ_TRẮNG!$H$18="","",ROUND(CHỈ_SỐ_TRẮNG!$H$18*HỆ_SỐ_PHẨM_CHẤT!$F$7,1)) | I67: =IF(CHỈ_SỐ_TRẮNG!$I$18="","",CHỈ_SỐ_TRẮNG!$I$18+HỆ_SỐ_PHẨM_CHẤT!$H$7) | J67: =IF(CHỈ_SỐ_TRẮNG!$J$18="","",CHỈ_SỐ_TRẮNG!$J$18+HỆ_SỐ_PHẨM_CHẤT!$I$7) | K67: =IF(CHỈ_SỐ_TRẮNG!$K$18="","",CHỈ_SỐ_TRẮNG!$K$18+HỆ_SỐ_PHẨM_CHẤT!$J$7) | L67: =IF(CHỈ_SỐ_TRẮNG!$L$18="","",CHỈ_SỐ_TRẮNG!$L$18+HỆ_SỐ_PHẨM_CHẤT!$K$7) | M67: =IF(CHỈ_SỐ_TRẮNG!$M$18="","",CHỈ_SỐ_TRẮNG!$M$18+HỆ_SỐ_PHẨM_CHẤT!$L$7) | N67: =IF(OR(N(I67)>0.1,N(K67)>0.1),"Né/chí mạng vượt 10%","")
A68: =NHÂN_VẬT!$A$18 -> NV14 | B68: =IF(NHÂN_VẬT!$B$18="","",NHÂN_VẬT!$B$18) | C68: =HỆ_SỐ_PHẨM_CHẤT!$A$8 -> Tím | D68: =IF(CHỈ_SỐ_TRẮNG!$D$18="","",ROUND(CHỈ_SỐ_TRẮNG!$D$18*HỆ_SỐ_PHẨM_CHẤT!$C$8,0)) | E68: =IF(CHỈ_SỐ_TRẮNG!$E$18="","",ROUND(CHỈ_SỐ_TRẮNG!$E$18*HỆ_SỐ_PHẨM_CHẤT!$D$8,0)) | F68: =IF(CHỈ_SỐ_TRẮNG!$F$18="","",ROUND(CHỈ_SỐ_TRẮNG!$F$18*HỆ_SỐ_PHẨM_CHẤT!$E$8,0)) | G68: =IF(CHỈ_SỐ_TRẮNG!$G$18="","",CHỈ_SỐ_TRẮNG!$G$18+HỆ_SỐ_PHẨM_CHẤT!$G$8) | H68: =IF(CHỈ_SỐ_TRẮNG!$H$18="","",ROUND(CHỈ_SỐ_TRẮNG!$H$18*HỆ_SỐ_PHẨM_CHẤT!$F$8,1)) | I68: =IF(CHỈ_SỐ_TRẮNG!$I$18="","",CHỈ_SỐ_TRẮNG!$I$18+HỆ_SỐ_PHẨM_CHẤT!$H$8) | J68: =IF(CHỈ_SỐ_TRẮNG!$J$18="","",CHỈ_SỐ_TRẮNG!$J$18+HỆ_SỐ_PHẨM_CHẤT!$I$8) | K68: =IF(CHỈ_SỐ_TRẮNG!$K$18="","",CHỈ_SỐ_TRẮNG!$K$18+HỆ_SỐ_PHẨM_CHẤT!$J$8) | L68: =IF(CHỈ_SỐ_TRẮNG!$L$18="","",CHỈ_SỐ_TRẮNG!$L$18+HỆ_SỐ_PHẨM_CHẤT!$K$8) | M68: =IF(CHỈ_SỐ_TRẮNG!$M$18="","",CHỈ_SỐ_TRẮNG!$M$18+HỆ_SỐ_PHẨM_CHẤT!$L$8) | N68: =IF(OR(N(I68)>0.1,N(K68)>0.1),"Né/chí mạng vượt 10%","")
A69: =NHÂN_VẬT!$A$18 -> NV14 | B69: =IF(NHÂN_VẬT!$B$18="","",NHÂN_VẬT!$B$18) | C69: =HỆ_SỐ_PHẨM_CHẤT!$A$9 -> Đỏ | D69: =IF(CHỈ_SỐ_TRẮNG!$D$18="","",ROUND(CHỈ_SỐ_TRẮNG!$D$18*HỆ_SỐ_PHẨM_CHẤT!$C$9,0)) | E69: =IF(CHỈ_SỐ_TRẮNG!$E$18="","",ROUND(CHỈ_SỐ_TRẮNG!$E$18*HỆ_SỐ_PHẨM_CHẤT!$D$9,0)) | F69: =IF(CHỈ_SỐ_TRẮNG!$F$18="","",ROUND(CHỈ_SỐ_TRẮNG!$F$18*HỆ_SỐ_PHẨM_CHẤT!$E$9,0)) | G69: =IF(CHỈ_SỐ_TRẮNG!$G$18="","",CHỈ_SỐ_TRẮNG!$G$18+HỆ_SỐ_PHẨM_CHẤT!$G$9) | H69: =IF(CHỈ_SỐ_TRẮNG!$H$18="","",ROUND(CHỈ_SỐ_TRẮNG!$H$18*HỆ_SỐ_PHẨM_CHẤT!$F$9,1)) | I69: =IF(CHỈ_SỐ_TRẮNG!$I$18="","",CHỈ_SỐ_TRẮNG!$I$18+HỆ_SỐ_PHẨM_CHẤT!$H$9) | J69: =IF(CHỈ_SỐ_TRẮNG!$J$18="","",CHỈ_SỐ_TRẮNG!$J$18+HỆ_SỐ_PHẨM_CHẤT!$I$9) | K69: =IF(CHỈ_SỐ_TRẮNG!$K$18="","",CHỈ_SỐ_TRẮNG!$K$18+HỆ_SỐ_PHẨM_CHẤT!$J$9) | L69: =IF(CHỈ_SỐ_TRẮNG!$L$18="","",CHỈ_SỐ_TRẮNG!$L$18+HỆ_SỐ_PHẨM_CHẤT!$K$9) | M69: =IF(CHỈ_SỐ_TRẮNG!$M$18="","",CHỈ_SỐ_TRẮNG!$M$18+HỆ_SỐ_PHẨM_CHẤT!$L$9) | N69: =IF(OR(N(I69)>0.1,N(K69)>0.1),"Né/chí mạng vượt 10%","")
A70: =NHÂN_VẬT!$A$19 -> NV15 | B70: =IF(NHÂN_VẬT!$B$19="","",NHÂN_VẬT!$B$19) | C70: =HỆ_SỐ_PHẨM_CHẤT!$A$5 -> Trắng | D70: =IF(CHỈ_SỐ_TRẮNG!$D$19="","",ROUND(CHỈ_SỐ_TRẮNG!$D$19*HỆ_SỐ_PHẨM_CHẤT!$C$5,0)) | E70: =IF(CHỈ_SỐ_TRẮNG!$E$19="","",ROUND(CHỈ_SỐ_TRẮNG!$E$19*HỆ_SỐ_PHẨM_CHẤT!$D$5,0)) | F70: =IF(CHỈ_SỐ_TRẮNG!$F$19="","",ROUND(CHỈ_SỐ_TRẮNG!$F$19*HỆ_SỐ_PHẨM_CHẤT!$E$5,0)) | G70: =IF(CHỈ_SỐ_TRẮNG!$G$19="","",CHỈ_SỐ_TRẮNG!$G$19+HỆ_SỐ_PHẨM_CHẤT!$G$5) | H70: =IF(CHỈ_SỐ_TRẮNG!$H$19="","",ROUND(CHỈ_SỐ_TRẮNG!$H$19*HỆ_SỐ_PHẨM_CHẤT!$F$5,1)) | I70: =IF(CHỈ_SỐ_TRẮNG!$I$19="","",CHỈ_SỐ_TRẮNG!$I$19+HỆ_SỐ_PHẨM_CHẤT!$H$5) | J70: =IF(CHỈ_SỐ_TRẮNG!$J$19="","",CHỈ_SỐ_TRẮNG!$J$19+HỆ_SỐ_PHẨM_CHẤT!$I$5) | K70: =IF(CHỈ_SỐ_TRẮNG!$K$19="","",CHỈ_SỐ_TRẮNG!$K$19+HỆ_SỐ_PHẨM_CHẤT!$J$5) | L70: =IF(CHỈ_SỐ_TRẮNG!$L$19="","",CHỈ_SỐ_TRẮNG!$L$19+HỆ_SỐ_PHẨM_CHẤT!$K$5) | M70: =IF(CHỈ_SỐ_TRẮNG!$M$19="","",CHỈ_SỐ_TRẮNG!$M$19+HỆ_SỐ_PHẨM_CHẤT!$L$5) | N70: =IF(OR(N(I70)>0.1,N(K70)>0.1),"Né/chí mạng vượt 10%","")
A71: =NHÂN_VẬT!$A$19 -> NV15 | B71: =IF(NHÂN_VẬT!$B$19="","",NHÂN_VẬT!$B$19) | C71: =HỆ_SỐ_PHẨM_CHẤT!$A$6 -> Xanh lá | D71: =IF(CHỈ_SỐ_TRẮNG!$D$19="","",ROUND(CHỈ_SỐ_TRẮNG!$D$19*HỆ_SỐ_PHẨM_CHẤT!$C$6,0)) | E71: =IF(CHỈ_SỐ_TRẮNG!$E$19="","",ROUND(CHỈ_SỐ_TRẮNG!$E$19*HỆ_SỐ_PHẨM_CHẤT!$D$6,0)) | F71: =IF(CHỈ_SỐ_TRẮNG!$F$19="","",ROUND(CHỈ_SỐ_TRẮNG!$F$19*HỆ_SỐ_PHẨM_CHẤT!$E$6,0)) | G71: =IF(CHỈ_SỐ_TRẮNG!$G$19="","",CHỈ_SỐ_TRẮNG!$G$19+HỆ_SỐ_PHẨM_CHẤT!$G$6) | H71: =IF(CHỈ_SỐ_TRẮNG!$H$19="","",ROUND(CHỈ_SỐ_TRẮNG!$H$19*HỆ_SỐ_PHẨM_CHẤT!$F$6,1)) | I71: =IF(CHỈ_SỐ_TRẮNG!$I$19="","",CHỈ_SỐ_TRẮNG!$I$19+HỆ_SỐ_PHẨM_CHẤT!$H$6) | J71: =IF(CHỈ_SỐ_TRẮNG!$J$19="","",CHỈ_SỐ_TRẮNG!$J$19+HỆ_SỐ_PHẨM_CHẤT!$I$6) | K71: =IF(CHỈ_SỐ_TRẮNG!$K$19="","",CHỈ_SỐ_TRẮNG!$K$19+HỆ_SỐ_PHẨM_CHẤT!$J$6) | L71: =IF(CHỈ_SỐ_TRẮNG!$L$19="","",CHỈ_SỐ_TRẮNG!$L$19+HỆ_SỐ_PHẨM_CHẤT!$K$6) | M71: =IF(CHỈ_SỐ_TRẮNG!$M$19="","",CHỈ_SỐ_TRẮNG!$M$19+HỆ_SỐ_PHẨM_CHẤT!$L$6) | N71: =IF(OR(N(I71)>0.1,N(K71)>0.1),"Né/chí mạng vượt 10%","")
A72: =NHÂN_VẬT!$A$19 -> NV15 | B72: =IF(NHÂN_VẬT!$B$19="","",NHÂN_VẬT!$B$19) | C72: =HỆ_SỐ_PHẨM_CHẤT!$A$7 -> Xanh dương | D72: =IF(CHỈ_SỐ_TRẮNG!$D$19="","",ROUND(CHỈ_SỐ_TRẮNG!$D$19*HỆ_SỐ_PHẨM_CHẤT!$C$7,0)) | E72: =IF(CHỈ_SỐ_TRẮNG!$E$19="","",ROUND(CHỈ_SỐ_TRẮNG!$E$19*HỆ_SỐ_PHẨM_CHẤT!$D$7,0)) | F72: =IF(CHỈ_SỐ_TRẮNG!$F$19="","",ROUND(CHỈ_SỐ_TRẮNG!$F$19*HỆ_SỐ_PHẨM_CHẤT!$E$7,0)) | G72: =IF(CHỈ_SỐ_TRẮNG!$G$19="","",CHỈ_SỐ_TRẮNG!$G$19+HỆ_SỐ_PHẨM_CHẤT!$G$7) | H72: =IF(CHỈ_SỐ_TRẮNG!$H$19="","",ROUND(CHỈ_SỐ_TRẮNG!$H$19*HỆ_SỐ_PHẨM_CHẤT!$F$7,1)) | I72: =IF(CHỈ_SỐ_TRẮNG!$I$19="","",CHỈ_SỐ_TRẮNG!$I$19+HỆ_SỐ_PHẨM_CHẤT!$H$7) | J72: =IF(CHỈ_SỐ_TRẮNG!$J$19="","",CHỈ_SỐ_TRẮNG!$J$19+HỆ_SỐ_PHẨM_CHẤT!$I$7) | K72: =IF(CHỈ_SỐ_TRẮNG!$K$19="","",CHỈ_SỐ_TRẮNG!$K$19+HỆ_SỐ_PHẨM_CHẤT!$J$7) | L72: =IF(CHỈ_SỐ_TRẮNG!$L$19="","",CHỈ_SỐ_TRẮNG!$L$19+HỆ_SỐ_PHẨM_CHẤT!$K$7) | M72: =IF(CHỈ_SỐ_TRẮNG!$M$19="","",CHỈ_SỐ_TRẮNG!$M$19+HỆ_SỐ_PHẨM_CHẤT!$L$7) | N72: =IF(OR(N(I72)>0.1,N(K72)>0.1),"Né/chí mạng vượt 10%","")
A73: =NHÂN_VẬT!$A$19 -> NV15 | B73: =IF(NHÂN_VẬT!$B$19="","",NHÂN_VẬT!$B$19) | C73: =HỆ_SỐ_PHẨM_CHẤT!$A$8 -> Tím | D73: =IF(CHỈ_SỐ_TRẮNG!$D$19="","",ROUND(CHỈ_SỐ_TRẮNG!$D$19*HỆ_SỐ_PHẨM_CHẤT!$C$8,0)) | E73: =IF(CHỈ_SỐ_TRẮNG!$E$19="","",ROUND(CHỈ_SỐ_TRẮNG!$E$19*HỆ_SỐ_PHẨM_CHẤT!$D$8,0)) | F73: =IF(CHỈ_SỐ_TRẮNG!$F$19="","",ROUND(CHỈ_SỐ_TRẮNG!$F$19*HỆ_SỐ_PHẨM_CHẤT!$E$8,0)) | G73: =IF(CHỈ_SỐ_TRẮNG!$G$19="","",CHỈ_SỐ_TRẮNG!$G$19+HỆ_SỐ_PHẨM_CHẤT!$G$8) | H73: =IF(CHỈ_SỐ_TRẮNG!$H$19="","",ROUND(CHỈ_SỐ_TRẮNG!$H$19*HỆ_SỐ_PHẨM_CHẤT!$F$8,1)) | I73: =IF(CHỈ_SỐ_TRẮNG!$I$19="","",CHỈ_SỐ_TRẮNG!$I$19+HỆ_SỐ_PHẨM_CHẤT!$H$8) | J73: =IF(CHỈ_SỐ_TRẮNG!$J$19="","",CHỈ_SỐ_TRẮNG!$J$19+HỆ_SỐ_PHẨM_CHẤT!$I$8) | K73: =IF(CHỈ_SỐ_TRẮNG!$K$19="","",CHỈ_SỐ_TRẮNG!$K$19+HỆ_SỐ_PHẨM_CHẤT!$J$8) | L73: =IF(CHỈ_SỐ_TRẮNG!$L$19="","",CHỈ_SỐ_TRẮNG!$L$19+HỆ_SỐ_PHẨM_CHẤT!$K$8) | M73: =IF(CHỈ_SỐ_TRẮNG!$M$19="","",CHỈ_SỐ_TRẮNG!$M$19+HỆ_SỐ_PHẨM_CHẤT!$L$8) | N73: =IF(OR(N(I73)>0.1,N(K73)>0.1),"Né/chí mạng vượt 10%","")
A74: =NHÂN_VẬT!$A$19 -> NV15 | B74: =IF(NHÂN_VẬT!$B$19="","",NHÂN_VẬT!$B$19) | C74: =HỆ_SỐ_PHẨM_CHẤT!$A$9 -> Đỏ | D74: =IF(CHỈ_SỐ_TRẮNG!$D$19="","",ROUND(CHỈ_SỐ_TRẮNG!$D$19*HỆ_SỐ_PHẨM_CHẤT!$C$9,0)) | E74: =IF(CHỈ_SỐ_TRẮNG!$E$19="","",ROUND(CHỈ_SỐ_TRẮNG!$E$19*HỆ_SỐ_PHẨM_CHẤT!$D$9,0)) | F74: =IF(CHỈ_SỐ_TRẮNG!$F$19="","",ROUND(CHỈ_SỐ_TRẮNG!$F$19*HỆ_SỐ_PHẨM_CHẤT!$E$9,0)) | G74: =IF(CHỈ_SỐ_TRẮNG!$G$19="","",CHỈ_SỐ_TRẮNG!$G$19+HỆ_SỐ_PHẨM_CHẤT!$G$9) | H74: =IF(CHỈ_SỐ_TRẮNG!$H$19="","",ROUND(CHỈ_SỐ_TRẮNG!$H$19*HỆ_SỐ_PHẨM_CHẤT!$F$9,1)) | I74: =IF(CHỈ_SỐ_TRẮNG!$I$19="","",CHỈ_SỐ_TRẮNG!$I$19+HỆ_SỐ_PHẨM_CHẤT!$H$9) | J74: =IF(CHỈ_SỐ_TRẮNG!$J$19="","",CHỈ_SỐ_TRẮNG!$J$19+HỆ_SỐ_PHẨM_CHẤT!$I$9) | K74: =IF(CHỈ_SỐ_TRẮNG!$K$19="","",CHỈ_SỐ_TRẮNG!$K$19+HỆ_SỐ_PHẨM_CHẤT!$J$9) | L74: =IF(CHỈ_SỐ_TRẮNG!$L$19="","",CHỈ_SỐ_TRẮNG!$L$19+HỆ_SỐ_PHẨM_CHẤT!$K$9) | M74: =IF(CHỈ_SỐ_TRẮNG!$M$19="","",CHỈ_SỐ_TRẮNG!$M$19+HỆ_SỐ_PHẨM_CHẤT!$L$9) | N74: =IF(OR(N(I74)>0.1,N(K74)>0.1),"Né/chí mạng vượt 10%","")
A75: =NHÂN_VẬT!$A$20 -> NV16 | B75: =IF(NHÂN_VẬT!$B$20="","",NHÂN_VẬT!$B$20) | C75: =HỆ_SỐ_PHẨM_CHẤT!$A$5 -> Trắng | D75: =IF(CHỈ_SỐ_TRẮNG!$D$20="","",ROUND(CHỈ_SỐ_TRẮNG!$D$20*HỆ_SỐ_PHẨM_CHẤT!$C$5,0)) | E75: =IF(CHỈ_SỐ_TRẮNG!$E$20="","",ROUND(CHỈ_SỐ_TRẮNG!$E$20*HỆ_SỐ_PHẨM_CHẤT!$D$5,0)) | F75: =IF(CHỈ_SỐ_TRẮNG!$F$20="","",ROUND(CHỈ_SỐ_TRẮNG!$F$20*HỆ_SỐ_PHẨM_CHẤT!$E$5,0)) | G75: =IF(CHỈ_SỐ_TRẮNG!$G$20="","",CHỈ_SỐ_TRẮNG!$G$20+HỆ_SỐ_PHẨM_CHẤT!$G$5) | H75: =IF(CHỈ_SỐ_TRẮNG!$H$20="","",ROUND(CHỈ_SỐ_TRẮNG!$H$20*HỆ_SỐ_PHẨM_CHẤT!$F$5,1)) | I75: =IF(CHỈ_SỐ_TRẮNG!$I$20="","",CHỈ_SỐ_TRẮNG!$I$20+HỆ_SỐ_PHẨM_CHẤT!$H$5) | J75: =IF(CHỈ_SỐ_TRẮNG!$J$20="","",CHỈ_SỐ_TRẮNG!$J$20+HỆ_SỐ_PHẨM_CHẤT!$I$5) | K75: =IF(CHỈ_SỐ_TRẮNG!$K$20="","",CHỈ_SỐ_TRẮNG!$K$20+HỆ_SỐ_PHẨM_CHẤT!$J$5) | L75: =IF(CHỈ_SỐ_TRẮNG!$L$20="","",CHỈ_SỐ_TRẮNG!$L$20+HỆ_SỐ_PHẨM_CHẤT!$K$5) | M75: =IF(CHỈ_SỐ_TRẮNG!$M$20="","",CHỈ_SỐ_TRẮNG!$M$20+HỆ_SỐ_PHẨM_CHẤT!$L$5) | N75: =IF(OR(N(I75)>0.1,N(K75)>0.1),"Né/chí mạng vượt 10%","")
A76: =NHÂN_VẬT!$A$20 -> NV16 | B76: =IF(NHÂN_VẬT!$B$20="","",NHÂN_VẬT!$B$20) | C76: =HỆ_SỐ_PHẨM_CHẤT!$A$6 -> Xanh lá | D76: =IF(CHỈ_SỐ_TRẮNG!$D$20="","",ROUND(CHỈ_SỐ_TRẮNG!$D$20*HỆ_SỐ_PHẨM_CHẤT!$C$6,0)) | E76: =IF(CHỈ_SỐ_TRẮNG!$E$20="","",ROUND(CHỈ_SỐ_TRẮNG!$E$20*HỆ_SỐ_PHẨM_CHẤT!$D$6,0)) | F76: =IF(CHỈ_SỐ_TRẮNG!$F$20="","",ROUND(CHỈ_SỐ_TRẮNG!$F$20*HỆ_SỐ_PHẨM_CHẤT!$E$6,0)) | G76: =IF(CHỈ_SỐ_TRẮNG!$G$20="","",CHỈ_SỐ_TRẮNG!$G$20+HỆ_SỐ_PHẨM_CHẤT!$G$6) | H76: =IF(CHỈ_SỐ_TRẮNG!$H$20="","",ROUND(CHỈ_SỐ_TRẮNG!$H$20*HỆ_SỐ_PHẨM_CHẤT!$F$6,1)) | I76: =IF(CHỈ_SỐ_TRẮNG!$I$20="","",CHỈ_SỐ_TRẮNG!$I$20+HỆ_SỐ_PHẨM_CHẤT!$H$6) | J76: =IF(CHỈ_SỐ_TRẮNG!$J$20="","",CHỈ_SỐ_TRẮNG!$J$20+HỆ_SỐ_PHẨM_CHẤT!$I$6) | K76: =IF(CHỈ_SỐ_TRẮNG!$K$20="","",CHỈ_SỐ_TRẮNG!$K$20+HỆ_SỐ_PHẨM_CHẤT!$J$6) | L76: =IF(CHỈ_SỐ_TRẮNG!$L$20="","",CHỈ_SỐ_TRẮNG!$L$20+HỆ_SỐ_PHẨM_CHẤT!$K$6) | M76: =IF(CHỈ_SỐ_TRẮNG!$M$20="","",CHỈ_SỐ_TRẮNG!$M$20+HỆ_SỐ_PHẨM_CHẤT!$L$6) | N76: =IF(OR(N(I76)>0.1,N(K76)>0.1),"Né/chí mạng vượt 10%","")
A77: =NHÂN_VẬT!$A$20 -> NV16 | B77: =IF(NHÂN_VẬT!$B$20="","",NHÂN_VẬT!$B$20) | C77: =HỆ_SỐ_PHẨM_CHẤT!$A$7 -> Xanh dương | D77: =IF(CHỈ_SỐ_TRẮNG!$D$20="","",ROUND(CHỈ_SỐ_TRẮNG!$D$20*HỆ_SỐ_PHẨM_CHẤT!$C$7,0)) | E77: =IF(CHỈ_SỐ_TRẮNG!$E$20="","",ROUND(CHỈ_SỐ_TRẮNG!$E$20*HỆ_SỐ_PHẨM_CHẤT!$D$7,0)) | F77: =IF(CHỈ_SỐ_TRẮNG!$F$20="","",ROUND(CHỈ_SỐ_TRẮNG!$F$20*HỆ_SỐ_PHẨM_CHẤT!$E$7,0)) | G77: =IF(CHỈ_SỐ_TRẮNG!$G$20="","",CHỈ_SỐ_TRẮNG!$G$20+HỆ_SỐ_PHẨM_CHẤT!$G$7) | H77: =IF(CHỈ_SỐ_TRẮNG!$H$20="","",ROUND(CHỈ_SỐ_TRẮNG!$H$20*HỆ_SỐ_PHẨM_CHẤT!$F$7,1)) | I77: =IF(CHỈ_SỐ_TRẮNG!$I$20="","",CHỈ_SỐ_TRẮNG!$I$20+HỆ_SỐ_PHẨM_CHẤT!$H$7) | J77: =IF(CHỈ_SỐ_TRẮNG!$J$20="","",CHỈ_SỐ_TRẮNG!$J$20+HỆ_SỐ_PHẨM_CHẤT!$I$7) | K77: =IF(CHỈ_SỐ_TRẮNG!$K$20="","",CHỈ_SỐ_TRẮNG!$K$20+HỆ_SỐ_PHẨM_CHẤT!$J$7) | L77: =IF(CHỈ_SỐ_TRẮNG!$L$20="","",CHỈ_SỐ_TRẮNG!$L$20+HỆ_SỐ_PHẨM_CHẤT!$K$7) | M77: =IF(CHỈ_SỐ_TRẮNG!$M$20="","",CHỈ_SỐ_TRẮNG!$M$20+HỆ_SỐ_PHẨM_CHẤT!$L$7) | N77: =IF(OR(N(I77)>0.1,N(K77)>0.1),"Né/chí mạng vượt 10%","")
A78: =NHÂN_VẬT!$A$20 -> NV16 | B78: =IF(NHÂN_VẬT!$B$20="","",NHÂN_VẬT!$B$20) | C78: =HỆ_SỐ_PHẨM_CHẤT!$A$8 -> Tím | D78: =IF(CHỈ_SỐ_TRẮNG!$D$20="","",ROUND(CHỈ_SỐ_TRẮNG!$D$20*HỆ_SỐ_PHẨM_CHẤT!$C$8,0)) | E78: =IF(CHỈ_SỐ_TRẮNG!$E$20="","",ROUND(CHỈ_SỐ_TRẮNG!$E$20*HỆ_SỐ_PHẨM_CHẤT!$D$8,0)) | F78: =IF(CHỈ_SỐ_TRẮNG!$F$20="","",ROUND(CHỈ_SỐ_TRẮNG!$F$20*HỆ_SỐ_PHẨM_CHẤT!$E$8,0)) | G78: =IF(CHỈ_SỐ_TRẮNG!$G$20="","",CHỈ_SỐ_TRẮNG!$G$20+HỆ_SỐ_PHẨM_CHẤT!$G$8) | H78: =IF(CHỈ_SỐ_TRẮNG!$H$20="","",ROUND(CHỈ_SỐ_TRẮNG!$H$20*HỆ_SỐ_PHẨM_CHẤT!$F$8,1)) | I78: =IF(CHỈ_SỐ_TRẮNG!$I$20="","",CHỈ_SỐ_TRẮNG!$I$20+HỆ_SỐ_PHẨM_CHẤT!$H$8) | J78: =IF(CHỈ_SỐ_TRẮNG!$J$20="","",CHỈ_SỐ_TRẮNG!$J$20+HỆ_SỐ_PHẨM_CHẤT!$I$8) | K78: =IF(CHỈ_SỐ_TRẮNG!$K$20="","",CHỈ_SỐ_TRẮNG!$K$20+HỆ_SỐ_PHẨM_CHẤT!$J$8) | L78: =IF(CHỈ_SỐ_TRẮNG!$L$20="","",CHỈ_SỐ_TRẮNG!$L$20+HỆ_SỐ_PHẨM_CHẤT!$K$8) | M78: =IF(CHỈ_SỐ_TRẮNG!$M$20="","",CHỈ_SỐ_TRẮNG!$M$20+HỆ_SỐ_PHẨM_CHẤT!$L$8) | N78: =IF(OR(N(I78)>0.1,N(K78)>0.1),"Né/chí mạng vượt 10%","")
A79: =NHÂN_VẬT!$A$20 -> NV16 | B79: =IF(NHÂN_VẬT!$B$20="","",NHÂN_VẬT!$B$20) | C79: =HỆ_SỐ_PHẨM_CHẤT!$A$9 -> Đỏ | D79: =IF(CHỈ_SỐ_TRẮNG!$D$20="","",ROUND(CHỈ_SỐ_TRẮNG!$D$20*HỆ_SỐ_PHẨM_CHẤT!$C$9,0)) | E79: =IF(CHỈ_SỐ_TRẮNG!$E$20="","",ROUND(CHỈ_SỐ_TRẮNG!$E$20*HỆ_SỐ_PHẨM_CHẤT!$D$9,0)) | F79: =IF(CHỈ_SỐ_TRẮNG!$F$20="","",ROUND(CHỈ_SỐ_TRẮNG!$F$20*HỆ_SỐ_PHẨM_CHẤT!$E$9,0)) | G79: =IF(CHỈ_SỐ_TRẮNG!$G$20="","",CHỈ_SỐ_TRẮNG!$G$20+HỆ_SỐ_PHẨM_CHẤT!$G$9) | H79: =IF(CHỈ_SỐ_TRẮNG!$H$20="","",ROUND(CHỈ_SỐ_TRẮNG!$H$20*HỆ_SỐ_PHẨM_CHẤT!$F$9,1)) | I79: =IF(CHỈ_SỐ_TRẮNG!$I$20="","",CHỈ_SỐ_TRẮNG!$I$20+HỆ_SỐ_PHẨM_CHẤT!$H$9) | J79: =IF(CHỈ_SỐ_TRẮNG!$J$20="","",CHỈ_SỐ_TRẮNG!$J$20+HỆ_SỐ_PHẨM_CHẤT!$I$9) | K79: =IF(CHỈ_SỐ_TRẮNG!$K$20="","",CHỈ_SỐ_TRẮNG!$K$20+HỆ_SỐ_PHẨM_CHẤT!$J$9) | L79: =IF(CHỈ_SỐ_TRẮNG!$L$20="","",CHỈ_SỐ_TRẮNG!$L$20+HỆ_SỐ_PHẨM_CHẤT!$K$9) | M79: =IF(CHỈ_SỐ_TRẮNG!$M$20="","",CHỈ_SỐ_TRẮNG!$M$20+HỆ_SỐ_PHẨM_CHẤT!$L$9) | N79: =IF(OR(N(I79)>0.1,N(K79)>0.1),"Né/chí mạng vượt 10%","")
A80: =NHÂN_VẬT!$A$21 -> NV17 | B80: =IF(NHÂN_VẬT!$B$21="","",NHÂN_VẬT!$B$21) | C80: =HỆ_SỐ_PHẨM_CHẤT!$A$5 -> Trắng | D80: =IF(CHỈ_SỐ_TRẮNG!$D$21="","",ROUND(CHỈ_SỐ_TRẮNG!$D$21*HỆ_SỐ_PHẨM_CHẤT!$C$5,0)) | E80: =IF(CHỈ_SỐ_TRẮNG!$E$21="","",ROUND(CHỈ_SỐ_TRẮNG!$E$21*HỆ_SỐ_PHẨM_CHẤT!$D$5,0)) | F80: =IF(CHỈ_SỐ_TRẮNG!$F$21="","",ROUND(CHỈ_SỐ_TRẮNG!$F$21*HỆ_SỐ_PHẨM_CHẤT!$E$5,0)) | G80: =IF(CHỈ_SỐ_TRẮNG!$G$21="","",CHỈ_SỐ_TRẮNG!$G$21+HỆ_SỐ_PHẨM_CHẤT!$G$5) | H80: =IF(CHỈ_SỐ_TRẮNG!$H$21="","",ROUND(CHỈ_SỐ_TRẮNG!$H$21*HỆ_SỐ_PHẨM_CHẤT!$F$5,1)) | I80: =IF(CHỈ_SỐ_TRẮNG!$I$21="","",CHỈ_SỐ_TRẮNG!$I$21+HỆ_SỐ_PHẨM_CHẤT!$H$5) | J80: =IF(CHỈ_SỐ_TRẮNG!$J$21="","",CHỈ_SỐ_TRẮNG!$J$21+HỆ_SỐ_PHẨM_CHẤT!$I$5) | K80: =IF(CHỈ_SỐ_TRẮNG!$K$21="","",CHỈ_SỐ_TRẮNG!$K$21+HỆ_SỐ_PHẨM_CHẤT!$J$5) | L80: =IF(CHỈ_SỐ_TRẮNG!$L$21="","",CHỈ_SỐ_TRẮNG!$L$21+HỆ_SỐ_PHẨM_CHẤT!$K$5) | M80: =IF(CHỈ_SỐ_TRẮNG!$M$21="","",CHỈ_SỐ_TRẮNG!$M$21+HỆ_SỐ_PHẨM_CHẤT!$L$5) | N80: =IF(OR(N(I80)>0.1,N(K80)>0.1),"Né/chí mạng vượt 10%","")
A81: =NHÂN_VẬT!$A$21 -> NV17 | B81: =IF(NHÂN_VẬT!$B$21="","",NHÂN_VẬT!$B$21) | C81: =HỆ_SỐ_PHẨM_CHẤT!$A$6 -> Xanh lá | D81: =IF(CHỈ_SỐ_TRẮNG!$D$21="","",ROUND(CHỈ_SỐ_TRẮNG!$D$21*HỆ_SỐ_PHẨM_CHẤT!$C$6,0)) | E81: =IF(CHỈ_SỐ_TRẮNG!$E$21="","",ROUND(CHỈ_SỐ_TRẮNG!$E$21*HỆ_SỐ_PHẨM_CHẤT!$D$6,0)) | F81: =IF(CHỈ_SỐ_TRẮNG!$F$21="","",ROUND(CHỈ_SỐ_TRẮNG!$F$21*HỆ_SỐ_PHẨM_CHẤT!$E$6,0)) | G81: =IF(CHỈ_SỐ_TRẮNG!$G$21="","",CHỈ_SỐ_TRẮNG!$G$21+HỆ_SỐ_PHẨM_CHẤT!$G$6) | H81: =IF(CHỈ_SỐ_TRẮNG!$H$21="","",ROUND(CHỈ_SỐ_TRẮNG!$H$21*HỆ_SỐ_PHẨM_CHẤT!$F$6,1)) | I81: =IF(CHỈ_SỐ_TRẮNG!$I$21="","",CHỈ_SỐ_TRẮNG!$I$21+HỆ_SỐ_PHẨM_CHẤT!$H$6) | J81: =IF(CHỈ_SỐ_TRẮNG!$J$21="","",CHỈ_SỐ_TRẮNG!$J$21+HỆ_SỐ_PHẨM_CHẤT!$I$6) | K81: =IF(CHỈ_SỐ_TRẮNG!$K$21="","",CHỈ_SỐ_TRẮNG!$K$21+HỆ_SỐ_PHẨM_CHẤT!$J$6) | L81: =IF(CHỈ_SỐ_TRẮNG!$L$21="","",CHỈ_SỐ_TRẮNG!$L$21+HỆ_SỐ_PHẨM_CHẤT!$K$6) | M81: =IF(CHỈ_SỐ_TRẮNG!$M$21="","",CHỈ_SỐ_TRẮNG!$M$21+HỆ_SỐ_PHẨM_CHẤT!$L$6) | N81: =IF(OR(N(I81)>0.1,N(K81)>0.1),"Né/chí mạng vượt 10%","")
A82: =NHÂN_VẬT!$A$21 -> NV17 | B82: =IF(NHÂN_VẬT!$B$21="","",NHÂN_VẬT!$B$21) | C82: =HỆ_SỐ_PHẨM_CHẤT!$A$7 -> Xanh dương | D82: =IF(CHỈ_SỐ_TRẮNG!$D$21="","",ROUND(CHỈ_SỐ_TRẮNG!$D$21*HỆ_SỐ_PHẨM_CHẤT!$C$7,0)) | E82: =IF(CHỈ_SỐ_TRẮNG!$E$21="","",ROUND(CHỈ_SỐ_TRẮNG!$E$21*HỆ_SỐ_PHẨM_CHẤT!$D$7,0)) | F82: =IF(CHỈ_SỐ_TRẮNG!$F$21="","",ROUND(CHỈ_SỐ_TRẮNG!$F$21*HỆ_SỐ_PHẨM_CHẤT!$E$7,0)) | G82: =IF(CHỈ_SỐ_TRẮNG!$G$21="","",CHỈ_SỐ_TRẮNG!$G$21+HỆ_SỐ_PHẨM_CHẤT!$G$7) | H82: =IF(CHỈ_SỐ_TRẮNG!$H$21="","",ROUND(CHỈ_SỐ_TRẮNG!$H$21*HỆ_SỐ_PHẨM_CHẤT!$F$7,1)) | I82: =IF(CHỈ_SỐ_TRẮNG!$I$21="","",CHỈ_SỐ_TRẮNG!$I$21+HỆ_SỐ_PHẨM_CHẤT!$H$7) | J82: =IF(CHỈ_SỐ_TRẮNG!$J$21="","",CHỈ_SỐ_TRẮNG!$J$21+HỆ_SỐ_PHẨM_CHẤT!$I$7) | K82: =IF(CHỈ_SỐ_TRẮNG!$K$21="","",CHỈ_SỐ_TRẮNG!$K$21+HỆ_SỐ_PHẨM_CHẤT!$J$7) | L82: =IF(CHỈ_SỐ_TRẮNG!$L$21="","",CHỈ_SỐ_TRẮNG!$L$21+HỆ_SỐ_PHẨM_CHẤT!$K$7) | M82: =IF(CHỈ_SỐ_TRẮNG!$M$21="","",CHỈ_SỐ_TRẮNG!$M$21+HỆ_SỐ_PHẨM_CHẤT!$L$7) | N82: =IF(OR(N(I82)>0.1,N(K82)>0.1),"Né/chí mạng vượt 10%","")
A83: =NHÂN_VẬT!$A$21 -> NV17 | B83: =IF(NHÂN_VẬT!$B$21="","",NHÂN_VẬT!$B$21) | C83: =HỆ_SỐ_PHẨM_CHẤT!$A$8 -> Tím | D83: =IF(CHỈ_SỐ_TRẮNG!$D$21="","",ROUND(CHỈ_SỐ_TRẮNG!$D$21*HỆ_SỐ_PHẨM_CHẤT!$C$8,0)) | E83: =IF(CHỈ_SỐ_TRẮNG!$E$21="","",ROUND(CHỈ_SỐ_TRẮNG!$E$21*HỆ_SỐ_PHẨM_CHẤT!$D$8,0)) | F83: =IF(CHỈ_SỐ_TRẮNG!$F$21="","",ROUND(CHỈ_SỐ_TRẮNG!$F$21*HỆ_SỐ_PHẨM_CHẤT!$E$8,0)) | G83: =IF(CHỈ_SỐ_TRẮNG!$G$21="","",CHỈ_SỐ_TRẮNG!$G$21+HỆ_SỐ_PHẨM_CHẤT!$G$8) | H83: =IF(CHỈ_SỐ_TRẮNG!$H$21="","",ROUND(CHỈ_SỐ_TRẮNG!$H$21*HỆ_SỐ_PHẨM_CHẤT!$F$8,1)) | I83: =IF(CHỈ_SỐ_TRẮNG!$I$21="","",CHỈ_SỐ_TRẮNG!$I$21+HỆ_SỐ_PHẨM_CHẤT!$H$8) | J83: =IF(CHỈ_SỐ_TRẮNG!$J$21="","",CHỈ_SỐ_TRẮNG!$J$21+HỆ_SỐ_PHẨM_CHẤT!$I$8) | K83: =IF(CHỈ_SỐ_TRẮNG!$K$21="","",CHỈ_SỐ_TRẮNG!$K$21+HỆ_SỐ_PHẨM_CHẤT!$J$8) | L83: =IF(CHỈ_SỐ_TRẮNG!$L$21="","",CHỈ_SỐ_TRẮNG!$L$21+HỆ_SỐ_PHẨM_CHẤT!$K$8) | M83: =IF(CHỈ_SỐ_TRẮNG!$M$21="","",CHỈ_SỐ_TRẮNG!$M$21+HỆ_SỐ_PHẨM_CHẤT!$L$8) | N83: =IF(OR(N(I83)>0.1,N(K83)>0.1),"Né/chí mạng vượt 10%","")
A84: =NHÂN_VẬT!$A$21 -> NV17 | B84: =IF(NHÂN_VẬT!$B$21="","",NHÂN_VẬT!$B$21) | C84: =HỆ_SỐ_PHẨM_CHẤT!$A$9 -> Đỏ | D84: =IF(CHỈ_SỐ_TRẮNG!$D$21="","",ROUND(CHỈ_SỐ_TRẮNG!$D$21*HỆ_SỐ_PHẨM_CHẤT!$C$9,0)) | E84: =IF(CHỈ_SỐ_TRẮNG!$E$21="","",ROUND(CHỈ_SỐ_TRẮNG!$E$21*HỆ_SỐ_PHẨM_CHẤT!$D$9,0)) | F84: =IF(CHỈ_SỐ_TRẮNG!$F$21="","",ROUND(CHỈ_SỐ_TRẮNG!$F$21*HỆ_SỐ_PHẨM_CHẤT!$E$9,0)) | G84: =IF(CHỈ_SỐ_TRẮNG!$G$21="","",CHỈ_SỐ_TRẮNG!$G$21+HỆ_SỐ_PHẨM_CHẤT!$G$9) | H84: =IF(CHỈ_SỐ_TRẮNG!$H$21="","",ROUND(CHỈ_SỐ_TRẮNG!$H$21*HỆ_SỐ_PHẨM_CHẤT!$F$9,1)) | I84: =IF(CHỈ_SỐ_TRẮNG!$I$21="","",CHỈ_SỐ_TRẮNG!$I$21+HỆ_SỐ_PHẨM_CHẤT!$H$9) | J84: =IF(CHỈ_SỐ_TRẮNG!$J$21="","",CHỈ_SỐ_TRẮNG!$J$21+HỆ_SỐ_PHẨM_CHẤT!$I$9) | K84: =IF(CHỈ_SỐ_TRẮNG!$K$21="","",CHỈ_SỐ_TRẮNG!$K$21+HỆ_SỐ_PHẨM_CHẤT!$J$9) | L84: =IF(CHỈ_SỐ_TRẮNG!$L$21="","",CHỈ_SỐ_TRẮNG!$L$21+HỆ_SỐ_PHẨM_CHẤT!$K$9) | M84: =IF(CHỈ_SỐ_TRẮNG!$M$21="","",CHỈ_SỐ_TRẮNG!$M$21+HỆ_SỐ_PHẨM_CHẤT!$L$9) | N84: =IF(OR(N(I84)>0.1,N(K84)>0.1),"Né/chí mạng vượt 10%","")
A85: =NHÂN_VẬT!$A$22 -> NV18 | B85: =IF(NHÂN_VẬT!$B$22="","",NHÂN_VẬT!$B$22) | C85: =HỆ_SỐ_PHẨM_CHẤT!$A$5 -> Trắng | D85: =IF(CHỈ_SỐ_TRẮNG!$D$22="","",ROUND(CHỈ_SỐ_TRẮNG!$D$22*HỆ_SỐ_PHẨM_CHẤT!$C$5,0)) | E85: =IF(CHỈ_SỐ_TRẮNG!$E$22="","",ROUND(CHỈ_SỐ_TRẮNG!$E$22*HỆ_SỐ_PHẨM_CHẤT!$D$5,0)) | F85: =IF(CHỈ_SỐ_TRẮNG!$F$22="","",ROUND(CHỈ_SỐ_TRẮNG!$F$22*HỆ_SỐ_PHẨM_CHẤT!$E$5,0)) | G85: =IF(CHỈ_SỐ_TRẮNG!$G$22="","",CHỈ_SỐ_TRẮNG!$G$22+HỆ_SỐ_PHẨM_CHẤT!$G$5) | H85: =IF(CHỈ_SỐ_TRẮNG!$H$22="","",ROUND(CHỈ_SỐ_TRẮNG!$H$22*HỆ_SỐ_PHẨM_CHẤT!$F$5,1)) | I85: =IF(CHỈ_SỐ_TRẮNG!$I$22="","",CHỈ_SỐ_TRẮNG!$I$22+HỆ_SỐ_PHẨM_CHẤT!$H$5) | J85: =IF(CHỈ_SỐ_TRẮNG!$J$22="","",CHỈ_SỐ_TRẮNG!$J$22+HỆ_SỐ_PHẨM_CHẤT!$I$5) | K85: =IF(CHỈ_SỐ_TRẮNG!$K$22="","",CHỈ_SỐ_TRẮNG!$K$22+HỆ_SỐ_PHẨM_CHẤT!$J$5) | L85: =IF(CHỈ_SỐ_TRẮNG!$L$22="","",CHỈ_SỐ_TRẮNG!$L$22+HỆ_SỐ_PHẨM_CHẤT!$K$5) | M85: =IF(CHỈ_SỐ_TRẮNG!$M$22="","",CHỈ_SỐ_TRẮNG!$M$22+HỆ_SỐ_PHẨM_CHẤT!$L$5) | N85: =IF(OR(N(I85)>0.1,N(K85)>0.1),"Né/chí mạng vượt 10%","")
A86: =NHÂN_VẬT!$A$22 -> NV18 | B86: =IF(NHÂN_VẬT!$B$22="","",NHÂN_VẬT!$B$22) | C86: =HỆ_SỐ_PHẨM_CHẤT!$A$6 -> Xanh lá | D86: =IF(CHỈ_SỐ_TRẮNG!$D$22="","",ROUND(CHỈ_SỐ_TRẮNG!$D$22*HỆ_SỐ_PHẨM_CHẤT!$C$6,0)) | E86: =IF(CHỈ_SỐ_TRẮNG!$E$22="","",ROUND(CHỈ_SỐ_TRẮNG!$E$22*HỆ_SỐ_PHẨM_CHẤT!$D$6,0)) | F86: =IF(CHỈ_SỐ_TRẮNG!$F$22="","",ROUND(CHỈ_SỐ_TRẮNG!$F$22*HỆ_SỐ_PHẨM_CHẤT!$E$6,0)) | G86: =IF(CHỈ_SỐ_TRẮNG!$G$22="","",CHỈ_SỐ_TRẮNG!$G$22+HỆ_SỐ_PHẨM_CHẤT!$G$6) | H86: =IF(CHỈ_SỐ_TRẮNG!$H$22="","",ROUND(CHỈ_SỐ_TRẮNG!$H$22*HỆ_SỐ_PHẨM_CHẤT!$F$6,1)) | I86: =IF(CHỈ_SỐ_TRẮNG!$I$22="","",CHỈ_SỐ_TRẮNG!$I$22+HỆ_SỐ_PHẨM_CHẤT!$H$6) | J86: =IF(CHỈ_SỐ_TRẮNG!$J$22="","",CHỈ_SỐ_TRẮNG!$J$22+HỆ_SỐ_PHẨM_CHẤT!$I$6) | K86: =IF(CHỈ_SỐ_TRẮNG!$K$22="","",CHỈ_SỐ_TRẮNG!$K$22+HỆ_SỐ_PHẨM_CHẤT!$J$6) | L86: =IF(CHỈ_SỐ_TRẮNG!$L$22="","",CHỈ_SỐ_TRẮNG!$L$22+HỆ_SỐ_PHẨM_CHẤT!$K$6) | M86: =IF(CHỈ_SỐ_TRẮNG!$M$22="","",CHỈ_SỐ_TRẮNG!$M$22+HỆ_SỐ_PHẨM_CHẤT!$L$6) | N86: =IF(OR(N(I86)>0.1,N(K86)>0.1),"Né/chí mạng vượt 10%","")
A87: =NHÂN_VẬT!$A$22 -> NV18 | B87: =IF(NHÂN_VẬT!$B$22="","",NHÂN_VẬT!$B$22) | C87: =HỆ_SỐ_PHẨM_CHẤT!$A$7 -> Xanh dương | D87: =IF(CHỈ_SỐ_TRẮNG!$D$22="","",ROUND(CHỈ_SỐ_TRẮNG!$D$22*HỆ_SỐ_PHẨM_CHẤT!$C$7,0)) | E87: =IF(CHỈ_SỐ_TRẮNG!$E$22="","",ROUND(CHỈ_SỐ_TRẮNG!$E$22*HỆ_SỐ_PHẨM_CHẤT!$D$7,0)) | F87: =IF(CHỈ_SỐ_TRẮNG!$F$22="","",ROUND(CHỈ_SỐ_TRẮNG!$F$22*HỆ_SỐ_PHẨM_CHẤT!$E$7,0)) | G87: =IF(CHỈ_SỐ_TRẮNG!$G$22="","",CHỈ_SỐ_TRẮNG!$G$22+HỆ_SỐ_PHẨM_CHẤT!$G$7) | H87: =IF(CHỈ_SỐ_TRẮNG!$H$22="","",ROUND(CHỈ_SỐ_TRẮNG!$H$22*HỆ_SỐ_PHẨM_CHẤT!$F$7,1)) | I87: =IF(CHỈ_SỐ_TRẮNG!$I$22="","",CHỈ_SỐ_TRẮNG!$I$22+HỆ_SỐ_PHẨM_CHẤT!$H$7) | J87: =IF(CHỈ_SỐ_TRẮNG!$J$22="","",CHỈ_SỐ_TRẮNG!$J$22+HỆ_SỐ_PHẨM_CHẤT!$I$7) | K87: =IF(CHỈ_SỐ_TRẮNG!$K$22="","",CHỈ_SỐ_TRẮNG!$K$22+HỆ_SỐ_PHẨM_CHẤT!$J$7) | L87: =IF(CHỈ_SỐ_TRẮNG!$L$22="","",CHỈ_SỐ_TRẮNG!$L$22+HỆ_SỐ_PHẨM_CHẤT!$K$7) | M87: =IF(CHỈ_SỐ_TRẮNG!$M$22="","",CHỈ_SỐ_TRẮNG!$M$22+HỆ_SỐ_PHẨM_CHẤT!$L$7) | N87: =IF(OR(N(I87)>0.1,N(K87)>0.1),"Né/chí mạng vượt 10%","")
A88: =NHÂN_VẬT!$A$22 -> NV18 | B88: =IF(NHÂN_VẬT!$B$22="","",NHÂN_VẬT!$B$22) | C88: =HỆ_SỐ_PHẨM_CHẤT!$A$8 -> Tím | D88: =IF(CHỈ_SỐ_TRẮNG!$D$22="","",ROUND(CHỈ_SỐ_TRẮNG!$D$22*HỆ_SỐ_PHẨM_CHẤT!$C$8,0)) | E88: =IF(CHỈ_SỐ_TRẮNG!$E$22="","",ROUND(CHỈ_SỐ_TRẮNG!$E$22*HỆ_SỐ_PHẨM_CHẤT!$D$8,0)) | F88: =IF(CHỈ_SỐ_TRẮNG!$F$22="","",ROUND(CHỈ_SỐ_TRẮNG!$F$22*HỆ_SỐ_PHẨM_CHẤT!$E$8,0)) | G88: =IF(CHỈ_SỐ_TRẮNG!$G$22="","",CHỈ_SỐ_TRẮNG!$G$22+HỆ_SỐ_PHẨM_CHẤT!$G$8) | H88: =IF(CHỈ_SỐ_TRẮNG!$H$22="","",ROUND(CHỈ_SỐ_TRẮNG!$H$22*HỆ_SỐ_PHẨM_CHẤT!$F$8,1)) | I88: =IF(CHỈ_SỐ_TRẮNG!$I$22="","",CHỈ_SỐ_TRẮNG!$I$22+HỆ_SỐ_PHẨM_CHẤT!$H$8) | J88: =IF(CHỈ_SỐ_TRẮNG!$J$22="","",CHỈ_SỐ_TRẮNG!$J$22+HỆ_SỐ_PHẨM_CHẤT!$I$8) | K88: =IF(CHỈ_SỐ_TRẮNG!$K$22="","",CHỈ_SỐ_TRẮNG!$K$22+HỆ_SỐ_PHẨM_CHẤT!$J$8) | L88: =IF(CHỈ_SỐ_TRẮNG!$L$22="","",CHỈ_SỐ_TRẮNG!$L$22+HỆ_SỐ_PHẨM_CHẤT!$K$8) | M88: =IF(CHỈ_SỐ_TRẮNG!$M$22="","",CHỈ_SỐ_TRẮNG!$M$22+HỆ_SỐ_PHẨM_CHẤT!$L$8) | N88: =IF(OR(N(I88)>0.1,N(K88)>0.1),"Né/chí mạng vượt 10%","")
A89: =NHÂN_VẬT!$A$22 -> NV18 | B89: =IF(NHÂN_VẬT!$B$22="","",NHÂN_VẬT!$B$22) | C89: =HỆ_SỐ_PHẨM_CHẤT!$A$9 -> Đỏ | D89: =IF(CHỈ_SỐ_TRẮNG!$D$22="","",ROUND(CHỈ_SỐ_TRẮNG!$D$22*HỆ_SỐ_PHẨM_CHẤT!$C$9,0)) | E89: =IF(CHỈ_SỐ_TRẮNG!$E$22="","",ROUND(CHỈ_SỐ_TRẮNG!$E$22*HỆ_SỐ_PHẨM_CHẤT!$D$9,0)) | F89: =IF(CHỈ_SỐ_TRẮNG!$F$22="","",ROUND(CHỈ_SỐ_TRẮNG!$F$22*HỆ_SỐ_PHẨM_CHẤT!$E$9,0)) | G89: =IF(CHỈ_SỐ_TRẮNG!$G$22="","",CHỈ_SỐ_TRẮNG!$G$22+HỆ_SỐ_PHẨM_CHẤT!$G$9) | H89: =IF(CHỈ_SỐ_TRẮNG!$H$22="","",ROUND(CHỈ_SỐ_TRẮNG!$H$22*HỆ_SỐ_PHẨM_CHẤT!$F$9,1)) | I89: =IF(CHỈ_SỐ_TRẮNG!$I$22="","",CHỈ_SỐ_TRẮNG!$I$22+HỆ_SỐ_PHẨM_CHẤT!$H$9) | J89: =IF(CHỈ_SỐ_TRẮNG!$J$22="","",CHỈ_SỐ_TRẮNG!$J$22+HỆ_SỐ_PHẨM_CHẤT!$I$9) | K89: =IF(CHỈ_SỐ_TRẮNG!$K$22="","",CHỈ_SỐ_TRẮNG!$K$22+HỆ_SỐ_PHẨM_CHẤT!$J$9) | L89: =IF(CHỈ_SỐ_TRẮNG!$L$22="","",CHỈ_SỐ_TRẮNG!$L$22+HỆ_SỐ_PHẨM_CHẤT!$K$9) | M89: =IF(CHỈ_SỐ_TRẮNG!$M$22="","",CHỈ_SỐ_TRẮNG!$M$22+HỆ_SỐ_PHẨM_CHẤT!$L$9) | N89: =IF(OR(N(I89)>0.1,N(K89)>0.1),"Né/chí mạng vượt 10%","")
A90: =NHÂN_VẬT!$A$23 -> NV19 | B90: =IF(NHÂN_VẬT!$B$23="","",NHÂN_VẬT!$B$23) | C90: =HỆ_SỐ_PHẨM_CHẤT!$A$5 -> Trắng | D90: =IF(CHỈ_SỐ_TRẮNG!$D$23="","",ROUND(CHỈ_SỐ_TRẮNG!$D$23*HỆ_SỐ_PHẨM_CHẤT!$C$5,0)) | E90: =IF(CHỈ_SỐ_TRẮNG!$E$23="","",ROUND(CHỈ_SỐ_TRẮNG!$E$23*HỆ_SỐ_PHẨM_CHẤT!$D$5,0)) | F90: =IF(CHỈ_SỐ_TRẮNG!$F$23="","",ROUND(CHỈ_SỐ_TRẮNG!$F$23*HỆ_SỐ_PHẨM_CHẤT!$E$5,0)) | G90: =IF(CHỈ_SỐ_TRẮNG!$G$23="","",CHỈ_SỐ_TRẮNG!$G$23+HỆ_SỐ_PHẨM_CHẤT!$G$5) | H90: =IF(CHỈ_SỐ_TRẮNG!$H$23="","",ROUND(CHỈ_SỐ_TRẮNG!$H$23*HỆ_SỐ_PHẨM_CHẤT!$F$5,1)) | I90: =IF(CHỈ_SỐ_TRẮNG!$I$23="","",CHỈ_SỐ_TRẮNG!$I$23+HỆ_SỐ_PHẨM_CHẤT!$H$5) | J90: =IF(CHỈ_SỐ_TRẮNG!$J$23="","",CHỈ_SỐ_TRẮNG!$J$23+HỆ_SỐ_PHẨM_CHẤT!$I$5) | K90: =IF(CHỈ_SỐ_TRẮNG!$K$23="","",CHỈ_SỐ_TRẮNG!$K$23+HỆ_SỐ_PHẨM_CHẤT!$J$5) | L90: =IF(CHỈ_SỐ_TRẮNG!$L$23="","",CHỈ_SỐ_TRẮNG!$L$23+HỆ_SỐ_PHẨM_CHẤT!$K$5) | M90: =IF(CHỈ_SỐ_TRẮNG!$M$23="","",CHỈ_SỐ_TRẮNG!$M$23+HỆ_SỐ_PHẨM_CHẤT!$L$5) | N90: =IF(OR(N(I90)>0.1,N(K90)>0.1),"Né/chí mạng vượt 10%","")
A91: =NHÂN_VẬT!$A$23 -> NV19 | B91: =IF(NHÂN_VẬT!$B$23="","",NHÂN_VẬT!$B$23) | C91: =HỆ_SỐ_PHẨM_CHẤT!$A$6 -> Xanh lá | D91: =IF(CHỈ_SỐ_TRẮNG!$D$23="","",ROUND(CHỈ_SỐ_TRẮNG!$D$23*HỆ_SỐ_PHẨM_CHẤT!$C$6,0)) | E91: =IF(CHỈ_SỐ_TRẮNG!$E$23="","",ROUND(CHỈ_SỐ_TRẮNG!$E$23*HỆ_SỐ_PHẨM_CHẤT!$D$6,0)) | F91: =IF(CHỈ_SỐ_TRẮNG!$F$23="","",ROUND(CHỈ_SỐ_TRẮNG!$F$23*HỆ_SỐ_PHẨM_CHẤT!$E$6,0)) | G91: =IF(CHỈ_SỐ_TRẮNG!$G$23="","",CHỈ_SỐ_TRẮNG!$G$23+HỆ_SỐ_PHẨM_CHẤT!$G$6) | H91: =IF(CHỈ_SỐ_TRẮNG!$H$23="","",ROUND(CHỈ_SỐ_TRẮNG!$H$23*HỆ_SỐ_PHẨM_CHẤT!$F$6,1)) | I91: =IF(CHỈ_SỐ_TRẮNG!$I$23="","",CHỈ_SỐ_TRẮNG!$I$23+HỆ_SỐ_PHẨM_CHẤT!$H$6) | J91: =IF(CHỈ_SỐ_TRẮNG!$J$23="","",CHỈ_SỐ_TRẮNG!$J$23+HỆ_SỐ_PHẨM_CHẤT!$I$6) | K91: =IF(CHỈ_SỐ_TRẮNG!$K$23="","",CHỈ_SỐ_TRẮNG!$K$23+HỆ_SỐ_PHẨM_CHẤT!$J$6) | L91: =IF(CHỈ_SỐ_TRẮNG!$L$23="","",CHỈ_SỐ_TRẮNG!$L$23+HỆ_SỐ_PHẨM_CHẤT!$K$6) | M91: =IF(CHỈ_SỐ_TRẮNG!$M$23="","",CHỈ_SỐ_TRẮNG!$M$23+HỆ_SỐ_PHẨM_CHẤT!$L$6) | N91: =IF(OR(N(I91)>0.1,N(K91)>0.1),"Né/chí mạng vượt 10%","")
A92: =NHÂN_VẬT!$A$23 -> NV19 | B92: =IF(NHÂN_VẬT!$B$23="","",NHÂN_VẬT!$B$23) | C92: =HỆ_SỐ_PHẨM_CHẤT!$A$7 -> Xanh dương | D92: =IF(CHỈ_SỐ_TRẮNG!$D$23="","",ROUND(CHỈ_SỐ_TRẮNG!$D$23*HỆ_SỐ_PHẨM_CHẤT!$C$7,0)) | E92: =IF(CHỈ_SỐ_TRẮNG!$E$23="","",ROUND(CHỈ_SỐ_TRẮNG!$E$23*HỆ_SỐ_PHẨM_CHẤT!$D$7,0)) | F92: =IF(CHỈ_SỐ_TRẮNG!$F$23="","",ROUND(CHỈ_SỐ_TRẮNG!$F$23*HỆ_SỐ_PHẨM_CHẤT!$E$7,0)) | G92: =IF(CHỈ_SỐ_TRẮNG!$G$23="","",CHỈ_SỐ_TRẮNG!$G$23+HỆ_SỐ_PHẨM_CHẤT!$G$7) | H92: =IF(CHỈ_SỐ_TRẮNG!$H$23="","",ROUND(CHỈ_SỐ_TRẮNG!$H$23*HỆ_SỐ_PHẨM_CHẤT!$F$7,1)) | I92: =IF(CHỈ_SỐ_TRẮNG!$I$23="","",CHỈ_SỐ_TRẮNG!$I$23+HỆ_SỐ_PHẨM_CHẤT!$H$7) | J92: =IF(CHỈ_SỐ_TRẮNG!$J$23="","",CHỈ_SỐ_TRẮNG!$J$23+HỆ_SỐ_PHẨM_CHẤT!$I$7) | K92: =IF(CHỈ_SỐ_TRẮNG!$K$23="","",CHỈ_SỐ_TRẮNG!$K$23+HỆ_SỐ_PHẨM_CHẤT!$J$7) | L92: =IF(CHỈ_SỐ_TRẮNG!$L$23="","",CHỈ_SỐ_TRẮNG!$L$23+HỆ_SỐ_PHẨM_CHẤT!$K$7) | M92: =IF(CHỈ_SỐ_TRẮNG!$M$23="","",CHỈ_SỐ_TRẮNG!$M$23+HỆ_SỐ_PHẨM_CHẤT!$L$7) | N92: =IF(OR(N(I92)>0.1,N(K92)>0.1),"Né/chí mạng vượt 10%","")
A93: =NHÂN_VẬT!$A$23 -> NV19 | B93: =IF(NHÂN_VẬT!$B$23="","",NHÂN_VẬT!$B$23) | C93: =HỆ_SỐ_PHẨM_CHẤT!$A$8 -> Tím | D93: =IF(CHỈ_SỐ_TRẮNG!$D$23="","",ROUND(CHỈ_SỐ_TRẮNG!$D$23*HỆ_SỐ_PHẨM_CHẤT!$C$8,0)) | E93: =IF(CHỈ_SỐ_TRẮNG!$E$23="","",ROUND(CHỈ_SỐ_TRẮNG!$E$23*HỆ_SỐ_PHẨM_CHẤT!$D$8,0)) | F93: =IF(CHỈ_SỐ_TRẮNG!$F$23="","",ROUND(CHỈ_SỐ_TRẮNG!$F$23*HỆ_SỐ_PHẨM_CHẤT!$E$8,0)) | G93: =IF(CHỈ_SỐ_TRẮNG!$G$23="","",CHỈ_SỐ_TRẮNG!$G$23+HỆ_SỐ_PHẨM_CHẤT!$G$8) | H93: =IF(CHỈ_SỐ_TRẮNG!$H$23="","",ROUND(CHỈ_SỐ_TRẮNG!$H$23*HỆ_SỐ_PHẨM_CHẤT!$F$8,1)) | I93: =IF(CHỈ_SỐ_TRẮNG!$I$23="","",CHỈ_SỐ_TRẮNG!$I$23+HỆ_SỐ_PHẨM_CHẤT!$H$8) | J93: =IF(CHỈ_SỐ_TRẮNG!$J$23="","",CHỈ_SỐ_TRẮNG!$J$23+HỆ_SỐ_PHẨM_CHẤT!$I$8) | K93: =IF(CHỈ_SỐ_TRẮNG!$K$23="","",CHỈ_SỐ_TRẮNG!$K$23+HỆ_SỐ_PHẨM_CHẤT!$J$8) | L93: =IF(CHỈ_SỐ_TRẮNG!$L$23="","",CHỈ_SỐ_TRẮNG!$L$23+HỆ_SỐ_PHẨM_CHẤT!$K$8) | M93: =IF(CHỈ_SỐ_TRẮNG!$M$23="","",CHỈ_SỐ_TRẮNG!$M$23+HỆ_SỐ_PHẨM_CHẤT!$L$8) | N93: =IF(OR(N(I93)>0.1,N(K93)>0.1),"Né/chí mạng vượt 10%","")
A94: =NHÂN_VẬT!$A$23 -> NV19 | B94: =IF(NHÂN_VẬT!$B$23="","",NHÂN_VẬT!$B$23) | C94: =HỆ_SỐ_PHẨM_CHẤT!$A$9 -> Đỏ | D94: =IF(CHỈ_SỐ_TRẮNG!$D$23="","",ROUND(CHỈ_SỐ_TRẮNG!$D$23*HỆ_SỐ_PHẨM_CHẤT!$C$9,0)) | E94: =IF(CHỈ_SỐ_TRẮNG!$E$23="","",ROUND(CHỈ_SỐ_TRẮNG!$E$23*HỆ_SỐ_PHẨM_CHẤT!$D$9,0)) | F94: =IF(CHỈ_SỐ_TRẮNG!$F$23="","",ROUND(CHỈ_SỐ_TRẮNG!$F$23*HỆ_SỐ_PHẨM_CHẤT!$E$9,0)) | G94: =IF(CHỈ_SỐ_TRẮNG!$G$23="","",CHỈ_SỐ_TRẮNG!$G$23+HỆ_SỐ_PHẨM_CHẤT!$G$9) | H94: =IF(CHỈ_SỐ_TRẮNG!$H$23="","",ROUND(CHỈ_SỐ_TRẮNG!$H$23*HỆ_SỐ_PHẨM_CHẤT!$F$9,1)) | I94: =IF(CHỈ_SỐ_TRẮNG!$I$23="","",CHỈ_SỐ_TRẮNG!$I$23+HỆ_SỐ_PHẨM_CHẤT!$H$9) | J94: =IF(CHỈ_SỐ_TRẮNG!$J$23="","",CHỈ_SỐ_TRẮNG!$J$23+HỆ_SỐ_PHẨM_CHẤT!$I$9) | K94: =IF(CHỈ_SỐ_TRẮNG!$K$23="","",CHỈ_SỐ_TRẮNG!$K$23+HỆ_SỐ_PHẨM_CHẤT!$J$9) | L94: =IF(CHỈ_SỐ_TRẮNG!$L$23="","",CHỈ_SỐ_TRẮNG!$L$23+HỆ_SỐ_PHẨM_CHẤT!$K$9) | M94: =IF(CHỈ_SỐ_TRẮNG!$M$23="","",CHỈ_SỐ_TRẮNG!$M$23+HỆ_SỐ_PHẨM_CHẤT!$L$9) | N94: =IF(OR(N(I94)>0.1,N(K94)>0.1),"Né/chí mạng vượt 10%","")
A95: =NHÂN_VẬT!$A$24 -> NV20 | B95: =IF(NHÂN_VẬT!$B$24="","",NHÂN_VẬT!$B$24) | C95: =HỆ_SỐ_PHẨM_CHẤT!$A$5 -> Trắng | D95: =IF(CHỈ_SỐ_TRẮNG!$D$24="","",ROUND(CHỈ_SỐ_TRẮNG!$D$24*HỆ_SỐ_PHẨM_CHẤT!$C$5,0)) | E95: =IF(CHỈ_SỐ_TRẮNG!$E$24="","",ROUND(CHỈ_SỐ_TRẮNG!$E$24*HỆ_SỐ_PHẨM_CHẤT!$D$5,0)) | F95: =IF(CHỈ_SỐ_TRẮNG!$F$24="","",ROUND(CHỈ_SỐ_TRẮNG!$F$24*HỆ_SỐ_PHẨM_CHẤT!$E$5,0)) | G95: =IF(CHỈ_SỐ_TRẮNG!$G$24="","",CHỈ_SỐ_TRẮNG!$G$24+HỆ_SỐ_PHẨM_CHẤT!$G$5) | H95: =IF(CHỈ_SỐ_TRẮNG!$H$24="","",ROUND(CHỈ_SỐ_TRẮNG!$H$24*HỆ_SỐ_PHẨM_CHẤT!$F$5,1)) | I95: =IF(CHỈ_SỐ_TRẮNG!$I$24="","",CHỈ_SỐ_TRẮNG!$I$24+HỆ_SỐ_PHẨM_CHẤT!$H$5) | J95: =IF(CHỈ_SỐ_TRẮNG!$J$24="","",CHỈ_SỐ_TRẮNG!$J$24+HỆ_SỐ_PHẨM_CHẤT!$I$5) | K95: =IF(CHỈ_SỐ_TRẮNG!$K$24="","",CHỈ_SỐ_TRẮNG!$K$24+HỆ_SỐ_PHẨM_CHẤT!$J$5) | L95: =IF(CHỈ_SỐ_TRẮNG!$L$24="","",CHỈ_SỐ_TRẮNG!$L$24+HỆ_SỐ_PHẨM_CHẤT!$K$5) | M95: =IF(CHỈ_SỐ_TRẮNG!$M$24="","",CHỈ_SỐ_TRẮNG!$M$24+HỆ_SỐ_PHẨM_CHẤT!$L$5) | N95: =IF(OR(N(I95)>0.1,N(K95)>0.1),"Né/chí mạng vượt 10%","")
A96: =NHÂN_VẬT!$A$24 -> NV20 | B96: =IF(NHÂN_VẬT!$B$24="","",NHÂN_VẬT!$B$24) | C96: =HỆ_SỐ_PHẨM_CHẤT!$A$6 -> Xanh lá | D96: =IF(CHỈ_SỐ_TRẮNG!$D$24="","",ROUND(CHỈ_SỐ_TRẮNG!$D$24*HỆ_SỐ_PHẨM_CHẤT!$C$6,0)) | E96: =IF(CHỈ_SỐ_TRẮNG!$E$24="","",ROUND(CHỈ_SỐ_TRẮNG!$E$24*HỆ_SỐ_PHẨM_CHẤT!$D$6,0)) | F96: =IF(CHỈ_SỐ_TRẮNG!$F$24="","",ROUND(CHỈ_SỐ_TRẮNG!$F$24*HỆ_SỐ_PHẨM_CHẤT!$E$6,0)) | G96: =IF(CHỈ_SỐ_TRẮNG!$G$24="","",CHỈ_SỐ_TRẮNG!$G$24+HỆ_SỐ_PHẨM_CHẤT!$G$6) | H96: =IF(CHỈ_SỐ_TRẮNG!$H$24="","",ROUND(CHỈ_SỐ_TRẮNG!$H$24*HỆ_SỐ_PHẨM_CHẤT!$F$6,1)) | I96: =IF(CHỈ_SỐ_TRẮNG!$I$24="","",CHỈ_SỐ_TRẮNG!$I$24+HỆ_SỐ_PHẨM_CHẤT!$H$6) | J96: =IF(CHỈ_SỐ_TRẮNG!$J$24="","",CHỈ_SỐ_TRẮNG!$J$24+HỆ_SỐ_PHẨM_CHẤT!$I$6) | K96: =IF(CHỈ_SỐ_TRẮNG!$K$24="","",CHỈ_SỐ_TRẮNG!$K$24+HỆ_SỐ_PHẨM_CHẤT!$J$6) | L96: =IF(CHỈ_SỐ_TRẮNG!$L$24="","",CHỈ_SỐ_TRẮNG!$L$24+HỆ_SỐ_PHẨM_CHẤT!$K$6) | M96: =IF(CHỈ_SỐ_TRẮNG!$M$24="","",CHỈ_SỐ_TRẮNG!$M$24+HỆ_SỐ_PHẨM_CHẤT!$L$6) | N96: =IF(OR(N(I96)>0.1,N(K96)>0.1),"Né/chí mạng vượt 10%","")
A97: =NHÂN_VẬT!$A$24 -> NV20 | B97: =IF(NHÂN_VẬT!$B$24="","",NHÂN_VẬT!$B$24) | C97: =HỆ_SỐ_PHẨM_CHẤT!$A$7 -> Xanh dương | D97: =IF(CHỈ_SỐ_TRẮNG!$D$24="","",ROUND(CHỈ_SỐ_TRẮNG!$D$24*HỆ_SỐ_PHẨM_CHẤT!$C$7,0)) | E97: =IF(CHỈ_SỐ_TRẮNG!$E$24="","",ROUND(CHỈ_SỐ_TRẮNG!$E$24*HỆ_SỐ_PHẨM_CHẤT!$D$7,0)) | F97: =IF(CHỈ_SỐ_TRẮNG!$F$24="","",ROUND(CHỈ_SỐ_TRẮNG!$F$24*HỆ_SỐ_PHẨM_CHẤT!$E$7,0)) | G97: =IF(CHỈ_SỐ_TRẮNG!$G$24="","",CHỈ_SỐ_TRẮNG!$G$24+HỆ_SỐ_PHẨM_CHẤT!$G$7) | H97: =IF(CHỈ_SỐ_TRẮNG!$H$24="","",ROUND(CHỈ_SỐ_TRẮNG!$H$24*HỆ_SỐ_PHẨM_CHẤT!$F$7,1)) | I97: =IF(CHỈ_SỐ_TRẮNG!$I$24="","",CHỈ_SỐ_TRẮNG!$I$24+HỆ_SỐ_PHẨM_CHẤT!$H$7) | J97: =IF(CHỈ_SỐ_TRẮNG!$J$24="","",CHỈ_SỐ_TRẮNG!$J$24+HỆ_SỐ_PHẨM_CHẤT!$I$7) | K97: =IF(CHỈ_SỐ_TRẮNG!$K$24="","",CHỈ_SỐ_TRẮNG!$K$24+HỆ_SỐ_PHẨM_CHẤT!$J$7) | L97: =IF(CHỈ_SỐ_TRẮNG!$L$24="","",CHỈ_SỐ_TRẮNG!$L$24+HỆ_SỐ_PHẨM_CHẤT!$K$7) | M97: =IF(CHỈ_SỐ_TRẮNG!$M$24="","",CHỈ_SỐ_TRẮNG!$M$24+HỆ_SỐ_PHẨM_CHẤT!$L$7) | N97: =IF(OR(N(I97)>0.1,N(K97)>0.1),"Né/chí mạng vượt 10%","")
A98: =NHÂN_VẬT!$A$24 -> NV20 | B98: =IF(NHÂN_VẬT!$B$24="","",NHÂN_VẬT!$B$24) | C98: =HỆ_SỐ_PHẨM_CHẤT!$A$8 -> Tím | D98: =IF(CHỈ_SỐ_TRẮNG!$D$24="","",ROUND(CHỈ_SỐ_TRẮNG!$D$24*HỆ_SỐ_PHẨM_CHẤT!$C$8,0)) | E98: =IF(CHỈ_SỐ_TRẮNG!$E$24="","",ROUND(CHỈ_SỐ_TRẮNG!$E$24*HỆ_SỐ_PHẨM_CHẤT!$D$8,0)) | F98: =IF(CHỈ_SỐ_TRẮNG!$F$24="","",ROUND(CHỈ_SỐ_TRẮNG!$F$24*HỆ_SỐ_PHẨM_CHẤT!$E$8,0)) | G98: =IF(CHỈ_SỐ_TRẮNG!$G$24="","",CHỈ_SỐ_TRẮNG!$G$24+HỆ_SỐ_PHẨM_CHẤT!$G$8) | H98: =IF(CHỈ_SỐ_TRẮNG!$H$24="","",ROUND(CHỈ_SỐ_TRẮNG!$H$24*HỆ_SỐ_PHẨM_CHẤT!$F$8,1)) | I98: =IF(CHỈ_SỐ_TRẮNG!$I$24="","",CHỈ_SỐ_TRẮNG!$I$24+HỆ_SỐ_PHẨM_CHẤT!$H$8) | J98: =IF(CHỈ_SỐ_TRẮNG!$J$24="","",CHỈ_SỐ_TRẮNG!$J$24+HỆ_SỐ_PHẨM_CHẤT!$I$8) | K98: =IF(CHỈ_SỐ_TRẮNG!$K$24="","",CHỈ_SỐ_TRẮNG!$K$24+HỆ_SỐ_PHẨM_CHẤT!$J$8) | L98: =IF(CHỈ_SỐ_TRẮNG!$L$24="","",CHỈ_SỐ_TRẮNG!$L$24+HỆ_SỐ_PHẨM_CHẤT!$K$8) | M98: =IF(CHỈ_SỐ_TRẮNG!$M$24="","",CHỈ_SỐ_TRẮNG!$M$24+HỆ_SỐ_PHẨM_CHẤT!$L$8) | N98: =IF(OR(N(I98)>0.1,N(K98)>0.1),"Né/chí mạng vượt 10%","")
A99: =NHÂN_VẬT!$A$24 -> NV20 | B99: =IF(NHÂN_VẬT!$B$24="","",NHÂN_VẬT!$B$24) | C99: =HỆ_SỐ_PHẨM_CHẤT!$A$9 -> Đỏ | D99: =IF(CHỈ_SỐ_TRẮNG!$D$24="","",ROUND(CHỈ_SỐ_TRẮNG!$D$24*HỆ_SỐ_PHẨM_CHẤT!$C$9,0)) | E99: =IF(CHỈ_SỐ_TRẮNG!$E$24="","",ROUND(CHỈ_SỐ_TRẮNG!$E$24*HỆ_SỐ_PHẨM_CHẤT!$D$9,0)) | F99: =IF(CHỈ_SỐ_TRẮNG!$F$24="","",ROUND(CHỈ_SỐ_TRẮNG!$F$24*HỆ_SỐ_PHẨM_CHẤT!$E$9,0)) | G99: =IF(CHỈ_SỐ_TRẮNG!$G$24="","",CHỈ_SỐ_TRẮNG!$G$24+HỆ_SỐ_PHẨM_CHẤT!$G$9) | H99: =IF(CHỈ_SỐ_TRẮNG!$H$24="","",ROUND(CHỈ_SỐ_TRẮNG!$H$24*HỆ_SỐ_PHẨM_CHẤT!$F$9,1)) | I99: =IF(CHỈ_SỐ_TRẮNG!$I$24="","",CHỈ_SỐ_TRẮNG!$I$24+HỆ_SỐ_PHẨM_CHẤT!$H$9) | J99: =IF(CHỈ_SỐ_TRẮNG!$J$24="","",CHỈ_SỐ_TRẮNG!$J$24+HỆ_SỐ_PHẨM_CHẤT!$I$9) | K99: =IF(CHỈ_SỐ_TRẮNG!$K$24="","",CHỈ_SỐ_TRẮNG!$K$24+HỆ_SỐ_PHẨM_CHẤT!$J$9) | L99: =IF(CHỈ_SỐ_TRẮNG!$L$24="","",CHỈ_SỐ_TRẮNG!$L$24+HỆ_SỐ_PHẨM_CHẤT!$K$9) | M99: =IF(CHỈ_SỐ_TRẮNG!$M$24="","",CHỈ_SỐ_TRẮNG!$M$24+HỆ_SỐ_PHẨM_CHẤT!$L$9) | N99: =IF(OR(N(I99)>0.1,N(K99)>0.1),"Né/chí mạng vượt 10%","")
A100: =NHÂN_VẬT!$A$25 -> NV21 | B100: =IF(NHÂN_VẬT!$B$25="","",NHÂN_VẬT!$B$25) | C100: =HỆ_SỐ_PHẨM_CHẤT!$A$5 -> Trắng | D100: =IF(CHỈ_SỐ_TRẮNG!$D$25="","",ROUND(CHỈ_SỐ_TRẮNG!$D$25*HỆ_SỐ_PHẨM_CHẤT!$C$5,0)) | E100: =IF(CHỈ_SỐ_TRẮNG!$E$25="","",ROUND(CHỈ_SỐ_TRẮNG!$E$25*HỆ_SỐ_PHẨM_CHẤT!$D$5,0)) | F100: =IF(CHỈ_SỐ_TRẮNG!$F$25="","",ROUND(CHỈ_SỐ_TRẮNG!$F$25*HỆ_SỐ_PHẨM_CHẤT!$E$5,0)) | G100: =IF(CHỈ_SỐ_TRẮNG!$G$25="","",CHỈ_SỐ_TRẮNG!$G$25+HỆ_SỐ_PHẨM_CHẤT!$G$5) | H100: =IF(CHỈ_SỐ_TRẮNG!$H$25="","",ROUND(CHỈ_SỐ_TRẮNG!$H$25*HỆ_SỐ_PHẨM_CHẤT!$F$5,1)) | I100: =IF(CHỈ_SỐ_TRẮNG!$I$25="","",CHỈ_SỐ_TRẮNG!$I$25+HỆ_SỐ_PHẨM_CHẤT!$H$5) | J100: =IF(CHỈ_SỐ_TRẮNG!$J$25="","",CHỈ_SỐ_TRẮNG!$J$25+HỆ_SỐ_PHẨM_CHẤT!$I$5) | K100: =IF(CHỈ_SỐ_TRẮNG!$K$25="","",CHỈ_SỐ_TRẮNG!$K$25+HỆ_SỐ_PHẨM_CHẤT!$J$5) | L100: =IF(CHỈ_SỐ_TRẮNG!$L$25="","",CHỈ_SỐ_TRẮNG!$L$25+HỆ_SỐ_PHẨM_CHẤT!$K$5) | M100: =IF(CHỈ_SỐ_TRẮNG!$M$25="","",CHỈ_SỐ_TRẮNG!$M$25+HỆ_SỐ_PHẨM_CHẤT!$L$5) | N100: =IF(OR(N(I100)>0.1,N(K100)>0.1),"Né/chí mạng vượt 10%","")
A101: =NHÂN_VẬT!$A$25 -> NV21 | B101: =IF(NHÂN_VẬT!$B$25="","",NHÂN_VẬT!$B$25) | C101: =HỆ_SỐ_PHẨM_CHẤT!$A$6 -> Xanh lá | D101: =IF(CHỈ_SỐ_TRẮNG!$D$25="","",ROUND(CHỈ_SỐ_TRẮNG!$D$25*HỆ_SỐ_PHẨM_CHẤT!$C$6,0)) | E101: =IF(CHỈ_SỐ_TRẮNG!$E$25="","",ROUND(CHỈ_SỐ_TRẮNG!$E$25*HỆ_SỐ_PHẨM_CHẤT!$D$6,0)) | F101: =IF(CHỈ_SỐ_TRẮNG!$F$25="","",ROUND(CHỈ_SỐ_TRẮNG!$F$25*HỆ_SỐ_PHẨM_CHẤT!$E$6,0)) | G101: =IF(CHỈ_SỐ_TRẮNG!$G$25="","",CHỈ_SỐ_TRẮNG!$G$25+HỆ_SỐ_PHẨM_CHẤT!$G$6) | H101: =IF(CHỈ_SỐ_TRẮNG!$H$25="","",ROUND(CHỈ_SỐ_TRẮNG!$H$25*HỆ_SỐ_PHẨM_CHẤT!$F$6,1)) | I101: =IF(CHỈ_SỐ_TRẮNG!$I$25="","",CHỈ_SỐ_TRẮNG!$I$25+HỆ_SỐ_PHẨM_CHẤT!$H$6) | J101: =IF(CHỈ_SỐ_TRẮNG!$J$25="","",CHỈ_SỐ_TRẮNG!$J$25+HỆ_SỐ_PHẨM_CHẤT!$I$6) | K101: =IF(CHỈ_SỐ_TRẮNG!$K$25="","",CHỈ_SỐ_TRẮNG!$K$25+HỆ_SỐ_PHẨM_CHẤT!$J$6) | L101: =IF(CHỈ_SỐ_TRẮNG!$L$25="","",CHỈ_SỐ_TRẮNG!$L$25+HỆ_SỐ_PHẨM_CHẤT!$K$6) | M101: =IF(CHỈ_SỐ_TRẮNG!$M$25="","",CHỈ_SỐ_TRẮNG!$M$25+HỆ_SỐ_PHẨM_CHẤT!$L$6) | N101: =IF(OR(N(I101)>0.1,N(K101)>0.1),"Né/chí mạng vượt 10%","")
...

Sheet SKILL_MÔ_TẢ
A1: SKILL VÀ NỘI TẠI – tên và mô tả (phần 'gia vị' của anh)
A2: Tên ở đây là TẠM, anh đặt lại. Cột 'Mô tả cơ chế' do Claude soạn theo bảng thành phần (số Trắng), viết lại nếu anh đổi số. Anh viết cột Gia vị.
A4: Mã NV | B4: Tên nhân vật | C4: Loại | D4: Tên (tạm) | E4: Mô tả cơ chế (số của bản Trắng) | F4: Mô tả cơ chế (số của bản Xanh Lá) | G4: Mô tả cơ chế (số của bản Xanh dương) | H4: Gia vị / liên hệ với nhân vật ngoài đời (anh viết) | I4: Ghi chú
A5: =NHÂN_VẬT!$A$6 -> NV01 | B5: =IF(NHÂN_VẬT!$B$6="","",NHÂN_VẬT!$B$6) -> HCM-THỦ KHO HIẾU | C5: Skill nộ | D5: Khiên Kho | E5: Đủ 100 nộ: tạo khiên 10% máu tối đa của bản thân, kéo dài 2 lượt. | F5: Đủ 100 nộ: tạo khiên 12% máu tối đa của bản thân, kéo dài 2 lượt. | G5: Đủ 100 nộ: tạo khiên 15% máu tối đa của bản thân, kéo dài 2 lượt. | H5: THỦ KHO THÍCH CÔNG NGHỆ NHƯNG HAY QUÊN
A6: =NHÂN_VẬT!$A$6 -> NV01 | B6: =IF(NHÂN_VẬT!$B$6="","",NHÂN_VẬT!$B$6) -> HCM-THỦ KHO HIẾU | C6: Nội tại | D6: Hồi Sức Kho | G6: Mở từ Xanh dương: mỗi lần bị đánh trúng, hồi 1% máu tối đa.
A7: =NHÂN_VẬT!$A$7 -> NV02 | B7: =IF(NHÂN_VẬT!$B$7="","",NHÂN_VẬT!$B$7) -> HN-PHỤ KHO HƯNG | C7: Skill nộ | D7: Tiếng Gọi Cửa Kho | E7: Đủ 100 nộ: khiêu khích 1 lượt (địch buộc đánh người này) và tạo khiên 7% máu tối đa, 2 lượt. | F7: Đủ 100 nộ: khiêu khích 1 lượt (địch buộc đánh người này) và tạo khiên 9% máu tối đa, 2 lượt. | G7: Đủ 100 nộ: khiêu khích 1 lượt (địch buộc đánh người này) và tạo khiên 11% máu tối đa, 2 lượt. | H7: THỦ KHO TẠI HÀ NỘI , TOÀN NĂNG NHƯNG YẾU CÔNG NGHỆ
A8: =NHÂN_VẬT!$A$7 -> NV02 | B8: =IF(NHÂN_VẬT!$B$7="","",NHÂN_VẬT!$B$7) -> HN-PHỤ KHO HƯNG | C8: Nội tại | D8: Gai Thép | G8: Mở từ Xanh dương: khi bị đánh trúng, phản 20% sát thương nhận vào.
A9: =NHÂN_VẬT!$A$8 -> NV03 | B9: =IF(NHÂN_VẬT!$B$8="","",NHÂN_VẬT!$B$8) -> HCM-PHỤ KHO VŨ | C9: Skill nộ | D9: Nhát Cắt Dứt Điểm | E9: Đủ 100 nộ: gây ×2,0 công lên 1 địch. | F9: Đủ 100 nộ: gây ×2,2 công lên 1 địch. | G9: Đủ 100 nộ: gây ×2,4 công lên 1 địch. Xanh dương: thêm 10% xác suất choáng. | H9: PHỤ KHO SIÊNG NĂNG NHƯNG LÂU LÂU PHẢI NGỪNG LẠI VÀI PHÚT ĐỂ ….LOAD | I9: Anh chốt ×2,4 ở Xanh dương (trước gõ nhầm ×2,2).
A10: =NHÂN_VẬT!$A$8 -> NV03 | B10: =IF(NHÂN_VẬT!$B$8="","",NHÂN_VẬT!$B$8) -> HCM-PHỤ KHO VŨ | C10: Nội tại | D10: Máu Chiến | G10: Mở từ Xanh dương: hạ gục địch thì hồi 20 nộ.
A11: =NHÂN_VẬT!$A$9 -> NV04 | B11: =IF(NHÂN_VẬT!$B$9="","",NHÂN_VẬT!$B$9) -> HCM-SALE THẢO | C11: Skill nộ | D11: Cú Đập Cuộn Thảm | E11: Đủ 100 nộ: gây ×2,0 công lên 1 địch. Xanh dương: thêm 10% xác suất đóng băng. | F11: Đủ 100 nộ: gây ×2,2 công lên 1 địch . | G11: Đủ 100 nộ: gây ×2,4 công lên 1 địch. Xanh dương: thêm 10% xác suất đóng băng. | H11: PHỤ KHO KHỎE MẠNH NHƯNG LẠI CÓ SỞ THÍCH CẮN RÁCH ÁO
A12: =NHÂN_VẬT!$A$9 -> NV04 | B12: =IF(NHÂN_VẬT!$B$9="","",NHÂN_VẬT!$B$9) -> HCM-SALE THẢO | C12: Nội tại | D12: Hứng Khởi | G12: Mở từ Xanh dương: khi xả skill, +15% công trong 2 lượt.
A13: =NHÂN_VẬT!$A$10 -> NV05 | B13: =IF(NHÂN_VẬT!$B$10="","",NHÂN_VẬT!$B$10) -> HCM-SALE DƯƠNG | C13: Skill nộ | D13: Bão Bụi Thảm | E13: Đủ 100 nộ: gây ×1,10 công lên 2 địch ngẫu nhiên (Xanh dương: 3 địch). Xanh lá trở lên: thêm xác suất 10% đóng băng kẻ địch làm chậm. | F13: Đủ 100 nộ: gây ×1,2 công lên 2 địch ngẫu nhiên và có sác xuất 10% giảm 10% tốc độ địch. | G13: Đủ 100 nộ: gây ×1,3 công lên 3 địch ngẫu nhiên đồng thời có xác suất 10% đóng băng kẻ địch .
A14: =NHÂN_VẬT!$A$10 -> NV05 | B14: =IF(NHÂN_VẬT!$B$10="","",NHÂN_VẬT!$B$10) -> HCM-SALE DƯƠNG | C14: Nội tại | D14: Hít Sâu | G14: Mở từ Xanh dương: có sác xuất 20% hồi 5% máu tối đa cho 1 đồng đội bất kỳ . | I14: Anh chốt: tung 20% ở cuối lượt, sau khi ra đòn.
A15: =NHÂN_VẬT!$A$11 -> NV06 | B15: =IF(NHÂN_VẬT!$B$11="","",NHÂN_VẬT!$B$11) -> HCM-SALE DUYÊN | C15: Skill nộ | D15: Tính Tiền Hồi Phục | E15: Đủ 100 nộ: hồi 18% máu tối đa của người nhận cho đồng đội có % máu thấp nhất. | F15: Đủ 100 nộ: hồi 22% máu tối đa của người nhận cho đồng đội có % máu thấp nhất. | G15: Đủ 100 nộ: hồi 22% máu tối đa của người nhận cho đồng đội có % máu thấp nhất. Đồng thời có sác xuất 10% buff trạng thái Điên tiết cho đồng đội đó . | I15: Điên tiết 2 lượt: lượt hiện tại tính là lượt thứ nhất (đã ra đòn rồi thì mất 1 lượt, chưa thì lượt này + lượt kế).
A16: =NHÂN_VẬT!$A$11 -> NV06 | B16: =IF(NHÂN_VẬT!$B$11="","",NHÂN_VẬT!$B$11) -> HCM-SALE DUYÊN | C16: Nội tại | D16: Tiếp Sức | G16: Mở từ Xanh dương: đầu mỗi lượt, +5 nộ cho đồng đội nộ thấp nhất.
A17: =NHÂN_VẬT!$A$12 -> NV07 | B17: =IF(NHÂN_VẬT!$B$12="","",NHÂN_VẬT!$B$12) -> HCM-KẾ TOÁN THU | C17: Skill nộ | D17: Lời Cổ Vũ Đầu Giờ | E17: Đủ 100 nộ: cả đội +15% công trong 2 lượt. | F17: Đủ 100 nộ: cả đội +17% công trong 2 lượt. | G17: Đủ 100 nộ: cả đội +20% công trong 2 lượt.
A18: =NHÂN_VẬT!$A$12 -> NV07 | B18: =IF(NHÂN_VẬT!$B$12="","",NHÂN_VẬT!$B$12) -> HCM-KẾ TOÁN THU | C18: Nội tại | D18: Đồng Cam | G18: Mở từ Xanh dương: khi đồng đội gục, cả đội +10 nộ.
A19: =NHÂN_VẬT!$A$13 -> NV08 | B19: =IF(NHÂN_VẬT!$B$13="","",NHÂN_VẬT!$B$13) -> HCM-SALE NHÂN | C19: Skill nộ | D19: Mũi Dao Sau Lưng | E19: Đủ 100 nộ: gây ×1,70 công lên 1 địch hàng sau ngẫu nhiên. Xanh dương: trừ thêm 20 nộ mục tiêu. | F19: Đủ 100 nộ: gây ×1,8 công lên 1 địch hàng sau ngẫu nhiên. | G19: Đủ 100 nộ: gây ×1,85 công lên 1 địch hàng sauđồng thời có 50% sác xuất trừ thêm 20 nộ mục tiêu.
A20: =NHÂN_VẬT!$A$13 -> NV08 | B20: =IF(NHÂN_VẬT!$B$13="","",NHÂN_VẬT!$B$13) -> HCM-SALE NHÂN | C20: Nội tại | D20: Chốt Hạ | G20: Mở từ Xanh dương: đánh trúng mục tiêu máu dưới 30% thì +20% sát thương và nếu dứt điểm mục tiêu sẽ hồi thêm 50 nộ . | I20: Hồi 50 nộ chỉ khi SKILL NỘ hạ gục, đòn thường thì không (anh chốt).
A21: =NHÂN_VẬT!$A$14 -> NV09 | B21: =IF(NHÂN_VẬT!$B$14="","",NHÂN_VẬT!$B$14) -> HCM-PHỤ KHO ANH LÂM | C21: Skill nộ | D21: Xe Nâng Đến Rồi | E21: Đủ 100 nộ: gây ×2,0 công lên 1 địch hàng trước bất kỳ và 1 địch ngay sau ( nếu có ) | F21: Đủ 100 nộ: gây ×2,2 công lên 1 địch hàng trước bất kỳ và 1 địch ngay sau ( nếu có ) | G21: Đủ 100 nộ: gây ×2,4 công lên 1 địch hàng trước bất kỳ và 1 địch ngay sau ( nếu có ) . Có 10% gây choáng.
A22: =NHÂN_VẬT!$A$14 -> NV09 | B22: =IF(NHÂN_VẬT!$B$14="","",NHÂN_VẬT!$B$14) -> HCM-PHỤ KHO ANH LÂM | C22: Nội tại | D22: Nóng Máu | G22: có 30% xuất hiện hiệu ứng Điên tiết sau khi xã skill ( hiệu ứng Điên tiết sẽ có hiệu lực trong 2 lượt )
A23: =NHÂN_VẬT!$A$15 -> NV11 | B23: =IF(NHÂN_VẬT!$B$15="","",NHÂN_VẬT!$B$15) -> HCM- BÍCH THÍCH CHAN | C23: Skill nộ | D23: Ru Bé Ngủ | E23: Đủ 100 nộ: kill 2 kẻ địch bất kỳ x1,0 và có 20% Ru ngủ địch trúng chiêu | F23: Đủ 100 nộ: kill 2 kẻ địch bất kỳ x1,2 và có 22% Ru ngủ địch trúng chiêu | G23: Đủ 100 nộ: kill 2 kẻ địch bất kỳ x1,5 và có 25% Ru ngủ địch trúng chiêu
A24: =NHÂN_VẬT!$A$15 -> NV11 | B24: =IF(NHÂN_VẬT!$B$15="","",NHÂN_VẬT!$B$15) -> HCM- BÍCH THÍCH CHAN | C24: Nội tại | D24: Hồi Hồn | G24: có 20 % hồi sinh 1 đồng đội đã chết bất kỳ ( đồng đội được hồi sinh thành công sẽ còn 20% máu tối đa của đồng đội đó và hiệu ứng hồi sinh thành công chỉ có hiệu lực 1 lần trong 1 trận đấu ).
A25: =NHÂN_VẬT!$A$16 -> NV12 | B25: =IF(NHÂN_VẬT!$B$16="","",NHÂN_VẬT!$B$16) | C25: Skill nộ
A26: =NHÂN_VẬT!$A$16 -> NV12 | B26: =IF(NHÂN_VẬT!$B$16="","",NHÂN_VẬT!$B$16) | C26: Nội tại
A27: =NHÂN_VẬT!$A$17 -> NV13 | B27: =IF(NHÂN_VẬT!$B$17="","",NHÂN_VẬT!$B$17) | C27: Skill nộ
A28: =NHÂN_VẬT!$A$17 -> NV13 | B28: =IF(NHÂN_VẬT!$B$17="","",NHÂN_VẬT!$B$17) | C28: Nội tại
A29: =NHÂN_VẬT!$A$18 -> NV14 | B29: =IF(NHÂN_VẬT!$B$18="","",NHÂN_VẬT!$B$18) | C29: Skill nộ
A30: =NHÂN_VẬT!$A$18 -> NV14 | B30: =IF(NHÂN_VẬT!$B$18="","",NHÂN_VẬT!$B$18) | C30: Nội tại
A31: =NHÂN_VẬT!$A$19 -> NV15 | B31: =IF(NHÂN_VẬT!$B$19="","",NHÂN_VẬT!$B$19) | C31: Skill nộ
A32: =NHÂN_VẬT!$A$19 -> NV15 | B32: =IF(NHÂN_VẬT!$B$19="","",NHÂN_VẬT!$B$19) | C32: Nội tại
A33: =NHÂN_VẬT!$A$20 -> NV16 | B33: =IF(NHÂN_VẬT!$B$20="","",NHÂN_VẬT!$B$20) | C33: Skill nộ
A34: =NHÂN_VẬT!$A$20 -> NV16 | B34: =IF(NHÂN_VẬT!$B$20="","",NHÂN_VẬT!$B$20) | C34: Nội tại
A35: =NHÂN_VẬT!$A$21 -> NV17 | B35: =IF(NHÂN_VẬT!$B$21="","",NHÂN_VẬT!$B$21) | C35: Skill nộ
A36: =NHÂN_VẬT!$A$21 -> NV17 | B36: =IF(NHÂN_VẬT!$B$21="","",NHÂN_VẬT!$B$21) | C36: Nội tại
A37: =NHÂN_VẬT!$A$22 -> NV18 | B37: =IF(NHÂN_VẬT!$B$22="","",NHÂN_VẬT!$B$22) | C37: Skill nộ
A38: =NHÂN_VẬT!$A$22 -> NV18 | B38: =IF(NHÂN_VẬT!$B$22="","",NHÂN_VẬT!$B$22) | C38: Nội tại
A39: =NHÂN_VẬT!$A$23 -> NV19 | B39: =IF(NHÂN_VẬT!$B$23="","",NHÂN_VẬT!$B$23) | C39: Skill nộ
A40: =NHÂN_VẬT!$A$23 -> NV19 | B40: =IF(NHÂN_VẬT!$B$23="","",NHÂN_VẬT!$B$23) | C40: Nội tại
A41: =NHÂN_VẬT!$A$24 -> NV20 | B41: =IF(NHÂN_VẬT!$B$24="","",NHÂN_VẬT!$B$24) | C41: Skill nộ
A42: =NHÂN_VẬT!$A$24 -> NV20 | B42: =IF(NHÂN_VẬT!$B$24="","",NHÂN_VẬT!$B$24) | C42: Nội tại
A43: =NHÂN_VẬT!$A$25 -> NV21 | B43: =IF(NHÂN_VẬT!$B$25="","",NHÂN_VẬT!$B$25) | C43: Skill nộ
A44: =NHÂN_VẬT!$A$25 -> NV21 | B44: =IF(NHÂN_VẬT!$B$25="","",NHÂN_VẬT!$B$25) | C44: Nội tại
A45: =NHÂN_VẬT!$A$26 -> NV22 | B45: =IF(NHÂN_VẬT!$B$26="","",NHÂN_VẬT!$B$26) | C45: Skill nộ
A46: =NHÂN_VẬT!$A$26 -> NV22 | B46: =IF(NHÂN_VẬT!$B$26="","",NHÂN_VẬT!$B$26) | C46: Nội tại
A47: =NHÂN_VẬT!$A$27 -> NV23 | B47: =IF(NHÂN_VẬT!$B$27="","",NHÂN_VẬT!$B$27) | C47: Skill nộ
A48: =NHÂN_VẬT!$A$27 -> NV23 | B48: =IF(NHÂN_VẬT!$B$27="","",NHÂN_VẬT!$B$27) | C48: Nội tại
A49: =NHÂN_VẬT!$A$28 -> NV24 | B49: =IF(NHÂN_VẬT!$B$28="","",NHÂN_VẬT!$B$28) | C49: Skill nộ
A50: =NHÂN_VẬT!$A$28 -> NV24 | B50: =IF(NHÂN_VẬT!$B$28="","",NHÂN_VẬT!$B$28) | C50: Nội tại
A51: =NHÂN_VẬT!$A$29 -> NV25 | B51: =IF(NHÂN_VẬT!$B$29="","",NHÂN_VẬT!$B$29) | C51: Skill nộ
A52: =NHÂN_VẬT!$A$29 -> NV25 | B52: =IF(NHÂN_VẬT!$B$29="","",NHÂN_VẬT!$B$29) | C52: Nội tại
A53: =NHÂN_VẬT!$A$30 -> NV26 | B53: =IF(NHÂN_VẬT!$B$30="","",NHÂN_VẬT!$B$30) | C53: Skill nộ
A54: =NHÂN_VẬT!$A$30 -> NV26 | B54: =IF(NHÂN_VẬT!$B$30="","",NHÂN_VẬT!$B$30) | C54: Nội tại
A55: =NHÂN_VẬT!$A$31 -> NV27 | B55: =IF(NHÂN_VẬT!$B$31="","",NHÂN_VẬT!$B$31) | C55: Skill nộ
A56: =NHÂN_VẬT!$A$31 -> NV27 | B56: =IF(NHÂN_VẬT!$B$31="","",NHÂN_VẬT!$B$31) | C56: Nội tại
A57: =NHÂN_VẬT!$A$32 -> NV28 | B57: =IF(NHÂN_VẬT!$B$32="","",NHÂN_VẬT!$B$32) | C57: Skill nộ
A58: =NHÂN_VẬT!$A$32 -> NV28 | B58: =IF(NHÂN_VẬT!$B$32="","",NHÂN_VẬT!$B$32) | C58: Nội tại
A59: =NHÂN_VẬT!$A$33 -> NV29 | B59: =IF(NHÂN_VẬT!$B$33="","",NHÂN_VẬT!$B$33) | C59: Skill nộ
A60: =NHÂN_VẬT!$A$33 -> NV29 | B60: =IF(NHÂN_VẬT!$B$33="","",NHÂN_VẬT!$B$33) | C60: Nội tại
A61: =NHÂN_VẬT!$A$34 -> NV30 | B61: =IF(NHÂN_VẬT!$B$34="","",NHÂN_VẬT!$B$34) | C61: Skill nộ
A62: =NHÂN_VẬT!$A$34 -> NV30 | B62: =IF(NHÂN_VẬT!$B$34="","",NHÂN_VẬT!$B$34) | C62: Nội tại

Sheet SKILL_THÀNH_PHẦN
A1: SKILL_THÀNH_PHẦN – cơ chế thật của skill nộ và nội tại (mỗi thành phần 1 dòng). SỐ NHÁP, chưa cân
A2: Bỏ trống ô Trắng/Xanh lá/Xanh dương nếu thành phần chưa mở ở bậc đó. Xác suất để trống = 100%, 0% = tắt ở bậc đó. Số mục tiêu để trống = 1. Cột điểm ngân sách tự tính.
A4: Mã NV | B4: Tên nhân vật | C4: Thuộc | D4: Kích hoạt khi | E4: Mở từ phẩm chất | F4: Loại hiệu ứng | G4: Mục tiêu | H4: Số mục tiêu – Trắng | I4: Số mục tiêu – Xanh lá | J4: Số mục tiêu – Xanh dương | K4: Đơn vị độ lớn | L4: Độ lớn – Trắng | M4: Độ lớn – Xanh lá | N4: Độ lớn – Xanh dương | O4: Xác suất – Trắng | P4: Xác suất – Xanh lá | Q4: Xác suất – Xanh dương | R4: Thời lượng (lượt) | S4: Hiệu ứng trạng thái | T4: Điểm ngân sách – Trắng | U4: Điểm ngân sách – Xanh lá | V4: Điểm ngân sách – Xanh dương | W4: Ghi chú
A5: NV01 | B5: =IF(A5="","",IFERROR(IF(INDEX(NHÂN_VẬT!$B$6:$B$34,MATCH(A5,NHÂN_VẬT!$A$6:$A$34,0))="","",INDEX(NHÂN_VẬT!$B$6:$B$34,MATCH(A5,NHÂN_VẬT!$A$6:$A$34,0))),"mã không có")) -> HCM-THỦ KHO HIẾU | C5: Skill nộ | D5: Đủ 100 nộ (skill nộ) | E5: Trắng | F5: Khiên | G5: Bản thân | H5: 1 | I5: 1 | J5: 1 | K5: % máu tối đa của người xả | L5: 0.1 | M5: 0.12 | N5: 0.15 | R5: 2 | T5: =IF(L5="","",IF(K5="× Công của người xả",L5*MAX(1,N(H5))/2*100,IF(OR(K5="% máu tối đa của người xả",K5="% máu tối đa của người nhận"),L5*500,""))) -> 50 | U5: =IF(M5="","",IF(K5="× Công của người xả",M5*MAX(1,N(I5))/2*100,IF(OR(K5="% máu tối đa của người xả",K5="% máu tối đa của người nhận"),M5*500,""))) -> 60 | V5: =IF(N5="","",IF(K5="× Công của người xả",N5*MAX(1,N(J5))/2*100,IF(OR(K5="% máu tối đa của người xả",K5="% máu tối đa của người nhận"),N5*500,""))) -> 75 | W5: Số theo SKILL_MÔ_TẢ của anh.
A6: NV01 | B6: =IF(A6="","",IFERROR(IF(INDEX(NHÂN_VẬT!$B$6:$B$34,MATCH(A6,NHÂN_VẬT!$A$6:$A$34,0))="","",INDEX(NHÂN_VẬT!$B$6:$B$34,MATCH(A6,NHÂN_VẬT!$A$6:$A$34,0))),"mã không có")) -> HCM-THỦ KHO HIẾU | C6: Nội tại | D6: Khi bị đánh trúng (không né) | E6: Xanh dương | F6: Hồi máu | G6: Bản thân | K6: % máu tối đa của người nhận | N6: 0.01 | T6: =IF(L6="","",IF(K6="× Công của người xả",L6*MAX(1,N(H6))/2*100,IF(OR(K6="% máu tối đa của người xả",K6="% máu tối đa của người nhận"),L6*500,""))) | U6: =IF(M6="","",IF(K6="× Công của người xả",M6*MAX(1,N(I6))/2*100,IF(OR(K6="% máu tối đa của người xả",K6="% máu tối đa của người nhận"),M6*500,""))) | V6: =IF(N6="","",IF(K6="× Công của người xả",N6*MAX(1,N(J6))/2*100,IF(OR(K6="% máu tối đa của người xả",K6="% máu tối đa của người nhận"),N6*500,""))) -> 5 | W6: Tank bị nhiều đòn thì hồi theo số đòn.
A7: NV02 | B7: =IF(A7="","",IFERROR(IF(INDEX(NHÂN_VẬT!$B$6:$B$34,MATCH(A7,NHÂN_VẬT!$A$6:$A$34,0))="","",INDEX(NHÂN_VẬT!$B$6:$B$34,MATCH(A7,NHÂN_VẬT!$A$6:$A$34,0))),"mã không có")) -> HN-PHỤ KHO HƯNG | C7: Skill nộ | D7: Đủ 100 nộ (skill nộ) | E7: Trắng | F7: Gây trạng thái | G7: Bản thân | O7: 1 | P7: 1 | Q7: 1 | R7: 1 | S7: Khiêu khích | T7: =IF(L7="","",IF(K7="× Công của người xả",L7*MAX(1,N(H7))/2*100,IF(OR(K7="% máu tối đa của người xả",K7="% máu tối đa của người nhận"),L7*500,""))) | U7: =IF(M7="","",IF(K7="× Công của người xả",M7*MAX(1,N(I7))/2*100,IF(OR(K7="% máu tối đa của người xả",K7="% máu tối đa của người nhận"),M7*500,""))) | V7: =IF(N7="","",IF(K7="× Công của người xả",N7*MAX(1,N(J7))/2*100,IF(OR(K7="% máu tối đa của người xả",K7="% máu tối đa của người nhận"),N7*500,""))) | W7: Địch buộc đánh người này (đòn thường và skill 1 mục tiêu).
A8: NV02 | B8: =IF(A8="","",IFERROR(IF(INDEX(NHÂN_VẬT!$B$6:$B$34,MATCH(A8,NHÂN_VẬT!$A$6:$A$34,0))="","",INDEX(NHÂN_VẬT!$B$6:$B$34,MATCH(A8,NHÂN_VẬT!$A$6:$A$34,0))),"mã không có")) -> HN-PHỤ KHO HƯNG | C8: Skill nộ | D8: Đủ 100 nộ (skill nộ) | E8: Trắng | F8: Khiên | G8: Bản thân | H8: 1 | I8: 1 | J8: 1 | K8: % máu tối đa của người xả | L8: 0.07 | M8: 0.09 | N8: 0.11 | R8: 2 | T8: =IF(L8="","",IF(K8="× Công của người xả",L8*MAX(1,N(H8))/2*100,IF(OR(K8="% máu tối đa của người xả",K8="% máu tối đa của người nhận"),L8*500,""))) -> 35 | U8: =IF(M8="","",IF(K8="× Công của người xả",M8*MAX(1,N(I8))/2*100,IF(OR(K8="% máu tối đa của người xả",K8="% máu tối đa của người nhận"),M8*500,""))) -> 45 | V8: =IF(N8="","",IF(K8="× Công của người xả",N8*MAX(1,N(J8))/2*100,IF(OR(K8="% máu tối đa của người xả",K8="% máu tối đa của người nhận"),N8*500,""))) -> 55
A9: NV02 | B9: =IF(A9="","",IFERROR(IF(INDEX(NHÂN_VẬT!$B$6:$B$34,MATCH(A9,NHÂN_VẬT!$A$6:$A$34,0))="","",INDEX(NHÂN_VẬT!$B$6:$B$34,MATCH(A9,NHÂN_VẬT!$A$6:$A$34,0))),"mã không có")) -> HN-PHỤ KHO HƯNG | C9: Nội tại | D9: Khi bị đánh trúng (không né) | E9: Xanh dương | F9: Phản sát thương | G9: Bản thân | K9: % sát thương nhận vào | N9: 0.2 | T9: =IF(L9="","",IF(K9="× Công của người xả",L9*MAX(1,N(H9))/2*100,IF(OR(K9="% máu tối đa của người xả",K9="% máu tối đa của người nhận"),L9*500,""))) | U9: =IF(M9="","",IF(K9="× Công của người xả",M9*MAX(1,N(I9))/2*100,IF(OR(K9="% máu tối đa của người xả",K9="% máu tối đa của người nhận"),M9*500,""))) | V9: =IF(N9="","",IF(K9="× Công của người xả",N9*MAX(1,N(J9))/2*100,IF(OR(K9="% máu tối đa của người xả",K9="% máu tối đa của người nhận"),N9*500,"")))
A10: NV03 | B10: =IF(A10="","",IFERROR(IF(INDEX(NHÂN_VẬT!$B$6:$B$34,MATCH(A10,NHÂN_VẬT!$A$6:$A$34,0))="","",INDEX(NHÂN_VẬT!$B$6:$B$34,MATCH(A10,NHÂN_VẬT!$A$6:$A$34,0))),"mã không có")) -> HCM-PHỤ KHO VŨ | C10: Skill nộ | D10: Đủ 100 nộ (skill nộ) | E10: Trắng | F10: Sát thương | G10: 1 địch (hàng trước trước, random trong hàng) | H10: 1 | I10: 1 | J10: 1 | K10: × Công của người xả | L10: 2 | M10: 2.2 | N10: 2.4 | T10: =IF(L10="","",IF(K10="× Công của người xả",L10*MAX(1,N(H10))/2*100,IF(OR(K10="% máu tối đa của người xả",K10="% máu tối đa của người nhận"),L10*500,""))) -> 100 | U10: =IF(M10="","",IF(K10="× Công của người xả",M10*MAX(1,N(I10))/2*100,IF(OR(K10="% máu tối đa của người xả",K10="% máu tối đa của người nhận"),M10*500,""))) -> 110 | V10: =IF(N10="","",IF(K10="× Công của người xả",N10*MAX(1,N(J10))/2*100,IF(OR(K10="% máu tối đa của người xả",K10="% máu tối đa của người nhận"),N10*500,""))) -> 120 | W10: Anh chốt ×2,0 / 2,2 / 2,4.
A11: NV03 | B11: =IF(A11="","",IFERROR(IF(INDEX(NHÂN_VẬT!$B$6:$B$34,MATCH(A11,NHÂN_VẬT!$A$6:$A$34,0))="","",INDEX(NHÂN_VẬT!$B$6:$B$34,MATCH(A11,NHÂN_VẬT!$A$6:$A$34,0))),"mã không có")) -> HCM-PHỤ KHO VŨ | C11: Skill nộ | D11: Đủ 100 nộ (skill nộ) | E11: Xanh dương | F11: Gây trạng thái | G11: Cùng mục tiêu với thành phần 1 | Q11: 0.1 | R11: 1 | S11: Choáng | T11: =IF(L11="","",IF(K11="× Công của người xả",L11*MAX(1,N(H11))/2*100,IF(OR(K11="% máu tối đa của người xả",K11="% máu tối đa của người nhận"),L11*500,""))) | U11: =IF(M11="","",IF(K11="× Công của người xả",M11*MAX(1,N(I11))/2*100,IF(OR(K11="% máu tối đa của người xả",K11="% máu tối đa của người nhận"),M11*500,""))) | V11: =IF(N11="","",IF(K11="× Công của người xả",N11*MAX(1,N(J11))/2*100,IF(OR(K11="% máu tối đa của người xả",K11="% máu tối đa của người nhận"),N11*500,"")))
A12: NV03 | B12: =IF(A12="","",IFERROR(IF(INDEX(NHÂN_VẬT!$B$6:$B$34,MATCH(A12,NHÂN_VẬT!$A$6:$A$34,0))="","",INDEX(NHÂN_VẬT!$B$6:$B$34,MATCH(A12,NHÂN_VẬT!$A$6:$A$34,0))),"mã không có")) -> HCM-PHỤ KHO VŨ | C12: Nội tại | D12: Khi hạ gục địch | E12: Xanh dương | F12: Hồi nộ | G12: Bản thân | K12: Điểm nộ | N12: 20 | T12: =IF(L12="","",IF(K12="× Công của người xả",L12*MAX(1,N(H12))/2*100,IF(OR(K12="% máu tối đa của người xả",K12="% máu tối đa của người nhận"),L12*500,""))) | U12: =IF(M12="","",IF(K12="× Công của người xả",M12*MAX(1,N(I12))/2*100,IF(OR(K12="% máu tối đa của người xả",K12="% máu tối đa của người nhận"),M12*500,""))) | V12: =IF(N12="","",IF(K12="× Công của người xả",N12*MAX(1,N(J12))/2*100,IF(OR(K12="% máu tối đa của người xả",K12="% máu tối đa của người nhận"),N12*500,"")))
A13: NV04 | B13: =IF(A13="","",IFERROR(IF(INDEX(NHÂN_VẬT!$B$6:$B$34,MATCH(A13,NHÂN_VẬT!$A$6:$A$34,0))="","",INDEX(NHÂN_VẬT!$B$6:$B$34,MATCH(A13,NHÂN_VẬT!$A$6:$A$34,0))),"mã không có")) -> HCM-SALE THẢO | C13: Skill nộ | D13: Đủ 100 nộ (skill nộ) | E13: Trắng | F13: Sát thương | G13: 1 địch (hàng trước trước, random trong hàng) | H13: 1 | I13: 1 | J13: 1 | K13: × Công của người xả | L13: 2 | M13: 2.2 | N13: 2.4 | T13: =IF(L13="","",IF(K13="× Công của người xả",L13*MAX(1,N(H13))/2*100,IF(OR(K13="% máu tối đa của người xả",K13="% máu tối đa của người nhận"),L13*500,""))) -> 100 | U13: =IF(M13="","",IF(K13="× Công của người xả",M13*MAX(1,N(I13))/2*100,IF(OR(K13="% máu tối đa của người xả",K13="% máu tối đa của người nhận"),M13*500,""))) -> 110 | V13: =IF(N13="","",IF(K13="× Công của người xả",N13*MAX(1,N(J13))/2*100,IF(OR(K13="% máu tối đa của người xả",K13="% máu tối đa của người nhận"),N13*500,""))) -> 120
A14: NV04 | B14: =IF(A14="","",IFERROR(IF(INDEX(NHÂN_VẬT!$B$6:$B$34,MATCH(A14,NHÂN_VẬT!$A$6:$A$34,0))="","",INDEX(NHÂN_VẬT!$B$6:$B$34,MATCH(A14,NHÂN_VẬT!$A$6:$A$34,0))),"mã không có")) -> HCM-SALE THẢO | C14: Skill nộ | D14: Đủ 100 nộ (skill nộ) | E14: Xanh dương | F14: Gây trạng thái | G14: Cùng mục tiêu với thành phần 1 | Q14: 0.1 | R14: 1 | S14: Đóng băng | T14: =IF(L14="","",IF(K14="× Công của người xả",L14*MAX(1,N(H14))/2*100,IF(OR(K14="% máu tối đa của người xả",K14="% máu tối đa của người nhận"),L14*500,""))) | U14: =IF(M14="","",IF(K14="× Công của người xả",M14*MAX(1,N(I14))/2*100,IF(OR(K14="% máu tối đa của người xả",K14="% máu tối đa của người nhận"),M14*500,""))) | V14: =IF(N14="","",IF(K14="× Công của người xả",N14*MAX(1,N(J14))/2*100,IF(OR(K14="% máu tối đa của người xả",K14="% máu tối đa của người nhận"),N14*500,"")))
A15: NV04 | B15: =IF(A15="","",IFERROR(IF(INDEX(NHÂN_VẬT!$B$6:$B$34,MATCH(A15,NHÂN_VẬT!$A$6:$A$34,0))="","",INDEX(NHÂN_VẬT!$B$6:$B$34,MATCH(A15,NHÂN_VẬT!$A$6:$A$34,0))),"mã không có")) -> HCM-SALE THẢO | C15: Nội tại | D15: Khi xả skill | E15: Xanh dương | F15: Buff chỉ số | G15: Bản thân | K15: % chỉ số (buff/debuff) | N15: 0.15 | R15: 2 | T15: =IF(L15="","",IF(K15="× Công của người xả",L15*MAX(1,N(H15))/2*100,IF(OR(K15="% máu tối đa của người xả",K15="% máu tối đa của người nhận"),L15*500,""))) | U15: =IF(M15="","",IF(K15="× Công của người xả",M15*MAX(1,N(I15))/2*100,IF(OR(K15="% máu tối đa của người xả",K15="% máu tối đa của người nhận"),M15*500,""))) | V15: =IF(N15="","",IF(K15="× Công của người xả",N15*MAX(1,N(J15))/2*100,IF(OR(K15="% máu tối đa của người xả",K15="% máu tối đa của người nhận"),N15*500,""))) | W15: +Công bản thân.
A16: NV05 | B16: =IF(A16="","",IFERROR(IF(INDEX(NHÂN_VẬT!$B$6:$B$34,MATCH(A16,NHÂN_VẬT!$A$6:$A$34,0))="","",INDEX(NHÂN_VẬT!$B$6:$B$34,MATCH(A16,NHÂN_VẬT!$A$6:$A$34,0))),"mã không có")) -> HCM-SALE DƯƠNG | C16: Skill nộ | D16: Đủ 100 nộ (skill nộ) | E16: Trắng | F16: Sát thương | G16: Địch ngẫu nhiên (nhiều mục tiêu) | H16: 2 | I16: 2 | J16: 3 | K16: × Công của người xả | L16: 1.1 | M16: 1.2 | N16: 1.3 | T16: =IF(L16="","",IF(K16="× Công của người xả",L16*MAX(1,N(H16))/2*100,IF(OR(K16="% máu tối đa của người xả",K16="% máu tối đa của người nhận"),L16*500,""))) -> 110 | U16: =IF(M16="","",IF(K16="× Công của người xả",M16*MAX(1,N(I16))/2*100,IF(OR(K16="% máu tối đa của người xả",K16="% máu tối đa của người nhận"),M16*500,""))) -> 120 | V16: =IF(N16="","",IF(K16="× Công của người xả",N16*MAX(1,N(J16))/2*100,IF(OR(K16="% máu tối đa của người xả",K16="% máu tối đa của người nhận"),N16*500,""))) -> 195 | W16: Mỗi mục tiêu. Tổng: 2,2 / 2,4 / 3,9 công.
A17: NV05 | B17: =IF(A17="","",IFERROR(IF(INDEX(NHÂN_VẬT!$B$6:$B$34,MATCH(A17,NHÂN_VẬT!$A$6:$A$34,0))="","",INDEX(NHÂN_VẬT!$B$6:$B$34,MATCH(A17,NHÂN_VẬT!$A$6:$A$34,0))),"mã không có")) -> HCM-SALE DƯƠNG | C17: Skill nộ | D17: Đủ 100 nộ (skill nộ) | E17: Xanh lá | F17: Gây trạng thái | G17: Cùng mục tiêu với thành phần 1 | P17: 0.1 | Q17: 0 | R17: 1 | S17: Làm chậm | T17: =IF(L17="","",IF(K17="× Công của người xả",L17*MAX(1,N(H17))/2*100,IF(OR(K17="% máu tối đa của người xả",K17="% máu tối đa của người nhận"),L17*500,""))) | U17: =IF(M17="","",IF(K17="× Công của người xả",M17*MAX(1,N(I17))/2*100,IF(OR(K17="% máu tối đa của người xả",K17="% máu tối đa của người nhận"),M17*500,""))) | V17: =IF(N17="","",IF(K17="× Công của người xả",N17*MAX(1,N(J17))/2*100,IF(OR(K17="% máu tối đa của người xả",K17="% máu tối đa của người nhận"),N17*500,""))) | W17: Chỉ ở Xanh lá. Xanh dương đổi sang Đóng băng (0% = tắt). Mỗi mục tiêu xét riêng.
A18: NV05 | B18: =IF(A18="","",IFERROR(IF(INDEX(NHÂN_VẬT!$B$6:$B$34,MATCH(A18,NHÂN_VẬT!$A$6:$A$34,0))="","",INDEX(NHÂN_VẬT!$B$6:$B$34,MATCH(A18,NHÂN_VẬT!$A$6:$A$34,0))),"mã không có")) -> HCM-SALE DƯƠNG | C18: Skill nộ | D18: Đủ 100 nộ (skill nộ) | E18: Xanh dương | F18: Gây trạng thái | G18: Cùng mục tiêu với thành phần 1 | Q18: 0.1 | R18: 1 | S18: Đóng băng | T18: =IF(L18="","",IF(K18="× Công của người xả",L18*MAX(1,N(H18))/2*100,IF(OR(K18="% máu tối đa của người xả",K18="% máu tối đa của người nhận"),L18*500,""))) | U18: =IF(M18="","",IF(K18="× Công của người xả",M18*MAX(1,N(I18))/2*100,IF(OR(K18="% máu tối đa của người xả",K18="% máu tối đa của người nhận"),M18*500,""))) | V18: =IF(N18="","",IF(K18="× Công của người xả",N18*MAX(1,N(J18))/2*100,IF(OR(K18="% máu tối đa của người xả",K18="% máu tối đa của người nhận"),N18*500,""))) | W18: Mỗi mục tiêu xét riêng.
A19: NV05 | B19: =IF(A19="","",IFERROR(IF(INDEX(NHÂN_VẬT!$B$6:$B$34,MATCH(A19,NHÂN_VẬT!$A$6:$A$34,0))="","",INDEX(NHÂN_VẬT!$B$6:$B$34,MATCH(A19,NHÂN_VẬT!$A$6:$A$34,0))),"mã không có")) -> HCM-SALE DƯƠNG | C19: Nội tại | D19: Cuối lượt (sau khi ra đòn) | E19: Xanh dương | F19: Hồi máu | G19: 1 đồng đội ngẫu nhiên | K19: % máu tối đa của người nhận | N19: 0.05 | Q19: 0.2 | T19: =IF(L19="","",IF(K19="× Công của người xả",L19*MAX(1,N(H19))/2*100,IF(OR(K19="% máu tối đa của người xả",K19="% máu tối đa của người nhận"),L19*500,""))) | U19: =IF(M19="","",IF(K19="× Công của người xả",M19*MAX(1,N(I19))/2*100,IF(OR(K19="% máu tối đa của người xả",K19="% máu tối đa của người nhận"),M19*500,""))) | V19: =IF(N19="","",IF(K19="× Công của người xả",N19*MAX(1,N(J19))/2*100,IF(OR(K19="% máu tối đa của người xả",K19="% máu tối đa của người nhận"),N19*500,""))) -> 25 | W19: Anh chốt: tung 20% ở cuối lượt, sau khi ra đòn.
A20: NV06 | B20: =IF(A20="","",IFERROR(IF(INDEX(NHÂN_VẬT!$B$6:$B$34,MATCH(A20,NHÂN_VẬT!$A$6:$A$34,0))="","",INDEX(NHÂN_VẬT!$B$6:$B$34,MATCH(A20,NHÂN_VẬT!$A$6:$A$34,0))),"mã không có")) -> HCM-SALE DUYÊN | C20: Skill nộ | D20: Đủ 100 nộ (skill nộ) | E20: Trắng | F20: Hồi máu | G20: Đồng đội % máu thấp nhất | H20: 1 | I20: 1 | J20: 1 | K20: % máu tối đa của người nhận | L20: 0.18 | M20: 0.22 | N20: 0.22 | T20: =IF(L20="","",IF(K20="× Công của người xả",L20*MAX(1,N(H20))/2*100,IF(OR(K20="% máu tối đa của người xả",K20="% máu tối đa của người nhận"),L20*500,""))) -> 90 | U20: =IF(M20="","",IF(K20="× Công của người xả",M20*MAX(1,N(I20))/2*100,IF(OR(K20="% máu tối đa của người xả",K20="% máu tối đa của người nhận"),M20*500,""))) -> 110 | V20: =IF(N20="","",IF(K20="× Công của người xả",N20*MAX(1,N(J20))/2*100,IF(OR(K20="% máu tối đa của người xả",K20="% máu tối đa của người nhận"),N20*500,""))) -> 110
A21: NV06 | B21: =IF(A21="","",IFERROR(IF(INDEX(NHÂN_VẬT!$B$6:$B$34,MATCH(A21,NHÂN_VẬT!$A$6:$A$34,0))="","",INDEX(NHÂN_VẬT!$B$6:$B$34,MATCH(A21,NHÂN_VẬT!$A$6:$A$34,0))),"mã không có")) -> HCM-SALE DUYÊN | C21: Skill nộ | D21: Đủ 100 nộ (skill nộ) | E21: Xanh dương | F21: Gây trạng thái | G21: Cùng mục tiêu với thành phần 1 | Q21: 0.1 | R21: 2 | S21: Điên tiết | T21: =IF(L21="","",IF(K21="× Công của người xả",L21*MAX(1,N(H21))/2*100,IF(OR(K21="% máu tối đa của người xả",K21="% máu tối đa của người nhận"),L21*500,""))) | U21: =IF(M21="","",IF(K21="× Công của người xả",M21*MAX(1,N(I21))/2*100,IF(OR(K21="% máu tối đa của người xả",K21="% máu tối đa của người nhận"),M21*500,""))) | V21: =IF(N21="","",IF(K21="× Công của người xả",N21*MAX(1,N(J21))/2*100,IF(OR(K21="% máu tối đa của người xả",K21="% máu tối đa của người nhận"),N21*500,""))) | W21: 2 lượt (anh chốt). Lượt hiện tại tính là lượt thứ nhất: người nhận đã ra đòn rồi thì coi như mất 1 lượt, chưa ra đòn thì được lượt này cộng lượt kế.
A22: NV06 | B22: =IF(A22="","",IFERROR(IF(INDEX(NHÂN_VẬT!$B$6:$B$34,MATCH(A22,NHÂN_VẬT!$A$6:$A$34,0))="","",INDEX(NHÂN_VẬT!$B$6:$B$34,MATCH(A22,NHÂN_VẬT!$A$6:$A$34,0))),"mã không có")) -> HCM-SALE DUYÊN | C22: Nội tại | D22: Đầu lượt | E22: Xanh dương | F22: Hồi nộ | G22: Đồng đội nộ thấp nhất | K22: Điểm nộ | N22: 5 | T22: =IF(L22="","",IF(K22="× Công của người xả",L22*MAX(1,N(H22))/2*100,IF(OR(K22="% máu tối đa của người xả",K22="% máu tối đa của người nhận"),L22*500,""))) | U22: =IF(M22="","",IF(K22="× Công của người xả",M22*MAX(1,N(I22))/2*100,IF(OR(K22="% máu tối đa của người xả",K22="% máu tối đa của người nhận"),M22*500,""))) | V22: =IF(N22="","",IF(K22="× Công của người xả",N22*MAX(1,N(J22))/2*100,IF(OR(K22="% máu tối đa của người xả",K22="% máu tối đa của người nhận"),N22*500,"")))
A23: NV07 | B23: =IF(A23="","",IFERROR(IF(INDEX(NHÂN_VẬT!$B$6:$B$34,MATCH(A23,NHÂN_VẬT!$A$6:$A$34,0))="","",INDEX(NHÂN_VẬT!$B$6:$B$34,MATCH(A23,NHÂN_VẬT!$A$6:$A$34,0))),"mã không có")) -> HCM-KẾ TOÁN THU | C23: Skill nộ | D23: Đủ 100 nộ (skill nộ) | E23: Trắng | F23: Buff chỉ số | G23: Cả đội mình | K23: % chỉ số (buff/debuff) | L23: 0.15 | M23: 0.17 | N23: 0.2 | R23: 2 | T23: =IF(L23="","",IF(K23="× Công của người xả",L23*MAX(1,N(H23))/2*100,IF(OR(K23="% máu tối đa của người xả",K23="% máu tối đa của người nhận"),L23*500,""))) | U23: =IF(M23="","",IF(K23="× Công của người xả",M23*MAX(1,N(I23))/2*100,IF(OR(K23="% máu tối đa của người xả",K23="% máu tối đa của người nhận"),M23*500,""))) | V23: =IF(N23="","",IF(K23="× Công của người xả",N23*MAX(1,N(J23))/2*100,IF(OR(K23="% máu tối đa của người xả",K23="% máu tối đa của người nhận"),N23*500,""))) | W23: +Công cả đội. Chưa quy được ra điểm ngân sách.
A24: NV07 | B24: =IF(A24="","",IFERROR(IF(INDEX(NHÂN_VẬT!$B$6:$B$34,MATCH(A24,NHÂN_VẬT!$A$6:$A$34,0))="","",INDEX(NHÂN_VẬT!$B$6:$B$34,MATCH(A24,NHÂN_VẬT!$A$6:$A$34,0))),"mã không có")) -> HCM-KẾ TOÁN THU | C24: Nội tại | D24: Khi đồng đội gục | E24: Xanh dương | F24: Hồi nộ | G24: Cả đội mình | K24: Điểm nộ | N24: 10 | T24: =IF(L24="","",IF(K24="× Công của người xả",L24*MAX(1,N(H24))/2*100,IF(OR(K24="% máu tối đa của người xả",K24="% máu tối đa của người nhận"),L24*500,""))) | U24: =IF(M24="","",IF(K24="× Công của người xả",M24*MAX(1,N(I24))/2*100,IF(OR(K24="% máu tối đa của người xả",K24="% máu tối đa của người nhận"),M24*500,""))) | V24: =IF(N24="","",IF(K24="× Công của người xả",N24*MAX(1,N(J24))/2*100,IF(OR(K24="% máu tối đa của người xả",K24="% máu tối đa của người nhận"),N24*500,"")))
A25: NV08 | B25: =IF(A25="","",IFERROR(IF(INDEX(NHÂN_VẬT!$B$6:$B$34,MATCH(A25,NHÂN_VẬT!$A$6:$A$34,0))="","",INDEX(NHÂN_VẬT!$B$6:$B$34,MATCH(A25,NHÂN_VẬT!$A$6:$A$34,0))),"mã không có")) -> HCM-SALE NHÂN | C25: Skill nộ | D25: Đủ 100 nộ (skill nộ) | E25: Trắng | F25: Sát thương | G25: 1 địch hàng sau ngẫu nhiên | H25: 1 | I25: 1 | J25: 1 | K25: × Công của người xả | L25: 1.7 | M25: 1.8 | N25: 1.85 | T25: =IF(L25="","",IF(K25="× Công của người xả",L25*MAX(1,N(H25))/2*100,IF(OR(K25="% máu tối đa của người xả",K25="% máu tối đa của người nhận"),L25*500,""))) -> 85 | U25: =IF(M25="","",IF(K25="× Công của người xả",M25*MAX(1,N(I25))/2*100,IF(OR(K25="% máu tối đa của người xả",K25="% máu tối đa của người nhận"),M25*500,""))) -> 90 | V25: =IF(N25="","",IF(K25="× Công của người xả",N25*MAX(1,N(J25))/2*100,IF(OR(K25="% máu tối đa của người xả",K25="% máu tối đa của người nhận"),N25*500,""))) -> 92.5 | W25: Bỏ qua hàng trước.
A26: NV08 | B26: =IF(A26="","",IFERROR(IF(INDEX(NHÂN_VẬT!$B$6:$B$34,MATCH(A26,NHÂN_VẬT!$A$6:$A$34,0))="","",INDEX(NHÂN_VẬT!$B$6:$B$34,MATCH(A26,NHÂN_VẬT!$A$6:$A$34,0))),"mã không có")) -> HCM-SALE NHÂN | C26: Skill nộ | D26: Đủ 100 nộ (skill nộ) | E26: Xanh dương | F26: Trừ nộ | G26: Cùng mục tiêu với thành phần 1 | K26: Điểm nộ | N26: 20 | Q26: 0.5 | T26: =IF(L26="","",IF(K26="× Công của người xả",L26*MAX(1,N(H26))/2*100,IF(OR(K26="% máu tối đa của người xả",K26="% máu tối đa của người nhận"),L26*500,""))) | U26: =IF(M26="","",IF(K26="× Công của người xả",M26*MAX(1,N(I26))/2*100,IF(OR(K26="% máu tối đa của người xả",K26="% máu tối đa của người nhận"),M26*500,""))) | V26: =IF(N26="","",IF(K26="× Công của người xả",N26*MAX(1,N(J26))/2*100,IF(OR(K26="% máu tối đa của người xả",K26="% máu tối đa của người nhận"),N26*500,"")))
A27: NV08 | B27: =IF(A27="","",IFERROR(IF(INDEX(NHÂN_VẬT!$B$6:$B$34,MATCH(A27,NHÂN_VẬT!$A$6:$A$34,0))="","",INDEX(NHÂN_VẬT!$B$6:$B$34,MATCH(A27,NHÂN_VẬT!$A$6:$A$34,0))),"mã không có")) -> HCM-SALE NHÂN | C27: Nội tại | D27: Khi đánh trúng mục tiêu máu dưới 30% | E27: Xanh dương | F27: Sát thương | G27: 1 địch (hàng trước trước, random trong hàng) | K27: % sát thương cộng thêm | N27: 0.2 | T27: =IF(L27="","",IF(K27="× Công của người xả",L27*MAX(1,N(H27))/2*100,IF(OR(K27="% máu tối đa của người xả",K27="% máu tối đa của người nhận"),L27*500,""))) | U27: =IF(M27="","",IF(K27="× Công của người xả",M27*MAX(1,N(I27))/2*100,IF(OR(K27="% máu tối đa của người xả",K27="% máu tối đa của người nhận"),M27*500,""))) | V27: =IF(N27="","",IF(K27="× Công của người xả",N27*MAX(1,N(J27))/2*100,IF(OR(K27="% máu tối đa của người xả",K27="% máu tối đa của người nhận"),N27*500,"")))
A28: NV08 | B28: =IF(A28="","",IFERROR(IF(INDEX(NHÂN_VẬT!$B$6:$B$34,MATCH(A28,NHÂN_VẬT!$A$6:$A$34,0))="","",INDEX(NHÂN_VẬT!$B$6:$B$34,MATCH(A28,NHÂN_VẬT!$A$6:$A$34,0))),"mã không có")) -> HCM-SALE NHÂN | C28: Nội tại | D28: Khi skill nộ hạ gục địch | E28: Xanh dương | F28: Hồi nộ | G28: Bản thân | K28: Điểm nộ | N28: 50 | T28: =IF(L28="","",IF(K28="× Công của người xả",L28*MAX(1,N(H28))/2*100,IF(OR(K28="% máu tối đa của người xả",K28="% máu tối đa của người nhận"),L28*500,""))) | U28: =IF(M28="","",IF(K28="× Công của người xả",M28*MAX(1,N(I28))/2*100,IF(OR(K28="% máu tối đa của người xả",K28="% máu tối đa của người nhận"),M28*500,""))) | V28: =IF(N28="","",IF(K28="× Công của người xả",N28*MAX(1,N(J28))/2*100,IF(OR(K28="% máu tối đa của người xả",K28="% máu tối đa của người nhận"),N28*500,""))) | W28: Anh chốt: chỉ khi skill nộ (Mũi Dao Sau Lưng, 1 mục tiêu) hạ gục địch, đòn thường thì không.
A29: NV09 | B29: =IF(A29="","",IFERROR(IF(INDEX(NHÂN_VẬT!$B$6:$B$34,MATCH(A29,NHÂN_VẬT!$A$6:$A$34,0))="","",INDEX(NHÂN_VẬT!$B$6:$B$34,MATCH(A29,NHÂN_VẬT!$A$6:$A$34,0))),"mã không có")) -> HCM-PHỤ KHO ANH LÂM | C29: Skill nộ | D29: Đủ 100 nộ (skill nộ) | E29: Trắng | F29: Sát thương | G29: 1 địch hàng trước bất kỳ và 1 địch ngay sau (nếu có) | H29: 2 | I29: 2 | J29: 2 | K29: × Công của người xả | L29: 2 | M29: 2.2 | N29: 2.4 | T29: =IF(L29="","",IF(K29="× Công của người xả",L29*MAX(1,N(H29))/2*100,IF(OR(K29="% máu tối đa của người xả",K29="% máu tối đa của người nhận"),L29*500,""))) -> 200 | U29: =IF(M29="","",IF(K29="× Công của người xả",M29*MAX(1,N(I29))/2*100,IF(OR(K29="% máu tối đa của người xả",K29="% máu tối đa của người nhận"),M29*500,""))) -> 220 | V29: =IF(N29="","",IF(K29="× Công của người xả",N29*MAX(1,N(J29))/2*100,IF(OR(K29="% máu tối đa của người xả",K29="% máu tối đa của người nhận"),N29*500,""))) -> 240 | W29: ×2,0 / 2,2 / 2,4 áp cho MỖI mục tiêu (anh xác nhận) nên tổng 200 điểm ngân sách. Nếu không có địch ngay sau thì chỉ đánh 1 mục tiêu.
A30: NV09 | B30: =IF(A30="","",IFERROR(IF(INDEX(NHÂN_VẬT!$B$6:$B$34,MATCH(A30,NHÂN_VẬT!$A$6:$A$34,0))="","",INDEX(NHÂN_VẬT!$B$6:$B$34,MATCH(A30,NHÂN_VẬT!$A$6:$A$34,0))),"mã không có")) -> HCM-PHỤ KHO ANH LÂM | C30: Skill nộ | D30: Đủ 100 nộ (skill nộ) | E30: Xanh dương | F30: Gây trạng thái | G30: Cùng mục tiêu với thành phần 1 | Q30: 0.1 | R30: 1 | S30: Choáng | T30: =IF(L30="","",IF(K30="× Công của người xả",L30*MAX(1,N(H30))/2*100,IF(OR(K30="% máu tối đa của người xả",K30="% máu tối đa của người nhận"),L30*500,""))) | U30: =IF(M30="","",IF(K30="× Công của người xả",M30*MAX(1,N(I30))/2*100,IF(OR(K30="% máu tối đa của người xả",K30="% máu tối đa của người nhận"),M30*500,""))) | V30: =IF(N30="","",IF(K30="× Công của người xả",N30*MAX(1,N(J30))/2*100,IF(OR(K30="% máu tối đa của người xả",K30="% máu tối đa của người nhận"),N30*500,""))) | W30: Mỗi mục tiêu bị đánh xét xác suất riêng.
